Book Id,Title,Author,Author l-f,Additional Authors,ISBN,ISBN13,My Rating,Publisher,Binding,Number of Pages,Year Published,Original Publication Year,Date Read,Date Added,Bookshelves,Bookshelves with positions,Exclusive Shelf,My Review,Spoiler,Private Notes,Read Count,Owned Copies,read_dates,genres,n_ratings,avg_rating,category
144977,The Tender Bar: A Memoir,J.R. Moehringer,"Moehringer, J.R.",,"=""0786888768""","=""9780786888764""",0,Hyperion,Paperback,416,2006,2005,,2026/09/17,2026,2026 (#30),2026,,,,0,0,,,,,
12998980,A Monster Calls,Patrick Ness,"Ness, Patrick",Jim Kay,"=""1406339342""","=""9781406339345""",5.0,Walker Books Ltd,Paperback,215,2012,2011,2026/09/17,2026/09/14,,,read,"tell me why I am sitting in my econ classroom and crying at the end of this book, it had no right to make it so painful. ",,,1,0,"2026-09-16,2026-09-17",Fantasy|6012;Young Adult|4647;Fiction|2869;Ya|2292;Horror|2044;Books I Own|1474;Middle Grade|1139;Contemporary|983;Magical Realism|844,297469,4.34,fiction
769712,Palestine,Joe Sacco,"Sacco, Joe",Edward W. Said,"=""156097432X""","=""9781560974321""",5.0,Fantagraphics Books,Paperback,288,2001,1993,2026/09/11,2021/05/15,,,read,,,,1,0,"2026-08-18,2026-09-11",Graphic Novels|1322;Comics|785;Graphic Novel|691;Non Fiction|676;History|400;Palestine|337;Nonfiction|280;Politics|248;Middle East|150,22475,4.26,nonfiction
2767052,"The Hunger Games (The Hunger Games, #1)",Suzanne Collins,"Collins, Suzanne",,"=""0439023483""","=""9780439023481""",5.0,Scholastic Press,Hardcover,374,2008,2008,2026/09/11,2026/07/27,,,read,,,,1,0,"2026-08-18,2026-09-11",Young Adult|36716;Dystopian|25610;Fiction|23223;Fantasy|20960;Ya|17833;Dystopia|16773;Science Fiction|13026;Books I Own|12599;Sci Fi|10575;Series|7644;Romance|5915;Hunger Games|4244;Adventure|4100,10290082,4.36,fiction
51323334,"Slaughterhouse-Five, or the Children's Crusade: A Graphic Novel Adaptation",Ryan North,"North, Ryan","Kurt Vonnegut Jr., Albert Monteys","=""1684156254""","=""9781684156252""",5.0,BOOM! Studios,Hardcover,192,2020,2020,2021/04/19,2021/04/05,,,read,,,,1,0,",2021-04-19",Graphic Novels|361;Graphic Novel|256;Comics|243;Fiction|205;Classics|170;Science Fiction|136;Sci Fi|99;Historical Fiction|81;Comic|69;War|65;Classic|48;Time Travel|37;Comics Graphic Novels|37,21509,4.37,fiction
39337278,"Fantastic Beasts - The Crimes of Grindelwald: The Original Screenplay (Fantastic Beasts: The Original Screenplay, #2)",J.K. Rowling,"Rowling, J.K.",,"=""1408711702""","=""9781408711705""",3.0,"Little, Brown Book Group",Hardcover,287,2014,2018,2019/02/05,2021/03/05,,,read,,,,1,0,",2019-02-05",Fantasy|1732;Books I Own|615;Harry Potter|598;Fiction|370;Young Adult|273;My Library|190;Owned Books|188,52946,4.02,fiction
35959740,Circe,Madeline Miller,"Miller, Madeline",,"=""0316556343""","=""9780316556347""",5.0,"Little, Brown and Company",Hardcover,393,2018,2018,2020/10/18,2021/01/25,,,read,,,,1,0,",2020-10-18",Fantasy|21300;Mythology|12282;Fiction|12247;Historical Fiction|7091;Books I Own|4794;Greek Mythology|4040;Book Club|3969;Audiobooks|2588;Retellings|2567;Historical|2225,1479037,4.22,fiction
37903770,Norse Mythology,Neil Gaiman,"Gaiman, Neil",,"=""""","=""""",5.0,W. W. Norton & Company,Paperback,301,2018,2017,2022/06/07,2022/06/05,,,read,,,,1,0,",2022-06-07",Fantasy|8663;Mythology|6596;Fiction|4007;Audiobooks|1919;Short Stories|1532;Non Fiction|1083;Books I Own|1060;History|910;Audio|878,349107,4.09,fiction
40275288,"The Priory of the Orange Tree (The Roots of Chaos, #1)",Samantha Shannon,"Shannon, Samantha",,"=""1408883457""","=""9781408883457""",4.0,Bloomsbury Publishing,ebook,848,2019,2019,2021/09/22,2021/09/29,,,read,,,,1,0,",2021-09-22",Fantasy|21300;Books I Own|3046;Fiction|2459;Lgbtq|2258,301821,4.16,fiction
28857930,Hotel Valhalla Guide to the Norse Worlds,Rick Riordan,"Riordan, Rick",Yori Elita Narpati,"=""1484785541""","=""9781484785546""",4.0,Disney-Hyperion Books,Hardcover,176,2016,2016,2020/09/15,2021/03/05,,,read,,,,1,0,",2020-09-15",Fantasy|429;Mythology|330;Rick Riordan|273;Young Adult|134;Books I Own|134;Middle Grade|123;Riordanverse|119;Fiction|80;Percy Jackson|75;Magnus Chase|56;Ya|54;To Buy|53;Series|45,12858,3.92,fiction
35711311,"Magnus Chase and the Ship of the Dead (Magnus Chase and the Gods of Asgard, #3)",Rick Riordan,"Riordan, Rick",,"=""0141342595""","=""9780141342597""",4.0,Puffin,Paperback,456,2017,2017,2020/09/10,2021/03/05,,,read,,,,1,0,",2020-09-10",Fantasy|3272;Mythology|1622;Young Adult|1036;Rick Riordan|1027;Books I Own|894;Middle Grade|734;Ya|525;Fiction|498;Lgbtq|353;Riordanverse|350;Series|346,110910,4.36,fiction
32021586,"Magnus Chase and the Hammer of Thor (Magnus Chase and the Gods of Asgard, #2)",Rick Riordan,"Riordan, Rick",,"=""0141342552""","=""9780141342559""",4.0,Puffin/Penquin,Paperback,496,2016,2016,2020/09/04,2021/03/05,,,read,,,,1,0,",2020-09-04",Fantasy|3931;Mythology|1928;Young Adult|1278;Rick Riordan|1172;Books I Own|1096;Middle Grade|855;Ya|664;Fiction|612;Series|416,134824,4.29,fiction
29847078,Magnus Chase and the Sword of Summer,Rick Riordan,"Riordan, Rick",,"=""0141342447""","=""9780141342443""",4.0,Puffin,Paperback,500,2016,2015,2020/08/05,2021/03/05,,,read,,,,1,0,",2020-08-05",Fantasy|6476;Mythology|2943;Young Adult|2131;Books I Own|1589;Rick Riordan|1429;Middle Grade|1377;Ya|1131;Fiction|980;Series|736;Adventure|669,247893,4.23,fiction
12000020,"Aristotle and Dante Discover the Secrets of the Universe (Aristotle and Dante, #1)",Benjamin Alire Sáenz,"Sáenz, Benjamin Alire",,"=""1442408928""","=""9781442408920""",5.0,Simon & Schuster Books for Young Readers,Hardcover,390,2012,2012,2021/03/01,2021/03/02,,,read,,,,1,0,",2021-03-01",Young Adult|8683;Romance|6153;Lgbtq|5549;Ya|5415;Lgbt|5168;Fiction|4118;Contemporary|4072;Queer|3136;Books I Own|2722;Lgbtqia|1912;Coming Of Age|1409;Audiobooks|1391;Favs|1035;Realistic Fiction|980;5 Stars|891;Gay|876,694931,4.28,fiction
286957,The Yellow Wall-Paper,Charlotte Perkins Gilman,"Gilman, Charlotte Perkins",Elaine R. Hedges,"=""1558611584""","=""9781558611580""",5.0,The Feminist Press at CUNY,Paperback,62,1996,1892,2021/11/23,2021/11/22,,,read,,,,1,0,",2021-11-23",Classics|11170;Short Stories|6103;Fiction|4629;Horror|4067;Feminism|2123;Gothic|1668;Classic|1386;Short Story|1121,388176,4.06,fiction
12615008,"Revolution 2020: Love, Corruption, Ambition",Chetan Bhagat,"Bhagat, Chetan",,"=""8129118807""","=""9788129118806""",1.0,Rupa Publications,Paperback,296,2011,2011,2017/01/19,2021/04/13,,,read,,,,1,0,",2017-01-19",Fiction|429;Romance|198;Chetan Bhagat|194;Indian Authors|100;Indian|95;Books I Own|66;India|62;English|61;Indian Author|46;Indian Fiction|44,66703,3.12,fiction
35521513,Turtles All the Way Down,John  Green,"Green, John",,"=""0241335434""","=""9780241335437""",4.0,Dutton,Hardcover,304,2017,2017,2021/03/03,2021/03/02,,,read,,,,1,0,",2021-03-03",Young Adult|6992;Fiction|4467;Ya|4371;Contemporary|3117;Books I Own|3054;Mental Health|1766;Romance|1521;Audiobooks|962;Mystery|738;Realistic Fiction|733,661516,3.87,fiction
27362503,"It Ends with Us (It Ends with Us, #1)",Colleen Hoover,"Hoover, Colleen",,"=""1668021048""","=""9781668021040""",1.0,Atria Books,Kindle Edition,386,2023,2016,2022/02/26,2021/04/13,,,read,,,,3,0,"2022-02-26,2022-02-26;2022-02-26,2022-02-26;,2022-02-26",Romance|22510;Fiction|6425;Books I Own|6030;Contemporary|4404;Colleen Hoover|4206,4838889,4.06,fiction
11870085,The Fault in Our Stars,John  Green,"Green, John",,"=""""","=""""",4.0,Dutton Books,Hardcover,313,2012,2012,2016/08/10,2021/01/27,,,read,,,,1,0,",2016-08-10",Young Adult|23951;Romance|18580;Fiction|14228;Ya|12280;Books I Own|8778;Contemporary|7928;Realistic Fiction|2600;Book Club|2414,5888121,4.12,fiction
11505797,"Beautiful Disaster (Beautiful, #1)",Jamie McGuire,"McGuire, Jamie",,"=""""","=""""",4.0,Jamie McGuire,Kindle Edition,432,2011,2011,2021/01/08,2021/01/23,,,read,,,,1,0,",2021-01-08",Romance|7401;New Adult|2823;Contemporary|1844;Young Adult|1569;Contemporary Romance|1144;Books I Own|1097;Series|961;College|923;Fiction|868;Ya|752,712850,3.99,fiction
12893742,"The Serpent's Shadow (The Kane Chronicles, #3)",Rick Riordan,"Riordan, Rick",,"=""1423140575""","=""9781423140573""",4.0,Hyperion Books,Hardcover,406,2012,2012,2022/07/28,2021/07/27,,,read,,,,1,0,",2022-07-28",Fantasy|4545;Mythology|2167;Rick Riordan|1562;Young Adult|1545;Books I Own|1230;Middle Grade|880;Fiction|795;Ya|716;Adventure|565;Series|506,186118,4.27,fiction
13623848,The Song of Achilles,Madeline Miller,"Miller, Madeline",,"=""""","=""""",5.0,Ecco,Paperback,408,2012,2011,2022/04/13,2022/04/13,,,read,,,,1,0,",2020-12-05;,2022-04-13",Fantasy|14789;Historical Fiction|12509;Romance|12465;Fiction|11534;Mythology|11304;Books I Own|6665;Lgbtq|6500;Lgbt|5442;Queer|4623;Greek Mythology|4153;Historical|3985;Favs|2575;Book Club|2571;Audiobooks|2565;Retellings|2303;5 Stars|2276;Lgbtqia|2135;Bookshelf|1813;Owned Books|1634;My Library|1555,2186614,4.3,fiction
9067850,"The Throne of Fire (The Kane Chronicles, #2)",Rick Riordan,"Riordan, Rick",,"=""1423140567""","=""9781423140566""",4.0,Hyperion Books for Children,Hardcover,452,2011,2011,2021/07/14,2021/07/26,,,read,,,,1,0,",2021-07-14",Fantasy|5455;Mythology|2504;Young Adult|1886;Rick Riordan|1733;Books I Own|1450;Middle Grade|1024;Fiction|943;Ya|869;Adventure|681;Series|589,233894,4.18,fiction
7090447,"The Red Pyramid (The Kane Chronicles, #1)",Rick Riordan,"Riordan, Rick",,"=""1423113381""","=""9781423113386""",4.0,Disney Hyperion,Hardcover,528,2010,2010,2021/07/04,2021/07/26,,,read,,,,1,0,",2021-07-04",Fantasy|8494;Mythology|3468;Young Adult|3123;Rick Riordan|1990;Books I Own|1834;Middle Grade|1580;Fiction|1505;Ya|1396;Adventure|1131;Series|1035,434556,4.1,fiction
6969361,2 States: The Story of My Marriage,Chetan Bhagat,"Bhagat, Chetan",,"=""8129115301""","=""9788129115300""",1.0,Rupa & Co,Paperback,269,2009,2009,2015/08/08,2021/04/13,,,read,,,,1,0,",2015-08-08",Fiction|662;Romance|450;Chetan Bhagat|204;Indian Authors|180;Indian|166;India|142;English|81;Books I Own|78;Indian Fiction|74;Indian Author|68,99722,3.44,fiction
100915,"The Lion, the Witch and the Wardrobe (Chronicles of Narnia, #1)",C.S. Lewis,"Lewis, C.S.","Tormod Haugen, Per Svein Paulsen","=""""","=""""",5.0,HarperCollins Publishers,Paperback,206,2005,1950,2021/03/06,2021/03/06,,,read,Narnia feels like home 🖤,,,1,0,",2021-03-06",Fantasy|35602;Classics|14535;Fiction|10600;Young Adult|5452;Childrens|4510,3230748,4.24,fiction
3,"Harry Potter and the Sorcerer's Stone (Harry Potter, #1)",J.K. Rowling,"Rowling, J.K.",,"=""0439554934""","=""9780439554930""",5.0,Scholastic Inc,Hardcover,309,2003,1997,2015/12/17,2021/03/02,,,read,,,,1,0,",2015-12-17",Fantasy|90643;Fiction|26201;Young Adult|21590;Harry Potter|17738;Books I Own|14593,11837170,4.47,fiction
48855,The Diary of a Young Girl,Anne Frank,"Frank, Anne","Eleanor Roosevelt, Susan Massotty, Γιάννης Θωμόπουλος, Barbara Mooyaart-Doubleday, Otto H. Frank, Mirjam Pressler","=""""","=""""",5.0,Bantam,Mass Market Paperback,340,1993,1947,2016/12/19,2021/01/23,,,read,,,,1,0,",2016-12-19",Classics|21370;Non Fiction|19849;History|8888;Nonfiction|8157;Biography|7627;Memoir|5692;Books I Own|3375;Classic|3168;Historical|3143;Young Adult|2500;Holocaust|2219;Memoirs|2165,4335769,4.2,nonfiction
77203,The Kite Runner,Khaled Hosseini,"Hosseini, Khaled",,"=""159463193X""","=""9781594631931""",5.0,Riverhead Books,Paperback,371,2004,2003,2021/01/02,2021/01/23,,,read,,,,2,1,",2021-01-02;,2021-01-02",Fiction|21178;Historical Fiction|10257;Books I Own|4062;Classics|3900;Contemporary|2468;Book Club|2363,3615039,4.36,fiction
4069,Man's Search for Meaning,Viktor E. Frankl,"Frankl, Viktor E.","Harold S. Kushner, William J. Winslade, Ilse Lasch","=""080701429X""","=""9780807014295""",4.0,Beacon Press,Paperback,165,2006,1946,2021/09/02,2021/01/23,,,read,,,,1,0,",2021-09-02",Non Fiction|11981;Psychology|9597;Philosophy|8972;Nonfiction|4901;History|3338;Self Help|3245;Memoir|2767;Biography|2159;Classics|2108,940643,4.37,nonfiction
6442769,Paper Towns,John  Green,"Green, John",Gázsity Mila,"=""014241493X""","=""9780142414934""",3.0,Speak,Paperback,305,2009,2008,2016/09/17,2021/03/08,,,read,,,,1,0,",2016-09-17",Young Adult|11692;Ya|6289;Books I Own|5297;Fiction|5197;Contemporary|4293;Romance|3621;Mystery|2018;John Green|1674;Owned Books|1334;Realistic Fiction|1174,1521828,3.7,fiction
3320520,The 3 Mistakes of My Life,Chetan Bhagat,"Bhagat, Chetan",,"=""8129113724""","=""9788129113726""",1.0,Rupa & Co.,Paperback,258,2008,2008,2015/06/05,2021/04/13,,,read,,,,1,0,",2015-06-05",Fiction|630;Chetan Bhagat|187;Indian Authors|152;Indian|132;India|91;Romance|89;English|72;Books I Own|67,79675,3.07,fiction
28187,"The Lightning Thief (Percy Jackson and the Olympians, #1)",Rick Riordan,"Riordan, Rick",,"=""0786838655""","=""9780786838653""",5.0,Disney Hyperion Books,Paperback,377,2006,2005,2016/10/03,2021/01/23,,,read,,,,1,0,",2016-10-03",Fantasy|37633;Young Adult|12563;Mythology|9615;Fiction|7643;Books I Own|7048;Ya|6287;Middle Grade|5733;Series|4274;Percy Jackson|4212,3566408,4.31,fiction
960,"Angels & Demons (Robert Langdon, #1)",Dan    Brown,"Brown, Dan",,"=""1416524797""","=""9781416524793""",3.0,Pocket Books,Mass Market Paperback,736,2006,2000,2018/03/04,2021/04/13,,,read,,,,1,0,",2018-03-04",Fiction|14304;Mystery|8310;Thriller|7852;Dan Brown|3195;Books I Own|2454;Mystery Thriller|2054;Suspense|1627;Series|1588,3462597,3.96,fiction
128029,A Thousand Splendid Suns,Khaled Hosseini,"Hosseini, Khaled",,"=""1594489505""","=""9781594489501""",5.0,Riverhead Books,Hardcover,372,2007,2007,2021/01/23,2021/01/23,,,read,,,,1,1,",2021-01-23",Fiction|13412;Historical Fiction|7977;Books I Own|2832;Book Club|2202;Contemporary|1626;Afghanistan|1355;Historical|1344,1822026,4.46,fiction
6533485,Hell is the Absence of God,Ted Chiang,"Chiang, Ted",James Trimarco,"=""""","=""""",5.0,"Escape Artists, Inc.",Audiobook,30,2009,2001,2022/03/12,2022/03/10,,,read,,,,1,0,",2022-03-12",Short Stories|124;Fiction|97;Science Fiction|79;Fantasy|78;Sci Fi|59;Religion|36;Short Story|28;Philosophy|23;Scifi|22;Shorts|16;Short Fiction|14;Sf|13,2952,4.03,fiction
41865,"Twilight (The Twilight Saga, #1)",Stephenie Meyer,"Meyer, Stephenie",,"=""0316015849""","=""9780316015844""",2.0,"Little, Brown and Company",Paperback,544,2006,2005,2014/11/01,2021/03/08,,,read,,,,1,0,",2014-11-01",Fantasy|27151;Young Adult|22304;Romance|17945;Ya|10206;Fiction|10034;Vampires|9521;Books I Own|8245;Paranormal|6677;Series|5087;Vampire|3770;Twilight|3698,7518343,3.68,fiction
6,"Harry Potter and the Goblet of Fire (Harry Potter, #4)",J.K. Rowling,"Rowling, J.K.",Mary GrandPré,"=""0439139597""","=""9780439139595""",4.0,Scholastic,Paperback,734,2002,2000,2016/06/10,2021/03/08,,,read,,,,1,0,",2016-06-10",Fantasy|69657;Fiction|19108;Young Adult|18336;Harry Potter|14296;Books I Own|11718;Ya|7306,4359060,4.57,fiction
136251,"Harry Potter and the Deathly Hallows (Harry Potter, #7)",J.K. Rowling,"Rowling, J.K.",,"=""""","=""""",4.0,Arthur A. Levine Books,Hardcover,759,2007,2007,2016/07/10,2021/03/08,,,read,,,,1,0,",2016-07-10",Fantasy|64987;Fiction|17902;Young Adult|17819;Harry Potter|13382;Books I Own|11139;Ya|7289,4237668,4.62,fiction
5,"Harry Potter and the Prisoner of Azkaban (Harry Potter, #3)",J.K. Rowling,"Rowling, J.K.",Mary GrandPré,"=""043965548X""","=""9780439655484""",5.0,Scholastic Inc.,Mass Market Paperback,547,2004,1999,2016/06/05,2021/03/08,,,read,,,,1,0,",2016-06-05",Fantasy|72929;Fiction|20251;Young Adult|18237;Harry Potter|14895;Books I Own|12405,5055350,4.58,fiction
11297,Norwegian Wood,Haruki Murakami,"Murakami, Haruki",Jay Rubin,"=""""","=""""",5.0,Vintage Books,Paperback,296,2000,1987,2021/03/01,2021/03/01,,,read,,,,1,0,",2021-03-01",Fiction|9543;Romance|2674;Japan|2600;Japanese|2038;Contemporary|1758;Japanese Literature|1654;Books I Own|1556;Murakami|1419;Classics|1295;Literary Fiction|1015;Novels|991,773825,3.98,fiction
2477223,Managing Oneself (Harvard Business Review Classics),Peter F. Drucker,"Drucker, Peter F.",,"=""142212312X""","=""9781422123126""",2.0,Harvard Business Press,Paperback,72,2008,1999,2021/09/06,2021/08/11,,,read,,,,1,0,",2021-09-06",Business|447;Self Help|275;Non Fiction|263;Management|143;Personal Development|133;Self Improvement|128;Leadership|126;Productivity|95;Nonfiction|84;Self Development|84;Psychology|60;Career|48,14832,3.97,nonfiction
22628,The Perks of Being a Wallflower,Stephen Chbosky,"Chbosky, Stephen",,"=""""","=""""",5.0,MTV Books/Pocket Books,Hardcover,240,1999,1999,2021/01/25,2021/01/23,,,read,"There wouldn't ever come a day when this book will not be in my top favorites! It has a special place in my heart, cause being a wallflower is what I can relate to. The story is written with extreme care and caution when it comes to dealing with trauma. The coming of age story that everyone should read once.",,,1,1,",2021-01-25",Young Adult|14715;Fiction|11320;Ya|7607;Contemporary|5666;Books I Own|5656;Classics|3090;Coming Of Age|2922;Romance|2373;Mental Health|1930;Favs|1786;Realistic Fiction|1505,2075437,4.24,fiction
3869,A Brief History of Time,Stephen W. Hawking,"Hawking, Stephen W.",,"=""0553380168""","=""9780553380163""",4.0,Bantam Books,Paperback,226,1998,1988,2014/03/11,2021/04/03,,,read,,,,1,0,",2014-03-11",Science|12701;Non Fiction|9357;Nonfiction|3226;Physics|2333;History|1309,494133,4.21,nonfiction
40490167,Maus I: Un Survivant Raconte: Mon Père Saigne L'histoire,Art Spiegelman,"Spiegelman, Art",,"=""2080660292""","=""9782080660299""",5.0,Flammarion,Paperback,159,2018,1986,2020/02/07,2021/01/23,,,read,,,,1,0,",2020-02-07",Graphic Novels|5706;Graphic Novel|3643;Comics|2604;History|2323;Non Fiction|2184;Nonfiction|1374;Memoir|1128;Historical Fiction|893;Holocaust|867;Biography|824;Historical|743;War|640;Fiction|636,386807,4.39,nonfiction
15195,The Complete Maus,Art Spiegelman,"Spiegelman, Art",,"=""0141014083""","=""9780141014081""",5.0,Penguin Books,Paperback,296,2003,1992,2020/02/14,2021/01/23,,,read,,,,1,0,",2020-02-14",Graphic Novels|6736;Graphic Novel|4081;Comics|3836;Non Fiction|2473;History|2263;Nonfiction|1193;Memoir|914;Biography|857;Fiction|826;Comic|815;Historical|777;Historical Fiction|757;Classics|695,265589,4.58,nonfiction
821611,The Story of My Life,Helen Keller,"Keller, Helen",,"=""0553213873""","=""9780553213874""",4.0,Bantam Classics,Mass Market Paperback,240,1990,1902,2016/03/19,2021/03/06,,,read,,,,1,0,",2016-03-19",Non Fiction|1618;Biography|1273;Classics|781;Nonfiction|738;Memoir|679;History|376;Biographies|363;Autobiography|347;Biography Memoir|276;Memoirs|259;Books I Own|164,152393,4.07,nonfiction
13496,"A Game of Thrones (A Song of Ice and Fire, #1)",George R.R. Martin,"Martin, George R.R.",,"=""""","=""""",5.0,Bantam,Mass Market Paperback,835,2005,1996,2017/04/27,2021/03/08,,,read,,,,1,0,",2017-04-27",Fantasy|58650;Fiction|13261,2819609,4.45,fiction
17184,The Invisible Man,H.G. Wells,"Wells, H.G.",Scott Westerfeld,"=""0451528522""","=""9780451528520""",4.0,New American Library/Penguin Books,Mass Market Paperback,192,2002,1897,2015/03/15,2022/04/13,,,read,,,,1,0,",2015-03-15",Classics|7318;Science Fiction|4109;Fiction|3389;Sci Fi|3321;Classic|1273;Horror|1055;Fantasy|759,225278,3.63,fiction
99561,Looking for Alaska,John  Green,"Green, John",,"=""1435249151""","=""9781435249158""",5.0,Speak,Paperback,221,2006,2005,2017/04/27,2021/01/23,,,read,,,,1,0,",2017-04-27",Young Adult|14261;Ya|7611;Fiction|7055;Books I Own|5858;Contemporary|4787;Romance|4395;John Green|1754;Coming Of Age|1454;Realistic Fiction|1436,1787999,3.96,fiction
11127,"The Chronicles of Narnia (The Chronicles of Narnia, #1-7)",C.S. Lewis,"Lewis, C.S.",Pauline Baynes,"=""0066238501""","=""9780066238500""",4.0,HarperCollins,Paperback,767,2014,1956,2022/03/30,2022/03/29,,,read,,,,1,0,",2022-03-30",Fantasy|14740;Classics|5476;Fiction|4719;Young Adult|2278;Books I Own|2156;Childrens|1572,723532,4.28,fiction
634583,Wings of Fire: An Autobiography,A.P.J. Abdul Kalam,"Kalam, A.P.J. Abdul",Arun Tiwari,"=""8173711461""","=""9788173711466""",5.0,Universities Press,Paperback,180,2011,1999,2021/01/28,2021/01/25,,,read,,,,1,0,",2021-01-28",Biography|502;Non Fiction|405;Autobiography|285;Biographies|171;India|107;Indian Authors|59;Books I Own|59;Indian|59;Inspirational|55,55564,4.29,nonfiction
35167685,"""Surely You're Joking, Mr. Feynman!"": Adventures of a Curious Character",Richard P. Feynman,"Feynman, Richard P.","Ralph Leighton, Edward Hutchings, Bill Gates","=""0393355624""","=""9780393355628""",5.0,W. W. Norton & Company,Paperback,400,2018,1985,2025/03/10,2021/01/27,,,read,,,,2,0,"2025-02-23,2025-03-10;,2025-03-10",Science|4096;Non Fiction|3665;Biography|2978;Nonfiction|1377;Physics|999;Memoir|820;Biographies|619;Autobiography|451,223676,4.26,nonfiction
248704,It's Kind of a Funny Story,Ned Vizzini,"Vizzini, Ned",,"=""078685197X""","=""9780786851973""",4.0,Disney Hyperion,Paperback,444,2007,2006,2021/03/16,2021/03/08,,,read,,,,1,0,",2021-03-16",Young Adult|3210;Ya|1862;Fiction|1775;Books I Own|1549;Mental Health|1421;Contemporary|1316;Mental Illness|501;Realistic Fiction|432;Romance|360;Owned Books|343;To Buy|332;Coming Of Age|325,264826,4.07,fiction
11125,Digital Fortress,Dan    Brown,"Brown, Dan",,"=""""","=""""",3.0,Corgi books,Paperback,510,2004,1998,2021/08/08,2021/08/06,,,read,,,,1,0,",2021-08-08",Fiction|4912;Thriller|3412;Dan Brown|2188;Mystery|2039;Books I Own|818;Suspense|656;Mystery Thriller|648;Crime|493,674012,3.71,fiction
253646659,Fractured Communities,Umar Khalid,"Khalid, Umar",,"=""9353454867""","=""9789353454869""",0,Juggernaut,Kindle Edition,402,2026,,,2026/08/29,to-read,to-read (#1444),to-read,,,,0,0,,,,,
10245602,Poor Economics: A Radical Rethinking of the Way to Fight Global Poverty,Abhijit V. Banerjee,"Banerjee, Abhijit V.",Esther Duflo,"=""1586487981""","=""9781586487980""",0,PublicAffairs,Hardcover,320,2011,2011,,2026/08/29,to-read,to-read (#1443),to-read,,,,0,0,,,,,
41795733,Range: Why Generalists Triumph in a Specialized World,David   Epstein,"Epstein, David",,"=""0735214484""","=""9780735214484""",0,Riverhead Books,Hardcover,339,2019,2019,,2026/08/29,2026,2026 (#29),2026,,,,0,0,,,,,
52459772,Girl in White Cotton,Avni Doshi,"Doshi, Avni",,"=""9353571383""","=""9789353571382""",0,Fourth Estate India,Hardcover,288,2019,2019,,2021/06/05,to-read,to-read (#599),to-read,,,,0,0,,,,,
17645,The Penelopiad,Margaret Atwood,"Atwood, Margaret",,"=""1841957178""","=""9781841957173""",0,Canongate U.S.,Hardcover,198,2005,2005,,2026/08/13,to-read,to-read (#1442),to-read,,,,0,0,,,,,
244090856,The Fallen Trees Are Also the Forest,Alejandra Kamiya,"Kamiya, Alejandra",Daniel Hahn,"=""1805334921""","=""9781805334927""",0,Pushkin Press,Kindle Edition,160,2026,2015,,2026/08/05,to-read,to-read (#1441),to-read,,,,0,0,,,,,
7260188,"Mockingjay (The Hunger Games, #3)",Suzanne Collins,"Collins, Suzanne",,"=""0439023513""","=""9780439023511""",0,Scholastic Press,Hardcover,392,2010,2010,,2026/07/27,to-read,to-read (#1440),to-read,,,,0,0,,,,,
6148028,"Catching Fire (The Hunger Games, #2)",Suzanne Collins,"Collins, Suzanne",,"=""0439023491""","=""9780439023498""",0,Scholastic Press,Hardcover,391,2009,2009,,2026/07/27,to-read,to-read (#1439),to-read,,,,0,0,,,,,
14201,Jonathan Strange & Mr Norrell,Susanna Clarke,"Clarke, Susanna",,"=""""","=""""",0,Tor Books,Paperback,1006,2006,2004,,2024/10/07,2026,2026 (#28),2026,,,,0,0,,,,,
81067992,"The Armor of Light (Kingsbridge, #4)",Ken Follett,"Follett, Ken",,"=""0525954996""","=""9780525954996""",3.0,Viking,Hardcover,737,2023,2023,2026/07/03,2026/06/27,,,read,,,,1,0,"2026-06-27,2026-07-03",Historical Fiction|993;Fiction|379;Ken Follett|143;Historical|131,65349,4.22,fiction
33571713,"A Column of Fire (Kingsbridge, #3)",Ken Follett,"Follett, Ken",,"=""052595497X""","=""9780525954972""",3.0,Viking Penguin,Hardcover,916,2017,2017,2026/06/22,2021/04/13,,,read,,,,1,0,"2026-06-18,2026-06-22",Historical Fiction|2655;Fiction|1097;Historical|392;Ken Follett|329,131437,4.27,fiction
5064,"World Without End (Kingsbridge, #2)",Ken Follett,"Follett, Ken",,"=""""","=""""",4.0,Dutton,Hardcover,1237,2007,2007,2026/06/16,2021/04/13,,,read,,,,1,0,"2026-06-11,2026-06-16",Historical Fiction|5957;Fiction|2665;Historical|965,284837,4.33,fiction
5043,"The Pillars of the Earth (Kingsbridge, #1)",Ken Follett,"Follett, Ken",,"=""045122213X""","=""9780451222138""",4.0,Penguin Books,Paperback,976,2007,1989,2026/06/06,2021/01/23,,,read,,,,1,0,"2026-06-01,2026-06-06",Historical Fiction|13613;Fiction|7566;Historical|2412,859650,4.35,fiction
29214420,Doughnut Economics: Seven Ways to Think Like a 21st-Century Economist,Kate Raworth,"Raworth, Kate",,"=""1847941389""","=""9781847941381""",0,UNKNO,Paperback,384,2017,2017,,2026/06/02,2026,2026 (#27),2026,,,,0,0,,,,,
33313,Kitchen Confidential: Adventures in the Culinary Underbelly,Anthony Bourdain,"Bourdain, Anthony",,"=""0060899220""","=""9780060899226""",3.0,Ecco/Harper Perennial,Paperback,312,2007,2000,2026/05/31,2026/05/13,,,read,,,,1,0,"2026-05-19,2026-05-31",Non Fiction|5697;Memoir|3021;Nonfiction|2807;Food|2693;Biography|1613;Audiobooks|1283;Memoirs|993;Cooking|921,408339,4.2,nonfiction
58537371,Nightcrawling,Leila Mottley,"Mottley, Leila",,"=""0593318935""","=""9780593318935""",4.0,Knopf,Hardcover,277,2022,2022,2026/05/17,2026/05/14,,,read,,,,1,0,"2026-05-14,2026-05-17",Fiction|1342;Contemporary|449;Literary Fiction|330;Book Club|232;Lgbtq|177;Audiobooks|172;Books I Own|155;Contemporary Fiction|150,65207,3.94,fiction
222683974,The Loneliness of Sonia and Sunny,Kiran Desai,"Desai, Kiran",,"=""0307700151""","=""9780307700155""",4.0,Hogarth,Hardcover,670,2025,2025,2026/05/08,2026/02/15,,,read,,,,1,0,"2026-02-15,2026-05-08",Fiction|832;India|235;Literary Fiction|203;Romance|161;Historical Fiction|153;Book Club|120;Contemporary|96;Audiobooks|93;2026 Books|91;Audio|89,42439,3.69,fiction
1713426,Predictably Irrational: The Hidden Forces That Shape Our Decisions,Dan Ariely,"Ariely, Dan",,"=""""","=""""",0,HarperCollins Canada ,Hardcover,247,2008,2008,,2026/04/20,to-read,to-read (#1438),to-read,,,,0,0,,,,,
58588140,People from Bloomington,Budi Darma,"Darma, Budi","Intan Paramaditha, Tiffany Tsao","=""0143136607""","=""9780143136606""",0,Penguin Classics,Paperback,208,2022,1980,,2023/12/28,to-read,to-read (#1060),to-read,,,,0,0,,,,,
138505710,Doppelganger: A Trip into the Mirror World,Naomi Klein,"Klein, Naomi",,"=""0374610320""","=""9780374610326""",0,"Farrar, Straus and Giroux",Hardcover,416,2023,2023,,2026/04/10,2026,2026 (#26),2026,,,,0,0,,,,,
35519793,The Armchair Revolutionary and Other Sketches,Sadat Hasan Manto,"Manto, Sadat Hasan",,"=""9380118287""","=""9789380118284""",0,leftword,Paperback,232,2020,,,2026/04/03,to-read,to-read (#1437),to-read,,,,0,0,,,,,
54493401,Project Hail Mary,Andy Weir,"Weir, Andy",,"=""0593135202""","=""9780593135204""",4.0,Ballantine Books,Hardcover,476,2021,2021,2026/04/02,2021/07/24,,,read,,,,1,0,"2026-03-29,2026-04-02",Sci Fi|20513;Science Fiction|15394;Fiction|10707;Audiobooks|5252;Book Club|4112;Scifi|3694;Audible|2942;Audio|2507;Fantasy|2182;Books I Own|2148,1880638,4.51,fiction
50998056,The Ministry for the Future,Kim Stanley Robinson,"Robinson, Kim Stanley",,"=""0316300136""","=""9780316300131""",0,Orbit,Hardcover,563,2020,2020,,2026/03/23,to-read,to-read (#1436),to-read,,,,0,0,,,,,
41392893,"Bayesian Statistics the Fun Way: Understanding Statistics and Probability with Star Wars, LEGO, and Rubber Ducks",Will Kurt,"Kurt, Will",,"=""1593279566""","=""9781593279561""",0,No Starch Press,Paperback,256,2019,,,2026/03/05,2026,2026 (#25),2026,,,,0,0,,,,,
13651,The Dispossessed: An Ambiguous Utopia,Ursula K. Le Guin,"Guin, Ursula K. Le",,"=""""","=""""",0,Harper Voyager,Paperback,387,1994,1974,,2021/05/27,2026,2026 (#24),2026,,,,0,0,,,,,
53968436,The Secret to Superhuman Strength,Alison Bechdel,"Bechdel, Alison",,"=""0544387651""","=""9780544387652""",5.0,Mariner Books,Hardcover,231,2021,2021,2026/02/08,2026/01/19,,,read,This is it. Nirvana is Samsara. There is no transcending. ,,,1,0,"2026-02-06,2026-02-08",Graphic Novels|641;Memoir|463;Graphic Novel|428;Non Fiction|331;Comics|271;Nonfiction|269;Lgbtq|175;Queer|144;Graphic|97;Lgbt|87;Biography|80;Memoirs|65,12214,4.14,nonfiction
412732,The Dharma Bums,Jack Kerouac,"Kerouac, Jack",,"=""""","=""""",0,Penguin Books,Paperback,244,1986,1958,,2026/02/08,2026,2026 (#23),2026,,,,0,0,,,,,
40864030,"A Prayer for the Crown-Shy (Monk & Robot, #2)",Becky Chambers,"Chambers, Becky",,"=""""","=""""",4.0,Tordotcom,Kindle Edition,152,2022,2022,2026/02/05,2026/02/01,,,read,,,,1,0,"2026-02-05,2026-02-05",Sci Fi|2414;Science Fiction|2043;Fiction|1205;Fantasy|887;Novella|628;Queer|560;Lgbtq|484;Scifi|475;Audiobooks|452;Cozy|441;Series|340;Lgbt|315;Lgbtqia|305;Adult|272;Audio|249,97372,4.36,fiction
40864002,"A Psalm for the Wild-Built (Monk & Robot, #1)",Becky Chambers,"Chambers, Becky",,"=""""","=""""",5.0,Tordotcom,ebook,151,2021,2021,2026/02/01,2024/02/18,,,read,"Oh god, what have I read?<br/><br/>Someone please offer me a cup of tea. ",,,1,0,"2026-02-01,2026-02-01",Sci Fi|5634;Science Fiction|4466;Fiction|2978;Fantasy|2168;Novella|1147;Scifi|1140;Queer|1067;Lgbtq|920;Cozy|878;Audiobooks|836;Book Club|727;Lgbt|647;Series|614;Adult|577,209176,4.2,fiction
36468776,Marx's Capital: An Introductory Reader,Venkatesh Athreya,"Athreya, Venkatesh","Prabhat Patnaik, Vijay Prashad, Jayati Ghosh, Prasenjit Bose, T. Jayaraman, R. Ramakumar","=""""","=""""",0,LeftWord Books,Kindle Edition,196,2017,2010,,2026/02/01,2026,2026 (#22),2026,,,,0,0,,,,,
40599527,My Seditious Heart: Collected Nonfiction,Arundhati Roy,"Roy, Arundhati",,"=""1608466760""","=""9781608466764""",0,Haymarket Books,Hardcover,989,2019,2019,,2026/01/31,2026,2026 (#21),2026,,,,0,0,,,,,
11350430,"The Mystery Knight (The Tales of Dunk and Egg, #3)",George R.R. Martin,"Martin, George R.R.",,"=""""","=""""",5.0,,ebook,104,2010,2010,2026/01/31,2026/01/31,,,read,,,,1,0,"2026-01-31,2026-01-31",Fantasy|1340;Fiction|226,22100,4.26,fiction
11985631,"The Sworn Sword (The Tales of Dunk and Egg, #2)",George R.R. Martin,"Martin, George R.R.",,"=""""","=""""",5.0,,ebook,81,2011,2003,2026/01/31,2026/01/28,,,read,,,,1,0,"2026-01-28,2026-01-31",Fantasy|1382;Fiction|257,22518,4.11,fiction
11970747,"The Hedge Knight (The Tales of Dunk and Egg, #1)",George R.R. Martin,"Martin, George R.R.",,"=""""","=""""",5.0,,ebook,85,2005,1998,2026/01/26,2026/01/26,,,read,,,,1,0,"2026-01-26,2026-01-26",Fantasy|1797;Fiction|318,33945,4.32,fiction
13707645,The Illicit Happiness of Other People,Manu Joseph,"Joseph, Manu",,"=""0393338622""","=""9780393338621""",3.0,W. W. Norton & Company,Paperback,352,2013,2012,2026/01/17,2022/04/30,,,read,,,,1,0,"2025-12-25,2026-01-17",Fiction|188;India|87;Indian|57;Indian Authors|45;Mystery|34;Books I Own|31;Literary Fiction|24;Indian Literature|19;Indian Fiction|19,7298,4.07,fiction
2539659,Katha: Short Stories by Indian Women,Urvashi Butalia,"Butalia, Urvashi",,"=""1846590302""","=""9781846590306""",0,Telegram Books,Paperback,250,2007,2007,,2026/01/11,to-read,to-read (#1435),to-read,,,,0,0,,,,,
14069,"Throne of Jade (Temeraire, #2)",Naomi Novik,"Novik, Naomi",,"=""0345481291""","=""9780345481290""",0,Del Rey,Mass Market Paperback,398,2006,2006,,2026/01/11,currently-reading,currently-reading (#1),currently-reading,,,,1,0,,,,,
59900070,Stay True,Hua Hsu,"Hsu, Hua",,"=""0385547773""","=""9780385547772""",0,Doubleday,Hardcover,208,2022,2022,,2026/01/11,2026,2026 (#20),2026,,,,0,0,,,,,
231363343,The Score: How to Stop Playing Somebody Else's Game,C. Thi Nguyen,"Nguyen, C. Thi",,"=""0593655656""","=""9780593655658""",0,Penguin Press,Hardcover,368,2026,2026,,2026/01/11,to-read,to-read (#1434),to-read,,,,0,0,,,,,
28876,"His Majesty's Dragon (Temeraire, #1)",Naomi Novik,"Novik, Naomi",,"=""0345481283""","=""9780345481283""",4.0,Random House Inc,Mass Market Paperback,356,2006,2006,2026/01/11,2022/01/05,,,read,,,,1,0,"2026-01-10,2026-01-11",Fantasy|10368;Dragons|2049;Historical Fiction|1738;Fiction|1363,115687,4.07,fiction
890935,The Master and Margarita,Mikhail Bulgakov,"Bulgakov, Mikhail","R Pevear, Volokhon","=""0140455469""","=""9780140455465""",0,Penguin Books,Paperback,412,2007,1967,,2021/07/18,2026,2026 (#19),2026,,,,0,0,,,,,
25658482,At the Existentialist Café,Sarah Bakewell,"Bakewell, Sarah",,"=""0701186585""","=""9780701186586""",0,Chatto & Windus,Hardcover,440,2016,2016,,2022/09/17,2026,2026 (#18),2026,,,,1,0,,,,,
166997,Stoner,John  Williams,"Williams, John",John McGahern,"=""1590171993""","=""9781590171998""",0,New York Review Books,Paperback,292,2006,1965,,2025/10/20,2026,2026 (#17),2026,,,,1,0,,,,,
74034,Amusing Ourselves to Death: Public Discourse in the Age of Show Business,Neil Postman,"Postman, Neil",Andrew Postman,"=""014303653X""","=""9780143036531""",0,Penguin Books,Paperback,184,2005,1985,,2021/08/04,to-read,to-read (#1433),to-read,,,,0,0,,,,,
85767,Gender Trouble: Feminism and the Subversion of Identity,Judith Butler,"Butler, Judith",,"=""0415389550""","=""9780415389556""",0,Routledge,Paperback,236,2006,1989,,2023/01/03,to-read,to-read (#1432),to-read,,,,1,0,,,,,
61539,The Structure of Scientific Revolutions,Thomas S. Kuhn,"Kuhn, Thomas S.",,"=""0226458083""","=""9780226458083""",0,University of Chicago Press,Paperback,226,1996,1962,,2021/04/10,to-read,to-read (#1431),to-read,,,,0,0,,,,,
32603498,The Divide: A Brief Guide to Global Inequality and its Solutions,Jason Hickel,"Hickel, Jason",,"=""1785151126""","=""9781785151125""",0,Heinemann,Hardcover,368,2017,2017,,2024/02/19,to-read,to-read (#1430),to-read,,,,0,0,,,,,
4980,Breakfast of Champions,Kurt Vonnegut Jr.,"Jr., Kurt Vonnegut",,"=""0385334206""","=""9780385334204""",0,Dell Publishing,Paperback,303,1999,1973,,2024/05/18,2026,2026 (#16),2026,,,,1,0,,,,,
40180098,The Overstory,Richard Powers,"Powers, Richard",,"=""039335668X""","=""9780393356687""",0,W.W. Norton & Company,Paperback,502,2019,2018,,2024/09/21,to-read,to-read (#1429),to-read,,,,0,0,,,,,
39364803,Electrical Palestine: Capital and Technology from Empire to Nation,Fredrik Meiton,"Meiton, Fredrik",,"=""0520968484""","=""9780520968486""",0,University of California Press,Kindle Edition,325,2019,,,2024/12/31,to-read,to-read (#1428),to-read,,,,0,0,,,,,
32497565,"Generation One (Lorien Legacies Reborn, #1)",Pittacus Lore,"Lore, Pittacus",,"=""0062493728""","=""9780062493729""",0,HarperCollins,ebook,416,2017,2017,,2025/01/07,to-read,to-read (#1427),to-read,,,,1,0,,,,,
58446244,When We Lost Our Heads,Heather O'Neill,"O'Neill, Heather",,"=""0593422902""","=""9780593422908""",0,Riverhead Books,Hardcover,448,2022,2022,,2025/01/10,to-read,to-read (#1426),to-read,,,,0,0,,,,,
1909043,Negotiation Genius: How to Overcome Obstacles and Achieve Brilliant Results at the Bargaining Table and Beyond,Deepak  Malhotra,"Malhotra, Deepak",Max H. Bazerman,"=""055380488X""","=""9780553804881""",0,Bantam,Hardcover,352,2007,2007,,2025/01/19,to-read,to-read (#1425),to-read,,,,0,0,,,,,
54227467,The End of Eternity,Isaac Asimov,"Asimov, Isaac",,"=""0593160029""","=""9780593160022""",0,Del Rey,Paperback,221,2020,1955,,2025/01/22,2026,2026 (#15),2026,,,,0,0,,,,,
205363978,The Ultimate Hidden Truth of the World,David Graeber,"Graeber, David","Nika Dubrovsky, Rebecca Solnit","=""0374610223""","=""9780374610227""",0,"Farrar, Straus and Giroux",Hardcover,384,2024,2024,,2025/01/31,to-read,to-read (#1424),to-read,,,,0,0,,,,,
29362082,The Great Derangement: Climate Change and the Unthinkable,Amitav Ghosh,"Ghosh, Amitav",,"=""022632303X""","=""9780226323039""",0,University of Chicago Press,Hardcover,196,2016,2016,,2025/02/11,to-read,to-read (#1423),to-read,,,,0,0,,,,,
28494833,Draupadi,Mahasweta Devi,"Devi, Mahasweta",Gayatri Chakravorty Spivak,"=""""","=""""",0,,Paperback,22,1981,,,2025/03/17,to-read,to-read (#1422),to-read,,,,0,0,,,,,
209576,In the Buddha's Words: An Anthology of Discourses from the Pali Canon (The Teachings of the Buddha),Venerable Bhikkhu Bodhi,"Bodhi, Venerable Bhikkhu",Dalai Lama XIV,"=""0861714911""","=""9780861714919""",0,Wisdom Publications,Paperback,486,2005,2005,,2025/03/26,to-read,to-read (#1421),to-read,,,,0,0,,,,,
149243,The Foundations of Buddhism (OPUS),Rupert Gethin,"Gethin, Rupert",,"=""0192892231""","=""9780192892232""",0,Oxford University Press,Paperback,333,1998,1998,,2025/03/26,to-read,to-read (#1420),to-read,,,,0,0,,,,,
9014,The Long Walk,Richard  Bachman,"Bachman, Richard",Stephen  King,"=""0451196716""","=""9780451196712""",0,Signet,Mass Market Paperback,370,1999,1979,,2025/04/11,to-read,to-read (#1419),to-read,,,,0,0,,,,,
64216,"Guards! Guards! (Discworld, #8; City Watch, #1)",Terry Pratchett,"Pratchett, Terry",,"=""0061020648""","=""9780061020643""",0,HarperTorch,Mass Market Paperback,376,2001,1989,,2025/04/11,to-read,to-read (#1418),to-read,,,,1,0,,,,,
58950736,The Chaos Machine: The Inside Story of How Social Media Rewired Our Minds and Our World,Max Fisher,"Fisher, Max",,"=""031670332X""","=""9780316703321""",0,"Little, Brown and Company",Hardcover,400,2022,2022,,2025/04/18,to-read,to-read (#1417),to-read,,,,0,0,,,,,
35581653,Feel Free: Essays,Zadie Smith,"Smith, Zadie",,"=""0698178882""","=""""",0,Penguin Books,Kindle Edition,464,2018,2018,,2025/05/10,to-read,to-read (#1416),to-read,,,,0,0,,,,,
43126457,Trick Mirror: Reflections on Self-Delusion,Jia Tolentino,"Tolentino, Jia",,"=""0525510540""","=""9780525510543""",0,Random House,Hardcover,303,2019,2019,,2025/05/10,to-read,to-read (#1415),to-read,,,,0,0,,,,,
28048,Hope in the Dark: The Untold History of People Power,Rebecca Solnit,"Solnit, Rebecca",,"=""1841956600""","=""9781841956602""",0,Canongate Books Ltd,Paperback,192,2005,2004,,2025/05/10,to-read,to-read (#1414),to-read,,,,0,0,,,,,
3623130,The Whale and the Reactor: A Search for Limits in an Age of High Technology,Langdon Winner,"Winner, Langdon",,"=""0226902102""","=""9780226902104""",0,University of Chicago Press,Hardcover,208,1986,1986,,2025/05/10,to-read,to-read (#1413),to-read,,,,0,0,,,,,
42527493,Race After Technology: Abolitionist Tools for the New Jim Code,Ruha Benjamin,"Benjamin, Ruha",,"=""1509526439""","=""9781509526437""",0,Polity,Kindle Edition,258,2019,2019,,2025/05/10,2026,2026 (#14),2026,,,,0,0,,,,,
40147915,Where Reasons End,Yiyun Li,"Li, Yiyun",,"=""198481737X""","=""9781984817372""",0,Random House,Hardcover,170,2019,2019,,2025/05/18,to-read,to-read (#1412),to-read,,,,0,0,,,,,
205544315,Heart Lamp: Selected Stories,Banu Mushtaq,"Mushtaq, Banu",Deepa Bhasthi,"=""1916751164""","=""9781916751163""",0,And Other Stories,Paperback,215,2025,2024,,2025/07/05,to-read,to-read (#1411),to-read,,,,0,0,,,,,
40605329,"The Mysterious Benedict Society (The Mysterious Benedict Society, #1)",Trenton Lee Stewart,"Stewart, Trenton Lee",,"=""0316032115""","=""9780316032117""",0,"Little, Brown Books for Young Readers",Kindle Edition,497,2008,2007,,2025/08/30,to-read,to-read (#1410),to-read,,,,0,0,,,,,
199798201,The Safekeep,Yael van der Wouden,"Wouden, Yael van der",,"=""""","=""""",0,Avid Reader Press / Simon & Schuster,Hardcover,272,2024,2024,,2025/09/03,2026,2026 (#13),2026,,,,0,0,,,,,
119512,"The Melancholy of Resistance (Apocalypse Quartet, #2)",László Krasznahorkai,"Krasznahorkai, László",George Szirtes,"=""""","=""""",0,New Directions,Paperback,314,2002,1989,,2025/10/09,to-read,to-read (#1409),to-read,,,,0,0,,,,,
18736925,Capital in the Twenty First Century,Thomas Piketty,"Piketty, Thomas",Arthur Goldhammer,"=""067443000X""","=""9780674430006""",0,Belknap Press: An Imprint of Harvard University Press,Hardcover,685,2014,2013,,2025/10/11,2026,2026 (#12),2026,,,,0,0,,,,,
88077,The Magic Mountain,Thomas Mann,"Mann, Thomas",John E. Woods,"=""""","=""9780593688137""",0,Vintage,Kindle Edition,706,1996,1924,,2025/10/20,to-read,to-read (#1408),to-read,,,,0,0,,,,,
15795155,Bad Pharma: How Drug Companies Mislead Doctors and Harm Patients,Ben Goldacre,"Goldacre, Ben",,"=""0865478007""","=""9780865478008""",0,"Farrar, Straus and Giroux",Hardcover,448,2013,2012,,2025/11/03,to-read,to-read (#1407),to-read,,,,0,0,,,,,
222850723,The Secret Book Society,Madeline  Martin,"Martin, Madeline",,"=""1335016287""","=""9781335016287""",0,Hanover Square Press,Paperback,336,2025,2025,,2025/11/27,2026,2026 (#11),2026,,,,0,0,,,,,
214329001,Death of the Author,Nnedi Okorafor,"Okorafor, Nnedi",,"=""0063391155""","=""9780063391154""",0,William Morrow,Kindle Edition,448,2025,2025,,2025/11/27,2026,2026 (#10),2026,,,,0,0,,,,,
217387674,Baldwin: A Love Story,Nicholas Boggs,"Boggs, Nicholas",,"=""0374178712""","=""9780374178710""",0,"Farrar, Straus and Giroux",Hardcover,710,2025,,,2025/11/27,to-read,to-read (#1406),to-read,,,,0,0,,,,,
26892110,The Library at Mount Char,Scott  Hawkins,"Hawkins, Scott",,"=""0553418629""","=""9780553418620""",0,Broadway Books,Paperback,390,2016,2015,,2021/04/12,to-read,to-read (#1405),to-read,,,,0,0,,,,,
40874032,"Vicious (Villains, #1)",V.E. Schwab,"Schwab, V.E.",Victoria Schwab,"=""""","=""""",0,Tor Books,Kindle Edition,402,2013,2013,,2021/05/01,to-read,to-read (#1404),to-read,,,,0,0,,,,,
547573,Everybody Loves a Good Drought,Palagummi Sainath,"Sainath, Palagummi",,"=""""","=""""",0,Penguin India,Paperback,470,2000,1996,,2021/05/08,2026,2026 (#9),2026,,,,0,0,,,,,
46041199,"Kim Jiyoung, Born 1982",Cho Nam-Joo,"Nam-Joo, Cho",Jamie Chang,"=""1631496700""","=""9781631496707""",0,Liveright,Hardcover,163,2020,2016,,2021/05/14,to-read,to-read (#1403),to-read,,,,0,0,,,,,
25499718,"Children of Time (Children of Time, #1)",Adrian Tchaikovsky,"Tchaikovsky, Adrian",,"=""1447273281""","=""9781447273288""",0,PanMacmillan,Hardcover,600,2015,2015,,2021/08/27,to-read,to-read (#1402),to-read,,,,1,0,,,,,
194746,No Longer Human,Osamu Dazai,"Dazai, Osamu",Donald Keene,"=""""","=""""",0,New Directions,Paperback,176,1958,1948,,2021/10/26,to-read,to-read (#1401),to-read,,,,0,0,,,,,
34959327,The Wizard and the Prophet: Two Remarkable Scientists and Their Dueling Visions to Shape Tomorrow's World,Charles C. Mann,"Mann, Charles C.",,"=""0449806383""","=""9780449806388""",0,Books on Tape,Audio CD,640,2018,2018,,2022/01/02,2026,2026 (#8),2026,,,,0,0,,,,,
11468377,"Thinking, Fast and Slow",Daniel Kahneman,"Kahneman, Daniel",,"=""0374275637""","=""9780374275631""",0,"Farrar, Straus and Giroux",Hardcover,499,2011,2011,,2023/03/13,2026,2026 (#7),2026,,,,0,0,,,,,
75560036,Technofeudalism: What Killed Capitalism,Yanis Varoufakis,"Varoufakis, Yanis",,"=""""","=""""",0,Vintage Publishing,Hardcover,224,2023,2023,,2023/12/16,to-read,to-read (#1400),to-read,,,,0,0,,,,,
33947154,They Can't Kill Us Until They Kill Us: Essays,Hanif Abdurraqib,"Abdurraqib, Hanif",Eve L. Ewing,"=""""","=""9781937512651""",0,Two Dollar Radio,Paperback,291,2017,2017,,2025/01/23,to-read,to-read (#1399),to-read,,,,0,0,,,,,
59948520,In Memoriam,Alice Winn,"Winn, Alice",,"=""0593534565""","=""9780593534564""",0,Knopf,Hardcover,382,2023,2023,,2025/02/18,to-read,to-read (#1398),to-read,,,,0,0,,,,,
60332254,"India Is Broken: A People Betrayed, Independence to Today",Ashoka Mody,"Mody, Ashoka",,"=""1503630056""","=""9781503630055""",0,Stanford University Press,Hardcover,528,2023,,,2025/02/28,2026,2026 (#6),2026,,,,0,0,,,,,
17601,"The Will to Change: Men, Masculinity, and Love",bell hooks,"hooks, bell",,"=""0743456084""","=""9780743456081""",0,Washington Square Press,Paperback,208,2004,2003,,2025/03/18,to-read,to-read (#1397),to-read,,,,0,0,,,,,
6452731,Justice: What's the Right Thing to Do?,Michael J. Sandel,"Sandel, Michael J.",,"=""0374180652""","=""9780374180652""",0,"Farrar, Straus and Giroux",Hardcover,308,2009,2009,,2025/04/13,2026,2026 (#5),2026,,,,0,0,,,,,
26195941,The Age of Surveillance Capitalism: The Fight for a Human Future at the New Frontier of Power,Shoshana Zuboff,"Zuboff, Shoshana",,"=""1610395697""","=""9781610395694""",0,PublicAffairs,Hardcover,691,2019,2018,,2025/04/18,2026,2026 (#4),2026,,,,0,0,,,,,
25770288,E-flux Journal: The Internet Does Not Exist,Julieta Aranda,"Aranda, Julieta","Brian Kuan Wood, Anton Vidokle","=""3956791304""","=""9783956791307""",0,Sternberg Press,Paperback,320,2015,2015,,2025/05/10,to-read,to-read (#1396),to-read,,,,0,0,,,,,
79678,Technopoly: The Surrender of Culture to Technology,Neil Postman,"Postman, Neil",,"=""0679745408""","=""9780679745402""",0,Vintage Books,Paperback,222,1993,1992,,2025/05/10,2026,2026 (#3),2026,,,,0,0,,,,,
25510906,The Mushroom at the End of the World: On the Possibility of Life in Capitalist Ruins,Anna Lowenhaupt Tsing,"Tsing, Anna Lowenhaupt",,"=""0691162751""","=""9780691162751""",0,Princeton University Press,Hardcover,331,2015,2015,,2025/05/10,2026,2026 (#2),2026,,,,0,0,,,,,
27091,Teaching to Transgress: Education as the Practice of Freedom,bell hooks,"hooks, bell",,"=""0415908086""","=""9780415908085""",0,Routledge,Paperback,216,1994,1994,,2025/05/10,to-read,to-read (#1395),to-read,,,,0,0,,,,,
34917434,The Mahabharata: Volume 1,Krishna-Dwaipayana Vyasa,"Vyasa, Krishna-Dwaipayana",Bibek Debroy,"=""""","=""""",0,Penguin,Kindle Edition,535,2015,-400,,2025/06/12,to-read,to-read (#1394),to-read,,,,1,0,,,,,
220341389,Everything Is Tuberculosis: The History and Persistence of Our Deadliest Infection,John  Green,"Green, John",,"=""0525556575""","=""9780525556572""",0,Crash Course Books,Hardcover,198,2025,2025,,2025/06/13,to-read,to-read (#1393),to-read,,,,0,0,,,,,
30265353,The Origin of Capitalism: A Longer View,Ellen Meiksins Wood,"Wood, Ellen Meiksins",,"=""1786630680""","=""9781786630681""",0,Verso,Paperback,224,2017,1999,,2025/06/23,to-read,to-read (#1392),to-read,,,,1,0,,,,,
1117634,Small Is Beautiful: Economics as if People Mattered,Ernst F. Schumacher,"Schumacher, Ernst F.",,"=""0060916303""","=""9780060916305""",0,Harper Perennial,Paperback,352,1989,1973,,2025/06/25,2026,2026 (#1),2026,,,,1,0,,,,,
23172,The Lugano Report: On Preserving Capitalism in the Twenty-First Century,Susan George,"George, Susan",,"=""0745322069""","=""9780745322063""",0,Pluto Press,Paperback,232,2003,1999,,2025/06/30,to-read,to-read (#1391),to-read,,,,0,0,,,,,
29896474,Blessed is the Flame: An Introduction to Concentration Camp Resistance and Anarcho-Nihilism,Serafinski,"Serafinski, Serafinski",,"=""""","=""""",5.0,Pistols Drawn,Paperback,140,2016,2016,2026/01/08,2026/01/07,,,read,"Reading this alongside watching John Green’s video on Hope is not a feeling, it is a decision, made me think too much. This book while argues for several things, argues for one thing primarily and that is that resistance is a form of living. When all is lost, you can still find joy in resisting. <br/><br/>",,,1,0,"2026-01-07,2026-01-08",Anarchism|38;Non Fiction|24;Philosophy|23;Politics|19;Nihilism|14;History|13;Nonfiction|12;Anarchy|8;Theory|5,479,4.32,nonfiction
159964,The Dhammapada,Anonymous,"Anonymous, Anonymous","Thich Nhat Hanh, Ananda Maitreya, Viggo Fausbll","=""0938077872""","=""9780938077879""",0,Parallax Press,Paperback,114,2001,-400,,2025/12/27,to-read,to-read (#1390),to-read,,,,0,0,,,,,
48997582,Midnight's Machines: A Political History of Technology in India,Arun Mohan Sukumar,"Sukumar, Arun Mohan",,"=""067009109X""","=""9780670091096""",0,Penguin Viking,Hardcover,272,2019,,,2025/12/26,to-read,to-read (#1389),to-read,,,,0,0,,,,,
19380,Candide,Voltaire,"Voltaire, Voltaire","Rockwell Kent, Walter Jerrold, Don Hagen, Sara Gioacchino Corcos","=""0486266893""","=""9780486266893""",4.0,"Dover Publications, Incorporated",Paperback,129,1991,1759,2025/12/25,2025/12/07,,,read,,,,1,0,"2025-12-25,2025-12-25",Classics|10315;Fiction|5063;Philosophy|4153;French|1509;Classic|1431;Literature|1039,310651,3.76,fiction
355697,All Quiet on the Western Front,Erich Maria Remarque,"Remarque, Erich Maria",Arthur Wesley Wheen,"=""0449213943""","=""9780449213940""",5.0,Ballantine Books,Mass Market Paperback,296,1987,1928,2025/12/25,2025/04/12,,,read,,,,1,0,"2025-12-25,2025-12-25",Classics|10352;Fiction|6841;Historical Fiction|5082;War|3035;History|2182;Classic|1566;Historical|1236,541305,4.12,fiction
224004055,Mother Mary Comes to Me,Arundhati Roy,"Roy, Arundhati",,"=""1668094711""","=""9781668094716""",5.0,Scribner,Hardcover,331,2025,2025,2025/12/25,2025/12/24,,,read,,,,1,0,"2025-12-24,2025-12-25",Non Fiction|830;Memoir|823;Nonfiction|315;Memoirs|234;India|226;Biography|206;Audiobooks|121;Book Club|100;Feminism|96;Audio|95;Biography Memoir|83,38950,4.37,nonfiction
608287,Jesus’ Son,Denis Johnson,"Johnson, Denis",,"=""0060975776""","=""9780060975777""",4.0,Perennial,Mass Market Paperback,160,1993,1992,2025/12/24,2025/12/22,,,read,,,,1,0,"2025-12-24,2025-12-24",Short Stories|1498;Fiction|1149,43269,4.12,fiction
31170723,Behave: The Biology of Humans at Our Best and Worst,Robert M. Sapolsky,"Sapolsky, Robert M.",,"=""1594205078""","=""9781594205071""",0,Penguin Press,Hardcover,790,2017,2017,,2025/12/17,to-read,to-read (#1388),to-read,,,,0,0,,,,,
223889699,"The Secret of Secrets (Robert Langdon, #6)",Dan    Brown,"Brown, Dan",,"=""0385546890""","=""9780385546898""",3.0,Doubleday,Hardcover,677,2025,2025,2025/12/14,2025/09/15,,,read,,,,1,0,"2025-09-15,2025-12-14",Fiction|1482;Thriller|1184;Mystery|876;Dan Brown|400;Audiobooks|298;Mystery Thriller|281;Series|237;2026 Books|220;Audio|201;Suspense|187;Books I Own|173;Crime|170;2025 Books|168;Adventure|167;Audible|161,205932,3.91,fiction
2175,Madame Bovary,Gustave Flaubert,"Flaubert, Gustave","Mark Overstall, Malcolm Bowie, Margaret Mauldon","=""0192840398""","=""9780192840394""",0,Oxford University Press,Paperback,329,2004,1856,,2024/12/25,books-before-20s-end,books-before-20s-end (#17),books-before-20s-end,,,,0,0,,,,,
14942,Mrs. Dalloway,Virginia Woolf,"Woolf, Virginia",Maureen Howard,"=""0151009988""","=""9780151009985""",0,Houghton Mifflin Harcourt,Hardcover,194,2002,1925,,2021/04/29,books-before-20s-end,books-before-20s-end (#16),books-before-20s-end,,,,0,0,,,,,
4900,Heart of Darkness,Joseph Conrad,"Conrad, Joseph",,"=""1892295490""","=""9781892295491""",0,Green Integer Books,Paperback,188,2003,1899,,2021/03/31,books-before-20s-end,books-before-20s-end (#15),books-before-20s-end,,,,0,0,,,,,
9777,The God of Small Things,Arundhati Roy,"Roy, Arundhati",,"=""0679457313""","=""9780679457312""",0,Random House,Paperback,321,1997,1997,,2021/01/23,books-before-20s-end,books-before-20s-end (#14),books-before-20s-end,,,,0,0,,,,,
334176,"The Sparrow (The Sparrow, #1)",Mary Doria Russell,"Russell, Mary Doria",,"=""0449912558""","=""9780449912553""",0,Ballantine Books,Paperback,419,1997,1996,,2025/12/07,books-before-20s-end,books-before-20s-end (#13),books-before-20s-end,,,,0,0,,,,,
196842,The Best of Everything,Rona Jaffe,"Jaffe, Rona",,"=""0143035290""","=""9780143035299""",0,Penguin Publishing Group,Paperback,448,2005,1958,,2025/12/07,books-before-20s-end,books-before-20s-end (#12),books-before-20s-end,,,,0,0,,,,,
59716,To the Lighthouse,Virginia Woolf,"Woolf, Virginia",Eudora Welty,"=""""","=""""",0,Harvest Books,Paperback,209,1989,,,2021/01/23,books-before-20s-end,books-before-20s-end (#11),books-before-20s-end,,,,0,0,,,,,
26528797,"A Manor House Tale (English Translations of ScandinavianLiterature, Norvik Press Series B)",Selma Lagerlöf,"Lagerlöf, Selma","Peter Graves, Helena Forsås-Scott","=""1909408255""","=""9781909408258""",0,Norvik Pr,Paperback,140,2015,1899,,2025/12/07,books-before-20s-end,books-before-20s-end (#10),books-before-20s-end,,,,0,0,,,,,
247000,The Mezzanine,Nicholson Baker,"Baker, Nicholson",,"=""0679725768""","=""9780679725763""",0,Vintage,Paperback,135,1990,1988,,2025/12/07,books-before-20s-end,books-before-20s-end (#9),books-before-20s-end,,,,0,0,,,,,
56652048,The City,Valerian Pidmohylny,"Pidmohylny, Valerian",Maxim Tarnawsky,"=""""","=""""",0,Shevchenko Scientific Society of Canada,ebook,300,2014,1927,,2025/12/07,books-before-20s-end,books-before-20s-end (#8),books-before-20s-end,,,,0,0,,,,,
2054,"The Long Goodbye (Philip Marlowe, #6)",Raymond Chandler,"Chandler, Raymond",,"=""0394757688""","=""9780394757681""",0,Vintage Crime/Black Lizard,Paperback,379,1988,1953,,2025/12/07,books-before-20s-end,books-before-20s-end (#7),books-before-20s-end,,,,0,0,,,,,
44002,Never Far from Nowhere,Andrea Levy,"Levy, Andrea",,"=""0747252130""","=""9780747252139""",0,Headline Review,Paperback,282,1996,1996,,2025/12/07,books-before-20s-end,books-before-20s-end (#6),books-before-20s-end,,,,0,0,,,,,
251665,Hotel du Lac,Anita Brookner,"Brookner, Anita",,"=""0679759328""","=""9780679759324""",0,Vintage Books,Paperback,184,1995,1984,,2022/06/09,books-before-20s-end,books-before-20s-end (#5),books-before-20s-end,,,,0,0,,,,,
25932,Lost Illusions,Honoré de Balzac,"Balzac, Honoré de","George Saintsbury, Ellen Marriage","=""1406506583""","=""9781406506587""",0,Dodo Pr,Paperback,656,2006,1843,,2025/12/07,books-before-20s-end,books-before-20s-end (#4),books-before-20s-end,,,,0,0,,,,,
458624,The History Man,Malcolm Bradbury,"Bradbury, Malcolm",,"=""0099149109""","=""9780099149101""",0,Arena,Paperback,230,1984,1975,,2025/12/07,books-before-20s-end,books-before-20s-end (#3),books-before-20s-end,,,,0,0,,,,,
28921,The Remains of the Day,Kazuo Ishiguro,"Ishiguro, Kazuo",,"=""""","=""""",0,Faber & Faber,Paperback,258,2005,1989,,2021/04/11,books-before-20s-end,books-before-20s-end (#2),books-before-20s-end,,,,0,0,,,,,
420464,Butterfly Burning,Yvonne Vera,"Vera, Yvonne",,"=""0374291861""","=""9780374291860""",0,"Farrar, Straus and Giroux",Paperback,151,2000,1998,,2025/12/07,books-before-20s-end,books-before-20s-end (#1),books-before-20s-end,,,,0,0,,,,,
18745378,The Gardener,Rabindranath Tagore,"Tagore, Rabindranath",,"=""""","=""""",0,,Kindle Edition,53,2012,,,2021/05/30,to-read,to-read (#551),to-read,,,,0,0,,,,,
210223811,Katabasis,R.F. Kuang,"Kuang, R.F.",,"=""""","=""""",4.0,HarperVoyager,Kindle Edition,559,2025,2025,2025/11/14,2025/10/09,,,read,,,,1,0,"2025-11-03,2025-11-14",Fantasy|7769;Dark Academia|2042;Fiction|1782;Books I Own|1007;Romance|922;2025 Releases|839,207552,3.71,fiction
58877223,Kairos,Jenny Erpenbeck,"Erpenbeck, Jenny",,"=""332860085X""","=""9783328600855""",0,Penguin Verlag,Hardcover,379,2021,2021,,2025/10/22,to-read,to-read (#1387),to-read,,,,0,0,,,,,
61407389,The Death of Kirti Kadakia: A Temple Hill Mystery,Meeti Shroff-Shah,"Shroff-Shah, Meeti",,"=""9354356486""","=""9789354356483""",0,Bloomsbury India,Kindle Edition,272,2022,2021,,2022/07/25,to-read,to-read (#1266),to-read,,,,0,0,,,,,
55276648,The Reading List,Sara Nisha Adams,"Adams, Sara Nisha",,"=""0063025280""","=""9780063025288""",5.0,William Morrow,Hardcover,368,2021,2021,2025/10/20,2021/12/01,,,read,,,,1,0,"2025-10-08,2025-10-20",Fiction|2616;Books About Books|886;Book Club|862;Contemporary|783;Audiobooks|533;Audio|417;Romance|373;Contemporary Fiction|292;Books I Own|267,142298,4.05,fiction
123933,No Exit,Jean-Paul Sartre,"Sartre, Jean-Paul",,"=""0573613052""","=""9780573613050""",5.0,Concord Theatricals,Paperback,60,1958,1944,2025/10/08,2025/04/12,,,read,Hell is other people!,,,1,0,"2025-10-08,2025-10-08",Plays|1715;Philosophy|1322;Classics|1036;Fiction|735;Drama|349;French|335;Play|279;Theatre|228;Existentialism|175,48987,4.11,fiction
36490332,"Talking to My Daughter About the Economy: or, How Capitalism Works—and How It Fails",Yanis Varoufakis,"Varoufakis, Yanis",Jacob Moe,"=""0374718431""","=""9780374718435""",5.0,"Farrar, Straus and Giroux",Kindle Edition,224,2018,2013,2023/03/07,2021/06/01,,,read,Yanis will always have my admiration for writing this book,,,3,0,"2023-02-18,2023-03-07;2025-10-01,2025-10-01;2025-09-26,2025-10-01",Economics|968;Non Fiction|937;Politics|375;Nonfiction|299;Economy|198;History|183;Finance|105,22342,4.14,nonfiction
325785,"Capital: A Critique of Political Economy, Volume 1",Karl Marx,"Marx, Karl",,"=""0140445684""","=""9780140445688""",0,Penguin Classics,Paperback,1152,1992,1867,,2025/01/29,to-read,to-read (#1096),to-read,,,,0,0,,,,,
9361589,The Night Circus,Erin Morgenstern,"Morgenstern, Erin",,"=""""","=""9780385534635""",0,Doubleday,Hardcover,506,2011,2011,,2021/03/01,to-read,to-read (#1386),to-read,,,,0,0,,,,,
1934,"Little Women (Little Women, #1)",Louisa May Alcott,"Alcott, Louisa May","Regina Barreca, Grzegorz Komerski, Marta Fihel","=""""","=""""",0,Signet Classics,Mass Market Paperback,449,2004,1868,,2021/01/23,to-read,to-read (#1385),to-read,,,,0,0,,,,,
6334,Never Let Me Go,Kazuo Ishiguro,"Ishiguro, Kazuo",,"=""1400078776""","=""9781400078776""",0,Vintage Books ,Paperback,288,2010,2005,,2021/04/11,to-read,to-read (#1384),to-read,,,,0,0,,,,,
12505,The Idiot,Fyodor Dostoevsky,"Dostoevsky, Fyodor","Anna Brailovsky, Joseph Frank, Constance Garnett","=""0679642420""","=""9780679642428""",0,Modern Library,Paperback,667,2003,1869,,2025/01/01,to-read,to-read (#1383),to-read,,,,0,0,,,,,
205977739,"Impossible Creatures (Impossible Creatures, #1)",Katherine Rundell,"Rundell, Katherine",,"=""0593809866""","=""9780593809860""",0,Knopf Books for Young Readers,Hardcover,368,2024,2023,,2025/01/02,to-read,to-read (#1382),to-read,,,,0,0,,,,,
45731395,The Deficit Myth: Modern Monetary Theory and the Birth of the People's Economy,Stephanie Kelton,"Kelton, Stephanie",,"=""1541736184""","=""9781541736184""",0,PublicAffairs,Hardcover,327,2020,2020,,2025/01/02,to-read,to-read (#1381),to-read,,,,0,0,,,,,
208931300,Intermezzo,Sally Rooney,"Rooney, Sally",,"=""0374602638""","=""9780374602635""",0,"Farrar, Straus and Giroux",Hardcover,464,2024,2024,,2025/01/09,to-read,to-read (#1380),to-read,,,,0,0,,,,,
51014619,Good Economics for Hard Times: Better Answers to Our Biggest Problems,Abhijit V. Banerjee,"Banerjee, Abhijit V.",Esther Duflo,"=""""","=""""",0,PublicAffairs,ebook,417,2019,2019,,2025/01/09,to-read,to-read (#1379),to-read,,,,0,0,,,,,
403846,"Caliban and the Witch: Women, the Body and Primitive Accumulation",Silvia Federici,"Federici, Silvia",,"=""1570270597""","=""9781570270598""",0,Autonomedia,Paperback,285,2004,2004,,2025/01/06,to-read,to-read (#1377),to-read,,,,0,0,,,,,
38206601,Red Star Over the Third World,Vijay Prashad,"Prashad, Vijay",,"=""""","=""""",0,LeftWord Books,Kindle Edition,144,2018,2017,,2025/05/24,to-read,to-read (#1378),to-read,,,,0,0,,,,,
404273,Blackshirts and Reds: Rational Fascism and the Overthrow of Communism,Michael Parenti,"Parenti, Michael",,"=""0872863298""","=""9780872863293""",0,City Lights Books,Paperback,166,1997,1997,,2024/02/28,to-read,to-read (#1375),to-read,,,,0,0,,,,,
673719,Inventing Reality: The Politics of News Media,Michael Parenti,"Parenti, Michael",,"=""0312020139""","=""9780312020132""",0,Wadsworth Pub Co,Paperback,274,1992,1986,,2024/02/28,to-read,to-read (#1376),to-read,,,,0,0,,,,,
36722665,The Essential Tversky,Amos Tversky,"Tversky, Amos","Michael   Lewis, Daniel Kahneman, Eldar Shafir","=""0262535106""","=""9780262535106""",0,MIT Press,Paperback,396,2018,2018,,2024/02/09,to-read,to-read (#1374),to-read,,,,0,0,,,,,
210428,Violence: Reflections on a National Epidemic,James Gilligan,"Gilligan, James",,"=""0679779124""","=""9780679779124""",0,Knopf Doubleday Publishing Group,Paperback,320,1997,1996,,2024/02/02,to-read,to-read (#1373),to-read,,,,0,0,,,,,
49094072,In Service of the Republic: The Art and Science of Economic Policy,Vijay Kelkar,"Kelkar, Vijay",Ajay Shah,"=""0670093327""","=""9780670093328""",0,Penguin Allen Lane,Hardcover,448,2019,,,2024/01/28,to-read,to-read (#1372),to-read,,,,1,0,,,,,
112243,Concrete Mathematics: A Foundation for Computer Science,Ronald Graham,"Graham, Ronald","Donald Knuth, Oren Patashnik","=""0201558025""","=""9780201558029""",0,Addison-Wesley Professional,Hardcover,672,1994,1988,,2023/06/01,to-read,to-read (#1370),to-read,,,,0,0,,,,,
3166603,A People's History of the World: From the Stone Age to the New Millennium,Chris Harman,"Harman, Chris",,"=""1844672387""","=""9781844672387""",0,Verso,Paperback,736,2008,1999,,2023/12/16,to-read,to-read (#1371),to-read,,,,0,0,,,,,
18693655,A Mind for Numbers: How to Excel at Math and Science (Even If You Flunked Algebra),Barbara Oakley,"Oakley, Barbara",,"=""039916524X""","=""9780399165245""",0,The Penguin Group,Paperback,336,2014,2014,,2023/03/09,to-read,to-read (#1368),to-read,,,,0,0,,,,,
53237366,"Capital and Imperialism: Theory, History, and the Present",Utsa Patnaik,"Patnaik, Utsa",Prabhat Patnaik,"=""1583678905""","=""9781583678909""",0,Monthly Review Press,Paperback,424,2021,,,2023/02/18,to-read,to-read (#1367),to-read,,,,0,0,,,,,
116556600,A NEW HISTORY OF INDIA: From Its Origins to the Twenty-First Century,Rudrangshu Mukherjee,"Mukherjee, Rudrangshu","Shobita Punja, Toby Sinclair","=""9391047580""","=""9789391047580""",0,Aleph Book Company,Kindle Edition,458,2023,,,2023/04/04,to-read,to-read (#1369),to-read,,,,0,0,,,,,
15125371,The Poorer Nations: A Possible History of the Global South,Vijay Prashad,"Prashad, Vijay",,"=""1844679527""","=""9781844679522""",0,Verso,Hardcover,304,2013,2012,,2023/01/03,to-read,to-read (#1366),to-read,,,,0,0,,,,,
16248551,Coming Up Short: Working-Class Adulthood in an Age of Uncertainty,Jennifer M. Silva,"Silva, Jennifer M.",,"=""0199931461""","=""9780199931460""",0,Oxford University Press,Hardcover,208,2013,2013,,2022/12/31,to-read,to-read (#1365),to-read,,,,0,0,,,,,
52668915,"Entangled Life: How Fungi Make Our Worlds, Change Our Minds & Shape Our Futures",Merlin Sheldrake,"Sheldrake, Merlin",,"=""0525510311""","=""9780525510314""",0,Random House,Hardcover,352,2020,2020,,2022/09/27,to-read,to-read (#1363),to-read,,,,0,0,,,,,
52842983,The Road to Conscious Machines: The Story of AI,Michael Wooldridge,"Wooldridge, Michael",,"=""0241396743""","=""9780241396742""",0,Pelican,Hardcover,416,2020,2020,,2022/12/08,to-read,to-read (#1364),to-read,,,,0,0,,,,,
57693564,Fantastic Numbers and Where to Find Them: A Cosmic Quest from Zero to Infinity,Antonio  Padilla,"Padilla, Antonio",,"=""0374600562""","=""9780374600563""",0,"Farrar, Straus and Giroux",Hardcover,352,2022,2022,,2022/09/14,to-read,to-read (#1361),to-read,,,,0,0,,,,,
60195820,Planning Democracy,Nikhil Menon,"Menon, Nikhil",,"=""1009044583""","=""9781009044585""",0,Cambridge University Press,Paperback,292,2022,,,2022/09/19,to-read,to-read (#1362),to-read,,,,0,0,,,,,
74642,Marx: A Very Short Introduction,Peter Singer,"Singer, Peter",,"=""0192854054""","=""9780192854056""",0,Oxford University Press,Paperback,108,2001,1980,,2022/09/05,to-read,to-read (#1360),to-read,,,,0,0,,,,,
53031823,Philosophy of Science: A Contemporary Introduction,Alexander Rosenberg,"Rosenberg, Alexander",Lee C. Mcintyre,"=""0429447264""","=""9780429447266""",0,Routledge,Unknown Binding,0,2019,,,2022/07/23,to-read,to-read (#1359),to-read,,,,0,0,,,,,
50705179,Numbers Don't Lie: 71 Things You Need to Know About the World,Vaclav Smil,"Smil, Vaclav",,"=""0241454417""","=""9780241454411""",0,Viking,Hardcover,384,2020,2020,,2022/06/27,to-read,to-read (#1358),to-read,,,,0,0,,,,,
77984,Beyond Growth: The Economics of Sustainable Development,Herman E. Daly,"Daly, Herman E.",,"=""0807047090""","=""9780807047095""",0,Beacon Press,Paperback,254,1997,1996,,2022/05/25,to-read,to-read (#1356),to-read,,,,0,0,,,,,
503239,"For the Common Good: Redirecting the Economy toward Community, the Environment, and a Sustainable Future",Herman E. Daly,"Daly, Herman E.",John B. Cobb Jr.,"=""0807047023""","=""9780807047026""",0,Beacon Press,Hardcover,482,1989,1989,,2022/05/25,to-read,to-read (#1357),to-read,,,,0,0,,,,,
25673,City of God,Augustine of Hippo,"Hippo, Augustine of",Henry Bettenson,"=""0140448942""","=""9780140448948""",0,Penguin Books Ltd,Paperback,1186,2003,426,,2022/05/22,to-read,to-read (#1354),to-read,,,,0,0,,,,,
5981308,Bonk: The Curious Coupling of Science and Sex,Mary Roach,"Roach, Mary",,"=""0393334791""","=""9780393334791""",0,W. W. Norton & Company,Paperback,303,2009,2008,,2022/05/23,to-read,to-read (#1355),to-read,,,,0,0,,,,,
127229,"Essays in Understanding, 1930-1954: Formation, Exile, and Totalitarianism",Hannah Arendt,"Arendt, Hannah",,"=""0805211861""","=""9780805211863""",0,Schocken Books,Paperback,458,2005,1994,,2022/04/13,to-read,to-read (#1351),to-read,,,,0,0,,,,,
18816,Problems of Dostoevsky's Poetics,Mikhail Bakhtin,"Bakhtin, Mikhail",,"=""0816612285""","=""9780816612284""",0,University Of Minnesota Press,Paperback,334,1984,1963,,2022/04/13,to-read,to-read (#1352),to-read,,,,0,0,,,,,
60597759,Irrationally Rational: Ten Nobel Laureates Script the Story of Behavioural Economics,Viswanathan Raghunathan,"Raghunathan, Viswanathan",,"=""0670095990""","=""9780670095995""",0,India Viking,Hardcover,328,2022,,,2022/04/27,to-read,to-read (#1353),to-read,,,,0,0,,,,,
366540,Science and Poetry (Routledge Classics),Mary Midgley,"Midgley, Mary",,"=""0415378486""","=""9780415378482""",0,Routledge,Paperback,334,2001,2000,,2022/04/03,to-read,to-read (#1349),to-read,,,,0,0,,,,,
56269264,The Dawn of Everything: A New History of Humanity,David Graeber,"Graeber, David",David Wengrow,"=""0374157359""","=""9780374157357""",0,"Farrar, Straus and Giroux",Hardcover,692,2021,2021,,2022/04/07,to-read,to-read (#1350),to-read,,,,0,0,,,,,
22711850,Introducing Foucault: A Graphic Guide (Graphic Guides),Chris Horrocks,"Horrocks, Chris",Zoran Jevtić,"=""1848317697""","=""9781848317697""",0,Icon Books,Kindle Edition,443,2014,1997,,2022/02/28,to-read,to-read (#1347),to-read,,,,0,0,,,,,
6617037,"Debt: The First 5,000 Years",David Graeber,"Graeber, David",,"=""1933633867""","=""9781933633862""",0,Melville House,Hardcover,534,2011,2011,,2022/03/30,to-read,to-read (#1348),to-read,,,,0,0,,,,,
13591849,Democracy at Work: A Cure for Capitalism,Richard D. Wolff,"Wolff, Richard D.",,"=""1608462471""","=""9781608462476""",0,Haymarket Books,Paperback,220,2012,2012,,2022/02/19,to-read,to-read (#1346),to-read,,,,0,0,,,,,
34466958,Bullshit Jobs: A Theory,David Graeber,"Graeber, David",,"=""150114331X""","=""9781501143311""",0,Simon & Schuster,Hardcover,335,2018,2018,,2022/02/05,to-read,to-read (#1345),to-read,,,,1,0,,,,,
13529055,Mortality,Christopher Hitchens,"Hitchens, Christopher",,"=""1455502758""","=""9781455502752""",0,Grand Central Publishing,Hardcover,104,2012,2012,,2022/02/02,to-read,to-read (#1344),to-read,,,,0,0,,,,,
25489292,Crowds and Party,Jodi Dean,"Dean, Jodi",,"=""1781686947""","=""9781781686942""",0,Verso,Hardcover,288,2016,2015,,2021/11/25,to-read,to-read (#1343),to-read,,,,0,0,,,,,
52767659,The End of Everything (Astrophysically Speaking),Katie  Mack,"Mack, Katie",,"=""198210354X""","=""9781982103545""",0,Scribner,Hardcover,226,2020,2020,,2021/10/06,to-read,to-read (#1342),to-read,,,,0,0,,,,,
188378,The Anatomy of Fascism,Robert O. Paxton,"Paxton, Robert O.",,"=""""","=""""",0,Vintage,Paperback,336,2005,2004,,2021/05/30,to-read,to-read (#1340),to-read,,,,0,0,,,,,
72657,Pedagogy of the Oppressed,Paulo Freire,"Freire, Paulo","Myra Bergman Ramos, Donaldo Macedo","=""0826412769""","=""9780826412768""",0,Continuum,Paperback,183,2000,1968,,2021/08/09,to-read,to-read (#1341),to-read,,,,0,0,,,,,
17609,The Darker Nations: A People's History of the Third World,Vijay Prashad,"Prashad, Vijay",Howard Zinn,"=""1565847857""","=""9781565847859""",0,The New Press,Hardcover,384,2007,2007,,2021/05/29,to-read,to-read (#1338),to-read,,,,0,0,,,,,
194805,Understanding Power: The Indispensable Chomsky,Noam Chomsky,"Chomsky, Noam","John Schoeffel, R. Mitchell","=""1565847032""","=""9781565847033""",0,The New Press,Paperback,416,2002,2002,,2021/05/29,to-read,to-read (#1339),to-read,,,,0,0,,,,,
1237300,The Shock Doctrine: The Rise of Disaster Capitalism,Naomi Klein,"Klein, Naomi",,"=""0805079831""","=""9780805079838""",0,Metropolitan Books,Hardcover,558,2007,2007,,2021/05/27,to-read,to-read (#1337),to-read,,,,0,0,,,,,
12158480,"Why Nations Fail: The Origins of Power, Prosperity, and Poverty",Daron Acemoğlu,"Acemoğlu, Daron",James A. Robinson,"=""0307719219""","=""9780307719218""",0,Crown Currency,Hardcover,529,2012,2012,,2021/05/14,to-read,to-read (#1335),to-read,,,,0,0,,,,,
36442813,The Order of Time,Carlo Rovelli,"Rovelli, Carlo",,"=""073521610X""","=""9780735216105""",0,Riverhead Books,Hardcover,224,2018,2017,,2021/05/19,to-read,to-read (#1336),to-read,,,,0,0,,,,,
179612,The State and Revolution,Vladimir Lenin,"Lenin, Vladimir",,"=""1419183478""","=""9781419183478""",0,Kessinger Publishing,Paperback,116,2004,1917,,2021/05/09,to-read,to-read (#1334),to-read,,,,1,0,,,,,
27276428,The Gene: An Intimate History,Siddhartha Mukherjee,"Mukherjee, Siddhartha",,"=""""","=""""",0,Scribner,Hardcover,592,2016,2016,,2021/04/10,to-read,to-read (#1333),to-read,,,,0,0,,,,,
635635,"Women, Race & Class",Angela Y. Davis,"Davis, Angela Y.",,"=""0394713516""","=""9780394713519""",0,Vintage,Paperback,271,1983,1981,,2021/03/09,to-read,to-read (#1331),to-read,,,,0,0,,,,,
12075,Tractatus Logico-Philosophicus (Routledge Classics),Ludwig Wittgenstein,"Wittgenstein, Ludwig","David Pears, Brian McGuinness, Bertrand Russell","=""0415254086""","=""9780415254083""",0,Routledge,Paperback,142,2001,1921,,2021/03/09,to-read,to-read (#1332),to-read,,,,0,0,,,,,
31795,The Story of Philosophy: The Lives and Opinions of the World's Greatest Philosophers,Will Durant,"Durant, Will",,"=""0671739166""","=""9780671739164""",0,Pocket Books,Paperback,704,1991,1926,,2021/02/23,to-read,to-read (#1330),to-read,,,,0,0,,,,,
2761,The Denial of Death,Ernest Becker,"Becker, Ernest",Sam Keen,"=""""","=""""",0,Free Press,Paperback,336,1997,1973,,2021/01/27,to-read,to-read (#1329),to-read,,,,0,0,,,,,
36336078,"Call Me By Your Name (Call Me By Your Name, #1)",André Aciman,"Aciman, André",,"=""""","=""""",0,Atlantic Books,Paperback,248,2017,2007,,2021/04/10,to-read,to-read (#1328),to-read,,,,1,0,,,,,
6149,Beloved,Toni Morrison,"Morrison, Toni",,"=""""","=""""",0,Vintage,Paperback,325,2004,1987,,2021/04/06,to-read,to-read (#1327),to-read,,,,1,0,,,,,
43352954,This Is How You Lose the Time War,Amal El-Mohtar,"El-Mohtar, Amal",Max Gladstone,"=""""","=""""",0,Saga Press,ebook,209,2019,2019,,2021/04/06,to-read,to-read (#1326),to-read,,,,0,0,,,,,
8682,Jitterbug Perfume,Tom Robbins,"Robbins, Tom",,"=""1842430351""","=""9781842430354""",0,No Exit Press,Paperback,342,2001,1984,,2021/03/11,to-read,to-read (#1325),to-read,,,,0,0,,,,,
69136,"The Book of Lost Things (The Book of Lost Things, #1)",John Connolly,"Connolly, John",,"=""0743298853""","=""9780743298858""",0,Atria Books,Hardcover,339,2006,2006,,2021/03/10,to-read,to-read (#1324),to-read,,,,0,0,,,,,
9712,Love in the Time of Cholera,Gabriel García Márquez,"Márquez, Gabriel García","Edith Grossman, Kjell Risvik, Carlos Marrodán Casas","=""140003468X""","=""9781400034680""",0,Vintage International,Paperback,348,2003,1985,,2021/03/08,to-read,to-read (#1321),to-read,,,,0,0,,,,,
37004370,The Memory Police,Yōko Ogawa,"Ogawa, Yōko",Stephen    Snyder,"=""1101870605""","=""9781101870600""",0,Pantheon,Hardcover,274,2019,1994,,2021/03/09,to-read,to-read (#1322),to-read,,,,0,0,,,,,
53487148,A Thousand Ships,Natalie Haynes,"Haynes, Natalie",,"=""0063065398""","=""9780063065390""",0,Harper,Hardcover,368,2021,2019,,2021/03/10,to-read,to-read (#1323),to-read,,,,0,0,,,,,
33561480,1984,George Orwell,"Orwell, George",,"=""8192910903""","=""9788192910901""",0,Amazing Reads,Paperback,310,2014,1949,,2021/01/27,to-read,to-read (#1319),to-read,,,,0,0,,,,,
17333223,The Goldfinch,Donna Tartt,"Tartt, Donna",,"=""0316055433""","=""9780316055437""",0,"Little, Brown",Hardcover,771,2013,2013,,2021/02/13,to-read,to-read (#1320),to-read,,,,0,0,,,,,
5129,Brave New World,Aldous Huxley,"Huxley, Aldous",,"=""0060929871""","=""9780060929879""",0,HarperPerennial / Perennial Classics,Paperback,288,1998,1932,,2021/01/23,to-read,to-read (#1318),to-read,,,,0,0,,,,,
7144,Crime and Punishment,Fyodor Dostoevsky,"Dostoevsky, Fyodor","David McDuff, Joseph Frank, Fyodor Dostoyevsky","=""""","=""""",0,Penguin,Paperback,671,2002,1866,,2021/01/23,to-read,to-read (#1317),to-read,,,,0,0,,,,,
14497,"Neverwhere (London Below, #1)",Neil Gaiman,"Gaiman, Neil",,"=""0060557818""","=""9780060557812""",0,William Morrow Paperbacks,Paperback,370,2003,1996,,2021/01/23,to-read,to-read (#1316),to-read,,,,0,0,,,,,
11989,The Plague,Albert Camus,"Camus, Albert",Stuart Gilbert,"=""""","=""""",0,Vintage International,Paperback,308,1991,1947,,2021/01/23,to-read,to-read (#1314),to-read,,,,0,0,,,,,
2547,The Prophet,Kahlil Gibran,"Gibran, Kahlil",,"=""000100039X""","=""9780001000391""",0,Rupa & Co,Paperback,127,2003,1923,,2021/01/23,to-read,to-read (#1313),to-read,,,,0,0,,,,,
6759,Infinite Jest,David Foster Wallace,"Wallace, David Foster",,"=""""","=""""",0,Back Bay Books,Paperback,1088,2005,1996,,2021/01/23,to-read,to-read (#1315),to-read,,,,0,0,,,,,
77013,As I Lay Dying,William Faulkner,"Faulkner, William",,"=""""","=""""",0,Vintage,Paperback,270,1991,1930,,2021/01/23,to-read,to-read (#1312),to-read,,,,0,0,,,,,
37781,"Things Fall Apart (The African Trilogy, #1)",Chinua Achebe,"Achebe, Chinua",,"=""""","=""""",0,Anchor Books,Paperback,215,1994,1958,,2021/01/23,to-read,to-read (#1311),to-read,,,,0,0,,,,,
168668,Catch-22,Joseph Heller,"Heller, Joseph",,"=""0684833395""","=""9780684833392""",0,Simon & Schuster ,Paperback,453,2004,1961,,2021/01/23,to-read,to-read (#1310),to-read,,,,0,0,,,,,
5113,Franny and Zooey,J.D. Salinger,"Salinger, J.D.",,"=""0316769029""","=""9780316769020""",0,"Little, Brown Paperbacks",Paperback,201,2001,1957,,2021/01/23,to-read,to-read (#1309),to-read,,,,0,0,,,,,
227463,A Clockwork Orange,Anthony Burgess,"Burgess, Anthony",,"=""""","=""""",0,W. W. Norton & Company,Paperback,192,1986,1962,,2021/01/23,to-read,to-read (#1307),to-read,,,,0,0,,,,,
228560,Sophie’s Choice,William Styron,"Styron, William",,"=""0679736379""","=""9780679736370""",0,Vintage Books,Paperback,562,1992,1979,,2021/01/23,to-read,to-read (#1308),to-read,,,,0,0,,,,,
662,Atlas Shrugged,Ayn Rand,"Rand, Ayn",Leonard Peikoff,"=""0452011876""","=""9780452011878""",0,Plume,Paperback,1168,1999,1957,,2021/01/23,to-read,to-read (#1304),to-read,,,,0,0,,,,,
77767,"Little House on the Prairie (Little House, #3)",Laura Ingalls Wilder,"Wilder, Laura Ingalls",Garth Williams,"=""""","=""""",0,HarperTrophy,Paperback,335,1994,1935,,2021/01/23,to-read,to-read (#1306),to-read,,,,0,0,,,,,
2122,The Fountainhead,Ayn Rand,"Rand, Ayn",Leonard Peikoff,"=""""","=""""",0,Signet Book,Mass Market Paperback,704,1996,1943,,2021/01/23,to-read,to-read (#1305),to-read,,,,0,0,,,,,
13,"The Ultimate Hitchhiker’s Guide to the Galaxy (Hitchhiker's Guide to the Galaxy, #1-5)",Douglas Adams,"Adams, Douglas",,"=""0345453743""","=""9780345453747""",0,Del Rey Books,Paperback,815,2002,1996,,2021/01/23,to-read,to-read (#1303),to-read,,,,0,0,,,,,
332613,One Flew Over the Cuckoo’s Nest,Ken Kesey,"Kesey, Ken",,"=""""","=""""",0,Signet,Mass Market Paperback,325,1963,1962,,2021/01/23,to-read,to-read (#1302),to-read,,,,0,0,,,,,
4406,East of Eden,John Steinbeck,"Steinbeck, John",,"=""0142000655""","=""9780142000656""",0,Penguin Books,Paperback,601,2002,1952,,2021/01/23,to-read,to-read (#1301),to-read,,,,0,0,,,,,
320,One Hundred Years of Solitude,Gabriel García Márquez,"Márquez, Gabriel García",Gregory Rabassa,"=""""","=""""",0,Harper,Mass Market Paperback,417,2003,1967,,2021/01/23,to-read,to-read (#1299),to-read,,,,0,0,,,,,
18405,Gone with the Wind,Margaret Mitchell,"Mitchell, Margaret",,"=""0446365386""","=""9780446365383""",0,Warner Books,Mass Market Paperback,1037,1993,1936,,2021/01/23,to-read,to-read (#1300),to-read,,,,0,0,,,,,
13079982,Fahrenheit 451,Ray Bradbury,"Bradbury, Ray",,"=""""","=""""",0,Simon & Schuster,Mass Market Paperback,249,2011,1963,,2021/01/23,to-read,to-read (#1297),to-read,,,,0,0,,,,,
5107,The Catcher in the Rye,J.D. Salinger,"Salinger, J.D.",,"=""0316769177""","=""9780316769174""",0,Back Bay Books,Paperback,277,2001,1951,,2021/01/23,to-read,to-read (#1298),to-read,,,,0,0,,,,,
4671,The Great Gatsby,F. Scott Fitzgerald,"Fitzgerald, F. Scott",,"=""0743273567""","=""9780743273565""",0,Scribner,Paperback,180,2025,1925,,2021/01/23,to-read,to-read (#1296),to-read,,,,0,0,,,,,
2657,To Kill a Mockingbird,Harper Lee,"Lee, Harper",,"=""0060935464""","=""9780060935467""",0,Harper Perennial Modern Classics ,Paperback,323,2006,1960,,2021/01/23,to-read,to-read (#1295),to-read,,,,0,0,,,,,
13658,The Other Wind,Ursula K. Le Guin,"Guin, Ursula K. Le",,"=""044101125X""","=""9780441011254""",0,Ace Books,Paperback,211,2003,2001,,2023/01/04,to-read,to-read (#1293),to-read,,,,0,0,,,,,
60320602,"Gleanings (Arc of a Scythe, #3.5)",Neal Shusterman,"Shusterman, Neal","David  Yoon, Jarrod Shusterman, Joelle Shusterman, Michael H. Payne, Michelle Knowlden, Sofía Lapuente","=""1534499970""","=""9781534499973""",0,Simon & Schuster Books for Young Readers,Hardcover,423,2022,2022,,2023/01/06,to-read,to-read (#1294),to-read,,,,0,0,,,,,
13659,Tales from Earthsea,Ursula K. Le Guin,"Guin, Ursula K. Le",,"=""0441011241""","=""9780441011247""",0,Ace,Mass Market Paperback,280,2003,2001,,2023/01/04,to-read,to-read (#1292),to-read,,,,0,0,,,,,
13667,The Farthest Shore,Ursula K. Le Guin,"Guin, Ursula K. Le",,"=""141650964X""","=""9781416509646""",0,Gallery Books,Paperback,259,2004,1972,,2023/01/04,to-read,to-read (#1290),to-read,,,,0,0,,,,,
13662,"The Tombs of Atuan (Earthsea Cycle, #2)",Ursula K. Le Guin,"Guin, Ursula K. Le",,"=""0689845367""","=""9780689845369""",0,Aladdin Paperbacks,Mass Market Paperback,180,2001,1970,,2023/01/04,to-read,to-read (#1291),to-read,,,,0,0,,,,,
13661,Tehanu,Ursula K. Le Guin,"Guin, Ursula K. Le",,"=""1416509631""","=""9781416509639""",0,Pocket Books,Paperback,281,2004,1990,,2023/01/04,to-read,to-read (#1289),to-read,,,,0,0,,,,,
58446227,Sea of Tranquility,Emily St. John Mandel,"Mandel, Emily St. John",,"=""0593321448""","=""9780593321447""",0,Knopf,Hardcover,259,2022,2022,,2022/12/11,to-read,to-read (#1288),to-read,,,,0,0,,,,,
32497573,Everyone's a Aliebn When Ur a Aliebn Too,Jomny Sun,"Sun, Jomny",Jonny Sun,"=""""","=""""",0,Harper Perennial,ebook,256,2017,2017,,2022/10/26,to-read,to-read (#1285),to-read,,,,0,0,,,,,
58784475,"Tomorrow, and Tomorrow, and Tomorrow",Gabrielle Zevin,"Zevin, Gabrielle",,"=""0735243344""","=""9780735243347""",0,Knopf,Paperback,399,2022,2022,,2022/12/11,to-read,to-read (#1287),to-read,,,,0,0,,,,,
58776211,Waiting in the Sky,Keith A. Pearson,"Pearson, Keith A.",,"=""""","=""""",0,Inchgate Publishing,Kindle Edition,412,2021,2021,,2022/10/27,to-read,to-read (#1286),to-read,,,,0,0,,,,,
374233,If on a Winter's Night a Traveler,Italo Calvino,"Calvino, Italo",William Weaver,"=""""","=""""",0,L&OD Key Porter,Paperback,260,1982,1979,,2022/10/13,to-read,to-read (#1284),to-read,,,,0,0,,,,,
57917042,"Anatomy: A Love Story (The Anatomy Duology, #1)",Dana Schwartz,"Schwartz, Dana",,"=""""","=""""",0,Wednesday Books,Hardcover,338,2022,2022,,2022/10/07,to-read,to-read (#1283),to-read,,,,0,0,,,,,
2052,"The Big Sleep (Philip Marlowe, #1)",Raymond Chandler,"Chandler, Raymond",,"=""""","=""""",0,Vintage Crime,Paperback,231,1988,1939,,2022/10/01,to-read,to-read (#1282),to-read,,,,0,0,,,,,
58065414,Funny You Should Ask,Elissa Sussman,"Sussman, Elissa",,"=""0593357329""","=""9780593357323""",0,Dell,Paperback,340,2022,2022,,2022/10/01,to-read,to-read (#1281),to-read,,,,0,0,,,,,
63028719,"The Sun and the Star (The Nico di Angelo Adventures, #1)",Rick Riordan,"Riordan, Rick",Mark Oshiro,"=""1368081347""","=""9781368081344""",0,Disney Hyperion,Kindle Edition,480,2023,2023,,2022/09/29,to-read,to-read (#1280),to-read,,,,0,0,,,,,
7061,"The No. 1 Ladies' Detective Agency (No. 1 Ladies' Detective Agency, #1)",Alexander McCall Smith,"Smith, Alexander McCall",,"=""1400034779""","=""9781400034772""",0,Vintage,Paperback,235,2003,1998,,2022/09/27,to-read,to-read (#1279),to-read,,,,0,0,,,,,
6101138,"Wolf Hall (Thomas Cromwell, #1)",Hilary Mantel,"Mantel, Hilary",,"=""""","=""""",0,HarperCollins Publishers Ltd,Paperback,653,2010,2009,,2022/09/24,to-read,to-read (#1278),to-read,,,,0,0,,,,,
650775,Collected Ghost Stories,M.R. James,"James, M.R.",,"=""1853268399""","=""9781853268397""",0,Wordsworth Editions Ltd,Hardcover,568,1994,1931,,2022/09/23,to-read,to-read (#1277),to-read,,,,0,0,,,,,
44294655,A Certain Hunger,Chelsea G. Summers,"Summers, Chelsea G.",,"=""""","=""""",0,Audible Studios,Paperback,250,2019,2019,,2022/09/19,to-read,to-read (#1276),to-read,,,,0,0,,,,,
17907199,"The Serpent's Tooth (Empire of the Moghul, #5)",Alex Rutherford,"Rutherford, Alex",,"=""0755347641""","=""9780755347643""",0,Headline Fiction,Paperback,432,2013,2013,,2022/08/30,to-read,to-read (#1274),to-read,,,,0,0,,,,,
23197269,Aurora,Kim Stanley Robinson,"Robinson, Kim Stanley",,"=""0316098108""","=""9780316098106""",0,Orbit,Hardcover,466,2015,2015,,2022/08/26,to-read,to-read (#1273),to-read,,,,0,0,,,,,
24485959,"Traitors in the Shadows (Empire of the Moghul, #6)",Alex Rutherford,"Rutherford, Alex",,"=""1472205898""","=""9781472205896""",0,Review,Hardcover,368,2015,2015,,2022/08/30,to-read,to-read (#1275),to-read,,,,0,0,,,,,
33667103,The Children of Jocasta,Natalie Haynes,"Haynes, Natalie",,"=""""","=""""",0,Mantle,Hardcover,336,2017,2017,,2022/08/20,to-read,to-read (#1272),to-read,,,,0,0,,,,,
60445291,Stone Blind: Medusa's Story,Natalie Haynes,"Haynes, Natalie",,"=""1529061474""","=""9781529061475""",0,Mantle,Hardcover,371,2022,2022,,2022/08/20,to-read,to-read (#1271),to-read,,,,0,0,,,,,
1330324,"Sea of Poppies (Ibis Trilogy, #1)",Amitav Ghosh,"Ghosh, Amitav",,"=""071956896X""","=""9780719568961""",0,John Murray Publisher,Paperback,513,2008,2008,,2022/08/09,to-read,to-read (#1269),to-read,,,,0,0,,,,,
51135393,Pandora's Jar: Women in the Greek Myths,Natalie Haynes,"Haynes, Natalie",,"=""1509873112""","=""9781509873111""",0,Picador,Hardcover,320,2020,2020,,2022/08/20,to-read,to-read (#1270),to-read,,,,0,0,,,,,
58724745,The Book Eaters,Sunyi Dean,"Dean, Sunyi",,"=""1250810183""","=""9781250810182""",0,Tor Books,Hardcover,298,2022,2022,,2022/07/31,to-read,to-read (#1268),to-read,,,,0,0,,,,,
747746,The Curious Case of Benjamin Button,F. Scott Fitzgerald,"Fitzgerald, F. Scott",Calef Brown,"=""1416556052""","=""9781416556053""",0,Scribner,Paperback,56,2007,1922,,2022/07/30,to-read,to-read (#1267),to-read,,,,0,0,,,,,
9822053,Middlemarch,George Eliot,"Eliot, George",Rosemary Ashton,"=""0141196890""","=""9780141196893""",0,Penguin Classics,Hardcover,880,2011,1872,,2022/07/14,to-read,to-read (#1264),to-read,,,,0,0,,,,,
53474694,"Don't Worry, Darling",Carey Van Dyke,"Dyke, Carey Van","Shane Van Dyke, Katie Silberman","=""""","=""""",0,,ebook,95,2019,,,2022/07/25,to-read,to-read (#1265),to-read,,,,0,0,,,,,
18336965,My Heart and Other Black Holes,Jasmine Warga,"Warga, Jasmine",,"=""0062324691""","=""9780062324696""",0,HarperCollins/Balzer + Bray,Kindle Edition,302,2015,2015,,2022/06/28,to-read,to-read (#1261),to-read,,,,0,0,,,,,
33652490,Men Without Women,Haruki Murakami,"Murakami, Haruki","Phillip Gabriel, Ted Goossen, Chip Kidd","=""0385689454""","=""9780385689458""",0,Bond Street Books,Kindle Edition,242,2017,2014,,2022/07/08,to-read,to-read (#1263),to-read,,,,0,0,,,,,
27208482,Smoke,Dan Vyleta,"Vyleta, Dan",,"=""0385540175""","=""9780385540179""",0,Doubleday,ebook,448,2016,2016,,2022/07/06,to-read,to-read (#1262),to-read,,,,0,0,,,,,
7137666,The Witches,Roald Dahl,"Dahl, Roald",,"=""0141326212""","=""9780141326214""",0,Puffin Books,Paperback,201,2009,1983,,2022/06/25,to-read,to-read (#1259),to-read,,,,0,0,,,,,
60402903,Cold Enough for Snow,Jessica Au,"Au, Jessica",,"=""""","=""""",0,New Directions,Kindle Edition,145,2022,2022,,2022/06/26,to-read,to-read (#1260),to-read,,,,0,0,,,,,
6801335,Alone in Berlin,Hans Fallada,"Fallada, Hans","Michael Hofmann, Geoff Wilkes","=""014118938X""","=""9780141189383""",0,Penguin Classics,Paperback,590,2009,1947,,2022/06/09,to-read,to-read (#1257),to-read,,,,0,0,,,,,
15771809,Breakfast,John Steinbeck,"Steinbeck, John",,"=""""","=""""",0,,Unknown Binding,,,,,2022/06/23,to-read,to-read (#1258),to-read,,,,0,0,,,,,
46189814,Down Comes the Night,Allison Saft,"Saft, Allison",,"=""1250623634""","=""9781250623638""",0,Wednesday Books,Hardcover,400,2021,2021,,2022/05/27,to-read,to-read (#1255),to-read,,,,0,0,,,,,
58484048,The Loophole,Naz Kutub,"Kutub, Naz",,"=""1547609176""","=""9781547609178""",0,Bloomsbury YA,Hardcover,336,2022,2022,,2022/06/02,to-read,to-read (#1256),to-read,,,,0,0,,,,,
12914,The Aeneid,Virgil,"Virgil, Virgil",Robert Fitzgerald,"=""0679729526""","=""9780679729525""",0,Vintage,Paperback,442,1990,-19,,2022/05/12,to-read,to-read (#1252),to-read,,,,0,0,,,,,
78411,"The Bad Beginning (A Series of Unfortunate Events, #1)",Lemony Snicket,"Snicket, Lemony",Brett Helquist,"=""0439206472""","=""9780439206471""",0,"Scholastic, Inc.",Paperback,162,1999,1999,,2022/05/14,to-read,to-read (#1253),to-read,,,,0,0,,,,,
39832183,The Guernsey Literary and Potato Peel Pie Society,Mary Ann Shaffer,"Shaffer, Mary Ann",Annie Barrows,"=""1984801813""","=""9781984801814""",0,Dial Press Trade Paperback,Paperback,291,2018,2008,,2022/05/15,to-read,to-read (#1254),to-read,,,,0,0,,,,,
44562552,The Argentine Ant,Italo Calvino,"Calvino, Italo",,"=""""","=""""",0,Esquire,ebook,,,1952,,2022/05/08,to-read,to-read (#1251),to-read,,,,0,0,,,,,
38324273,Hotel Silence,Auður Ava Ólafsdóttir,"Ólafsdóttir, Auður Ava",Brian FitzGibbon,"=""1782274200""","=""9781782274209""",0,Pushkin Press,Kindle Edition,174,2018,2016,,2022/05/06,to-read,to-read (#1250),to-read,,,,0,0,,,,,
22929524,The Odd Woman and the City,Vivian Gornick,"Gornick, Vivian",,"=""0374298602""","=""9780374298609""",0,"Farrar, Straus and Giroux",Hardcover,192,2015,2015,,2022/04/30,to-read,to-read (#1248),to-read,,,,0,0,,,,,
36840397,A Place for Us,Fatima Farheen Mirza,"Mirza, Fatima Farheen",,"=""1524763551""","=""9781524763558""",0,SJP for Hogarth,Hardcover,385,2018,2018,,2022/04/30,to-read,to-read (#1249),to-read,,,,0,0,,,,,
46654,"The Foundation Trilogy (Foundation, #1-3)",Isaac Asimov,"Asimov, Isaac",,"=""0380508567""","=""9780380508563""",0,,Mass Market Paperback,679,1974,1953,,2022/04/25,to-read,to-read (#1247),to-read,,,,0,0,,,,,
45304101,The Great Believers,Rebecca Makkai,"Makkai, Rebecca",,"=""073522353X""","=""9780735223530""",0,Penguin Books,Paperback,421,2019,2018,,2022/04/25,to-read,to-read (#1246),to-read,,,,0,0,,,,,
14569052,Purple Hibiscus,Chimamanda Ngozi Adichie,"Adichie, Chimamanda Ngozi",,"=""1616202416""","=""9781616202415""",0,Algonquin Books,Paperback,336,2012,2003,,2022/04/23,to-read,to-read (#1244),to-read,,,,0,0,,,,,
25622258,The Lives of Others,Neel Mukherjee,"Mukherjee, Neel",,"=""0393351718""","=""9780393351712""",0,W. W. Norton & Company,Paperback,530,2015,2014,,2022/04/25,to-read,to-read (#1245),to-read,,,,0,0,,,,,
89717,The Haunting of Hill House,Shirley Jackson,"Jackson, Shirley",Laura Miller,"=""0143039989""","=""9780143039983""",0,Penguin Classics,Paperback,182,2006,1959,,2022/04/12,to-read,to-read (#1243),to-read,,,,0,0,,,,,
219599,My Work is Not Yet Done: Three Tales of Corporate Horror,Thomas Ligotti,"Ligotti, Thomas",Harry Morris,"=""0965943372""","=""9780965943376""",0,Mythos Books,Hardcover,200,2002,2002,,2022/04/12,to-read,to-read (#1242),to-read,,,,0,0,,,,,
49025767,"Darius the Great Deserves Better (Darius the Great, #2)",Adib Khorram,"Khorram, Adib",,"=""059310823X""","=""9780593108239""",0,Dial Books,Hardcover,342,2020,2020,,2022/04/12,to-read,to-read (#1241),to-read,,,,0,0,,,,,
25614492,Salt to the Sea,Ruta Sepetys,"Sepetys, Ruta",,"=""""","=""""",0,Philomel Books,Hardcover,391,2016,2016,,2022/04/09,to-read,to-read (#1240),to-read,,,,0,0,,,,,
57809127,A Terrible Kindness,Jo Browning Wroe,"Wroe, Jo Browning",,"=""0571368298""","=""9780571368297""",0,Faber & Faber,Hardcover,400,2022,2022,,2022/04/08,to-read,to-read (#1239),to-read,,,,0,0,,,,,
6198,Boyhood (Scenes from Provincial Life #1),J.M. Coetzee,"Coetzee, J.M.",,"=""014026566X""","=""9780140265668""",0,Penguin Books,Paperback,166,1998,1997,,2022/03/30,to-read,to-read (#1237),to-read,,,,0,0,,,,,
7082,Do Androids Dream of Electric Sheep?,Philip K. Dick,"Dick, Philip K.",Roger Zelazny,"=""""","=""""",0,Del Rey / Ballantine Books,Paperback,244,1996,1968,,2022/03/29,to-read,to-read (#1236),to-read,,,,0,0,,,,,
110871,Thérèse Raquin,Émile Zola,"Zola, Émile",Robin Buss,"=""0140449442""","=""9780140449440""",0,Penguin Books,Paperback,201,2004,1867,,2022/04/04,to-read,to-read (#1238),to-read,,,,0,0,,,,,
33917,The Namesake,Jhumpa Lahiri,"Lahiri, Jhumpa",,"=""0618485228""","=""9780618485222""",0,Mariner,Paperback,304,2003,2003,,2022/03/22,to-read,to-read (#1234),to-read,,,,0,0,,,,,
23209924,The Water Knife,Paolo Bacigalupi,"Bacigalupi, Paolo",,"=""0385352875""","=""9780385352871""",0,Knopf,Hardcover,371,2015,2015,,2022/03/25,to-read,to-read (#1235),to-read,,,,0,0,,,,,
52397,"Parable of the Sower (Earthseed, #1)",Octavia E. Butler,"Butler, Octavia E.",,"=""0446675504""","=""9780446675505""",0,Grand Central Publishing,Paperback,368,2000,1993,,2022/02/16,to-read,to-read (#1231),to-read,,,,0,0,,,,,
56269004,"Silent Parade (Detective Galileo, #4)",Keigo Higashino,"Higashino, Keigo",Giles Murray,"=""1250624819""","=""9781250624819""",0,Minotaur Books,Hardcover,344,2021,2018,,2022/02/19,to-read,to-read (#1232),to-read,,,,0,0,,,,,
17837762,Uzumaki,Junji Ito,"Ito, Junji",Yuji Oniki,"=""1421561328""","=""9781421561325""",0,VIZ Media,Hardcover,653,2013,1998,,2022/03/06,to-read,to-read (#1233),to-read,,,,0,0,,,,,
68783,"Girl, Interrupted",Susanna Kaysen,"Kaysen, Susanna",,"=""0679746048""","=""9780679746041""",0,Vintage ,Paperback,169,1994,1993,,2022/02/05,to-read,to-read (#1230),to-read,,,,0,0,,,,,
59923734,The Patron Saint of Second Chances,Christine Simon,"Simon, Christine",,"=""1982188790""","=""9781982188795""",0,Atria Books,Kindle Edition,303,2022,2022,,2022/02/05,to-read,to-read (#1229),to-read,,,,0,0,,,,,
36206591,Love and Other Words,Christina Lauren,"Lauren, Christina",,"=""1501190539""","=""9781501190537""",0,Gallery Books,Hardcover,432,2018,2018,,2022/01/08,to-read,to-read (#1227),to-read,,,,0,0,,,,,
58553765,Valmiki's Women,Anand Neelakantan,"Neelakantan, Anand",,"=""9390679869""","=""9789390679867""",0, Westland ,Paperback,234,2021,2021,,2022/02/05,to-read,to-read (#1228),to-read,,,,0,0,,,,,
23821354,"The Healers' Road (The Balance Academy, #1)",S.E. Robertson,"Robertson, S.E.",,"=""""","=""""",0,,Kindle Edition,290,2014,2014,,2022/01/05,to-read,to-read (#1225),to-read,,,,0,0,,,,,
33916024,Sourdough,Robin Sloan,"Sloan, Robin",,"=""0374203105""","=""9780374203108""",0,"MCD Farrar, Straus and Giroux",Hardcover,259,2017,2017,,2022/01/05,to-read,to-read (#1226),to-read,,,,0,0,,,,,
111389,Funny Boy,Shyam Selvadurai,"Selvadurai, Shyam",,"=""015600500X""","=""9780156005005""",0,Harvest,Paperback,320,1997,1994,,2022/01/02,to-read,to-read (#1222),to-read,,,,0,0,,,,,
656,War and Peace,Leo Tolstoy,"Tolstoy, Leo","Aylmer Maude, Louise Maude","=""0192833987""","=""9780192833983""",0,Oxford University Press,Paperback,1392,1998,1868,,2022/01/04,to-read,to-read (#1224),to-read,,,,0,0,,,,,
57739876,To Paradise,Hanya Yanagihara,"Yanagihara, Hanya",,"=""0385547935""","=""9780385547932""",0,Doubleday,Hardcover,720,2022,2022,,2022/01/03,to-read,to-read (#1223),to-read,,,,0,0,,,,,
61666,Contact,Carl Sagan,"Sagan, Carl",,"=""2266079999""","=""9782266079990""",0,Pocket,Mass Market Paperback,580,1997,1985,,2021/12/06,to-read,to-read (#1220),to-read,,,,0,0,,,,,
58191264,"Best Wishes, Warmest Regards: The Story of Schitt's Creek",Daniel  Levy,"Levy, Daniel","Eugene Levy, Catherine O'Hara, Annie  Murphy, Emily Hampshire, Jennifer  Robertson, Tim Rozon, Chris   Elliott, Dustin Milligan, Noah Reid, Sarah  Levy, John Hemphill, Karen Robinson, Rizwan Manji","=""""","=""""",0,Black Dog & Leventhal,Hardcover,368,2021,2021,,2021/12/13,to-read,to-read (#1221),to-read,,,,0,0,,,,,
298275,Nausea,Jean-Paul Sartre,"Sartre, Jean-Paul","Lloyd Alexander, Hayden Carruth","=""0811201880""","=""9780811201889""",0,New Directions,Hardcover,178,1969,1938,,2021/12/04,to-read,to-read (#1219),to-read,,,,0,0,,,,,
8695,"The Restaurant at the End of the Universe (The Hitchhiker's Guide to the Galaxy, #2)",Douglas Adams,"Adams, Douglas",,"=""""","=""""",0,Del Rey,Paperback,250,2005,1980,,2021/11/23,to-read,to-read (#1217),to-read,,,,0,0,,,,,
6288,The Road,Cormac McCarthy,"McCarthy, Cormac",,"=""0307265439""","=""9780307265432""",0,Alfred A. Knopf,Hardcover,241,2006,2006,,2021/11/23,to-read,to-read (#1218),to-read,,,,0,0,,,,,
157387,"The Vintner's Luck (Vintner's Luck, #1)",Elizabeth Knox,"Knox, Elizabeth",,"=""0312264100""","=""9780312264109""",0,Picador,Paperback,284,2000,1998,,2021/09/23,to-read,to-read (#1216),to-read,,,,0,0,,,,,
8477057,Daytripper,Fábio Moon,"Moon, Fábio","Gabriel Bá, Craig Thompson, Dave  Stewart, Sean Konot","=""1401229697""","=""9781401229696""",0,Vertigo (DC Comics),Paperback,256,2011,2011,,2021/09/23,to-read,to-read (#1215),to-read,,,,0,0,,,,,
271487,As Meat Loves Salt,Maria McCann,"McCann, Maria",,"=""015601226X""","=""9780156012263""",0,Harvest Books; 1 edition,Paperback,565,2003,2001,,2021/09/23,to-read,to-read (#1213),to-read,,,,0,0,,,,,
16126596,The People in the Trees,Hanya Yanagihara,"Yanagihara, Hanya",,"=""0385536771""","=""9780385536776""",0,Doubleday,Hardcover,369,2013,2013,,2021/09/23,to-read,to-read (#1214),to-read,,,,0,0,,,,,
23444482,"The Traitor Baru Cormorant (The Masquerade, #1)",Seth Dickinson,"Dickinson, Seth",,"=""0765380722""","=""9780765380722""",0,Tor Books / Tom Doherty Associates ,Hardcover,399,2015,2015,,2021/09/23,to-read,to-read (#1212),to-read,,,,0,0,,,,,
11899,The Hours,Michael Cunningham,"Cunningham, Michael",,"=""0312305060""","=""9780312305062""",0,Picador,Paperback,230,2002,1998,,2021/09/03,to-read,to-read (#1211),to-read,,,,0,0,,,,,
55118247,The End of the World is a Cul de Sac,Louise Kennedy,"Kennedy, Louise",,"=""1526623277""","=""9781526623270""",0,Bloomsbury Publishing,Hardcover,304,2021,2021,,2021/08/06,to-read,to-read (#1210),to-read,,,,0,0,,,,,
10114,Helen of Troy,Margaret George,"George, Margaret",,"=""0670037788""","=""9780670037780""",0,Viking Adult,Hardcover,611,2006,2006,,2021/05/20,to-read,to-read (#1208),to-read,,,,0,0,,,,,
40916679,"A Good Girl's Guide to Murder (A Good Girl's Guide to Murder, #1)",Holly  Jackson,"Jackson, Holly",,"=""1405293187""","=""9781405293181""",0,Electric Monkey,Paperback,433,2019,2019,,2021/07/27,to-read,to-read (#1209),to-read,,,,0,0,,,,,
1232,"The Shadow of the Wind (The Cemetery of Forgotten Books, #1)",Carlos Ruiz Zafón,"Zafón, Carlos Ruiz",Lucia Graves,"=""""","=""""",0,Penguin Books,Paperback,487,2005,2001,,2021/05/09,to-read,to-read (#1206),to-read,,,,0,0,,,,,
54610962,What Comes After,JoAnne  Tompkins,"Tompkins, JoAnne",,"=""059308599X""","=""9780593085998""",0,Riverhead Books,Hardcover,420,2021,2021,,2021/05/09,to-read,to-read (#1205),to-read,,,,0,0,,,,,
52761023,Against the Loveless World,Susan Abulhawa,"Abulhawa, Susan",,"=""1982137037""","=""9781982137038""",0,Atria Books,Hardcover,384,2020,2019,,2021/05/10,to-read,to-read (#1207),to-read,,,,0,0,,,,,
762390,The Hour of the Star,Clarice Lispector,"Lispector, Clarice",Giovanni Pontiero,"=""0811211908""","=""9780811211901""",0,New Directions,Paperback,96,1992,1977,,2021/05/08,to-read,to-read (#1204),to-read,,,,0,0,,,,,
9717,The Unbearable Lightness of Being,Milan Kundera,"Kundera, Milan",Michael Henry Heim,"=""0571224385""","=""9780571224388""",0,Harper Perennial,Paperback,314,2009,1984,,2021/04/30,to-read,to-read (#1203),to-read,,,,0,0,,,,,
70535,"2001: A Space Odyssey (Space Odyssey, #1)",Arthur C. Clarke,"Clarke, Arthur C.",,"=""""","=""""",0,Roc,Paperback,297,2000,1968,,2021/04/13,to-read,to-read (#1201),to-read,,,,0,0,,,,,
45152372,How to Stop Time,Matt Haig,"Haig, Matt",,"=""0525522891""","=""9780525522898""",0,Penguin Books,Paperback,339,2019,2018,,2021/04/28,to-read,to-read (#1202),to-read,,,,0,0,,,,,
43545,"The Once and Future King (The Once and Future King, #1–5)",T.H. White,"White, T.H.",,"=""""","=""""",0,Ace,Mass Market Paperback,639,1987,1958,,2021/04/12,to-read,to-read (#1200),to-read,,,,0,0,,,,,
18143977,All the Light We Cannot See,Anthony Doerr,"Doerr, Anthony",,"=""1476746583""","=""9781476746586""",0,Scribner,Hardcover,531,2014,2014,,2021/04/10,to-read,to-read (#1199),to-read,,,,0,0,,,,,
162898,A Connecticut Yankee in King Arthur's Court,Mark Twain,"Twain, Mark",,"=""""","=""""",0,Simon & Schuster,Paperback,480,2007,1889,,2024/11/12,to-read,to-read (#1198),to-read,,,,0,0,,,,,
134221617,Behind You Is the Sea,Susan Muaddi Darraj,"Darraj, Susan Muaddi",,"=""0063324237""","=""9780063324237""",0,HarperVia,Hardcover,256,2024,2024,,2024/09/21,to-read,to-read (#1197),to-read,,,,0,0,,,,,
127305853,The Women,Kristin Hannah,"Hannah, Kristin",,"=""1250178630""","=""9781250178633""",0,St. Martin's Press,Hardcover,471,2024,2024,,2024/08/12,to-read,to-read (#1196),to-read,,,,0,0,,,,,
75582270,A Little Luck,Claudia Piñeiro,"Piñeiro, Claudia",Frances Riddle,"=""1913867552""","=""9781913867553""",0,Charco Press,Paperback,211,2023,2015,,2024/05/22,to-read,to-read (#1193),to-read,,,,0,0,,,,,
33253215,The Heart's Invisible Furies,John Boyne,"Boyne, John",,"=""""","=""""",0,Hogarth Press,Hardcover,582,2017,2017,,2024/08/10,to-read,to-read (#1195),to-read,,,,0,0,,,,,
58293284,"The Justice of Kings (Empire of the Wolf, #1)",Richard  Swan,"Swan, Richard",,"=""""","=""""",0,Orbit,Kindle Edition,496,2022,2022,,2024/07/26,to-read,to-read (#1194),to-read,,,,0,0,,,,,
929782,Martin Eden,Jack London,"London, Jack",Andrew Sinclair,"=""""","=""""",0,Penguin,Paperback,480,1994,1909,,2024/05/03,to-read,to-read (#1191),to-read,,,,0,0,,,,,
16299,And Then There Were None,Agatha Christie,"Christie, Agatha",,"=""0312330871""","=""9780312330873""",0,St. Martin's Griffin,Paperback,264,2004,1939,,2024/05/03,to-read,to-read (#1192),to-read,,,,0,0,,,,,
15819028,"The Golem and the Jinni (The Golem and the Jinni, #1)",Helene Wecker,"Wecker, Helene",,"=""0062110837""","=""9780062110831""",0,Harper,Hardcover,486,2013,2013,,2024/04/22,to-read,to-read (#1190),to-read,,,,0,0,,,,,
123163147,The Future,Naomi Alderman,"Alderman, Naomi",,"=""166802568X""","=""9781668025680""",0,Simon & Schuster,Hardcover,432,2023,2023,,2024/04/22,to-read,to-read (#1189),to-read,,,,0,0,,,,,
62926938,The Seven Year Slip,Ashley Poston,"Poston, Ashley",,"=""""","=""""",0,Berkley,Paperback,336,2023,2023,,2024/04/22,to-read,to-read (#1188),to-read,,,,0,0,,,,,
112976344,The Good Part,Sophie Cousens,"Cousens, Sophie",,"=""0593539893""","=""9780593539897""",0,G.P. Putnam's Sons,Paperback,351,2023,2023,,2024/04/21,to-read,to-read (#1187),to-read,,,,0,0,,,,,
394535,"Blood Meridian, or, the Evening Redness in the West",Cormac McCarthy,"McCarthy, Cormac",,"=""""","=""""",0,Vintage Books,Paperback,351,2010,1985,,2024/02/23,to-read,to-read (#1185),to-read,,,,0,0,,,,,
93269,Earth Abides,George R. Stewart,"Stewart, George R.",,"=""0345487133""","=""9780345487131""",0,Del Rey,Paperback,345,2006,1949,,2024/02/23,to-read,to-read (#1184),to-read,,,,0,0,,,,,
11438,What We Talk About When We Talk About Love,Raymond Carver,"Carver, Raymond",,"=""0679723056""","=""9780679723059""",0,Vintage Contemporaries,Paperback,159,1989,1981,,2024/03/25,to-read,to-read (#1186),to-read,,,,0,0,,,,,
284440,"Skulduggery Pleasant (Skulduggery Pleasant, #1)",Derek Landy,"Landy, Derek",Tom Percival,"=""0061231150""","=""9780061231155""",0,HarperCollins,Hardcover,392,2007,2007,,2024/01/30,to-read,to-read (#1182),to-read,,,,0,0,,,,,
57938995,Don't Cry for Me,Daniel     Black,"Black, Daniel",,"=""133542573X""","=""9781335425737""",0,Hanover Square Press,Hardcover,301,2022,2022,,2024/02/11,to-read,to-read (#1183),to-read,,,,0,0,,,,,
28007895,The Return,Hisham Matar,"Matar, Hisham",,"=""034580774X""","=""9780345807748""",0,Knopf Canada,Hardcover,256,2016,2016,,2024/01/29,to-read,to-read (#1181),to-read,,,,0,0,,,,,
127488823,My Friends,Hisham Matar,"Matar, Hisham",,"=""081299485X""","=""9780812994858""",0,Random House,Kindle Edition,399,2024,2024,,2024/01/28,to-read,to-read (#1180),to-read,,,,0,0,,,,,
1772910,White Nights,Fyodor Dostoevsky,"Dostoevsky, Fyodor",Olga Shartse,"=""""","=""""",0,,Paperback,82,1848,1848,,2024/01/28,to-read,to-read (#1179),to-read,,,,0,0,,,,,
29901930,The Fisherman,John  Langan,"Langan, John",,"=""1939905214""","=""9781939905215""",0,Word Horde,Paperback,266,2016,2016,,2024/01/27,to-read,to-read (#1178),to-read,,,,0,0,,,,,
11996,I Who Have Never Known Men,Jacqueline Harpman,"Harpman, Jacqueline",Ros Schwartz,"=""0380731819""","=""9780380731817""",0,Avon Eos,Mass Market Paperback,206,1998,1995,,2024/01/05,to-read,to-read (#1176),to-read,,,,0,0,,,,,
43293099,The Forest of Enchantments,Chitra Banerjee Divakaruni,"Divakaruni, Chitra Banerjee",,"=""9353025982""","=""9789353025984""",0,HarperCollins India,Hardcover,372,2019,2019,,2024/01/12,to-read,to-read (#1177),to-read,,,,0,0,,,,,
2967752,The Elegance of the Hedgehog,Muriel Barbery,"Barbery, Muriel",Alison Anderson,"=""1933372605""","=""9781933372600""",0,Europa Editions,Paperback,325,2008,2006,,2023/04/30,to-read,to-read (#1174),to-read,,,,0,0,,,,,
40526,"Time and Again (Time, #1)",Jack Finney,"Finney, Jack",,"=""0575073608""","=""9780575073609""",0,Orion Publishing Group,Paperback,400,2001,1970,,2023/04/21,to-read,to-read (#1173),to-read,,,,0,0,,,,,
56253393,Murder at the Mushaira,Raza Mir,"Mir, Raza",,"=""8194937264""","=""9788194937265""",0,Aleph Book Company,Kindle Edition,358,2021,2021,,2023/12/24,to-read,to-read (#1175),to-read,,,,0,0,,,,,
77565,"The Fall of Hyperion (Hyperion Cantos, #2)",Dan Simmons,"Simmons, Dan",,"=""0553288202""","=""9780553288209""",0,Spectra,Mass Market Paperback,517,1995,1990,,2023/01/06,to-read,to-read (#1171),to-read,,,,0,0,,,,,
61022861,Foster,Claire Keegan,"Keegan, Claire",,"=""080216014X""","=""9780802160140""",0,Grove Press,Hardcover,128,2022,2010,,2023/01/30,to-read,to-read (#1172),to-read,,,,0,0,,,,,
61439040,1984,George Orwell,"Orwell, George",Thomas Pynchon,"=""0452284236""","=""9780452284234""",0,Plume,Paperback,368,2022,1949,,2023/01/06,to-read,to-read (#1169),to-read,,,,1,0,,,,,
5907,"The Hobbit, or There and Back Again",J.R.R. Tolkien,"Tolkien, J.R.R.","Douglas A. Anderson, Michael Hague, Jemima Catlin","=""""","=""""",0,Houghton Mifflin,Paperback,366,2002,1937,,2023/01/06,to-read,to-read (#1170),to-read,,,,0,0,,,,,
39934,Reading Like a Writer: A Guide for People Who Love Books and for Those Who Want to Write Them,Francine Prose,"Prose, Francine",,"=""0060777052""","=""9780060777050""",0,Harper Perennial,Paperback,320,2007,2006,,2022/09/27,to-read,to-read (#1167),to-read,,,,0,0,,,,,
6751,Consider the Lobster and Other Essays,David Foster Wallace,"Wallace, David Foster",,"=""0316156116""","=""9780316156110""",0,"Little, Brown and Company",Hardcover,343,2005,2005,,2022/10/03,to-read,to-read (#1168),to-read,,,,0,0,,,,,
30735,The Complete Essays,Michel de Montaigne,"Montaigne, Michel de",M.A. Screech,"=""0140446044""","=""9780140446043""",0,Penguin Classics,Paperback,1344,1993,1580,,2022/09/17,to-read,to-read (#1166),to-read,,,,0,0,,,,,
22609522,"Red Notice: A True Story of High Finance, Murder, and One Man's Fight for Justice",Bill Browder,"Browder, Bill",,"=""147675571X""","=""9781476755717""",0,Simon & Schuster,Hardcover,380,2015,2015,,2022/09/15,to-read,to-read (#1165),to-read,,,,0,0,,,,,
20821371,The Sense of Style: The Thinking Person's Guide to Writing in the 21st Century,Steven Pinker,"Pinker, Steven",,"=""0670025852""","=""9780670025855""",0,Viking,Hardcover,368,2014,2014,,2022/06/25,to-read,to-read (#1164),to-read,,,,0,0,,,,,
52035217,"Patterns of India: A Journey Through Colors, Textiles, and the Vibrancy of Rajasthan",Christine Chitnis,"Chitnis, Christine",,"=""0525577106""","=""9780525577102""",0,Clarkson Potter Publishers,Kindle Edition,,2020,2020,,2022/06/25,to-read,to-read (#1163),to-read,,,,0,0,,,,,
36358530,"Stoicism and the Art of Happiness: Practical wisdom for everyday life: embrace perseverance, strength and happiness with stoic philosophy (Teach Yourself)",Donald J. Robertson,"Robertson, Donald J.",,"=""1473674794""","=""9781473674790""",0,Teach Yourself,Kindle Edition,282,2018,2013,,2022/06/23,to-read,to-read (#1162),to-read,,,,0,0,,,,,
43822548,The American Story: Conversations with Master Historians (Gift for History Buffs),David M. Rubenstein,"Rubenstein, David M.",Carla Hayden,"=""1982120258""","=""9781982120252""",0,Simon & Schuster,Hardcover,396,2019,2019,,2022/06/23,to-read,to-read (#1161),to-read,,,,0,0,,,,,
39026990,How to Invent Everything: A Survival Guide for the Stranded Time Traveler,Ryan North,"North, Ryan",,"=""073522014X""","=""9780735220140""",0,Riverhead Books,Hardcover,437,2018,2018,,2022/05/30,to-read,to-read (#1160),to-read,,,,0,0,,,,,
58733693,Remarkably Bright Creatures,Shelby Van Pelt,"Pelt, Shelby Van",,"=""0063204150""","=""9780063204157""",0,Ecco,Hardcover,360,2022,2022,,2022/05/19,to-read,to-read (#1159),to-read,,,,0,0,,,,,
357209,An Imaginary Tale: The Story of √-1,Paul J. Nahin,"Nahin, Paul J.",,"=""0691127980""","=""9780691127989""",0,Princeton University Press,Paperback,296,2007,1998,,2022/04/27,to-read,to-read (#1157),to-read,,,,0,0,,,,,
35721089,Beautiful Boy: A Father's Journey Through His Son's Addiction,David Sheff,"Sheff, David",,"=""1328974715""","=""9781328974716""",0,Mariner Books,Paperback,352,2018,2007,,2022/04/25,to-read,to-read (#1156),to-read,,,,0,0,,,,,
17859574,How to Fail at Almost Everything and Still Win Big: Kind of the Story of My Life,Scott Adams,"Adams, Scott",,"=""1591846919""","=""9781591846918""",0,Penguin Portfolio,Hardcover,248,2013,2013,,2022/05/14,to-read,to-read (#1158),to-read,,,,0,0,,,,,
47735,Anne Sexton: A Self-Portrait in Letters,Anne Sexton,"Sexton, Anne","Lois Ames, Linda Gray Sexton","=""0618492429""","=""9780618492428""",0,Mariner Books,Paperback,433,2004,1977,,2021/05/10,to-read,to-read (#1155),to-read,,,,0,0,,,,,
40881621,The Book of Disquiet: The Complete Edition,Fernando Pessoa,"Pessoa, Fernando","Margaret Jull Costa, Jerónimo Pizarro","=""0811226948""","=""9780811226943""",0,New Directions,Kindle Edition,433,2017,1982,,2021/04/16,to-read,to-read (#1154),to-read,,,,0,0,,,,,
50196744,Know My Name,Chanel Miller,"Miller, Chanel",,"=""0735223718""","=""9780735223714""",0,Viking,ebook,384,2019,2019,,2021/04/16,to-read,to-read (#1153),to-read,,,,0,0,,,,,
48717403,Notes on a Silencing: A Memoir,Lacy Crawford,"Crawford, Lacy",,"=""0316491551""","=""9780316491556""",0,"Little, Brown and Company",Hardcover,400,2020,2020,,2021/04/11,to-read,to-read (#1152),to-read,,,,0,0,,,,,
16884,The Making of the Atomic Bomb,Richard Rhodes,"Rhodes, Richard",,"=""0684813785""","=""9780684813783""",0,Simon & Schuster,Paperback,886,1995,1986,,2021/04/10,to-read,to-read (#1151),to-read,,,,0,0,,,,,
40121980,Deaf Republic,Ilya Kaminsky,"Kaminsky, Ilya",,"=""1555978312""","=""9781555978310""",0,Graywolf Press,Paperback,80,2019,2019,,2021/04/10,to-read,to-read (#1150),to-read,,,,0,0,,,,,
277388,"No Woman's Land: Women from Pakistan, India and Bangladesh Write on the Partition India",Ritu Menon,"Menon, Ritu",,"=""8188965049""","=""9788188965045""",0,Women Unlimited,Hardcover,202,2004,2004,,2021/03/09,to-read,to-read (#1148),to-read,,,,0,0,,,,,
43317482,In the Dream House,Carmen Maria Machado,"Machado, Carmen Maria",,"=""1644450038""","=""9781644450031""",0,Graywolf Press,Hardcover,251,2019,2019,,2021/04/02,to-read,to-read (#1149),to-read,,,,0,0,,,,,
13214,"I Know Why the Caged Bird Sings (Maya Angelou's Autobiography, #1)",Maya Angelou,"Angelou, Maya",,"=""0553279378""","=""9780553279375""",0,Bantam Books,Paperback,289,1993,1969,,2021/01/23,to-read,to-read (#1146),to-read,,,,0,0,,,,,
1842,"Guns, Germs, and Steel: The Fates of Human Societies",Jared Diamond,"Diamond, Jared",,"=""0739467352""","=""9780739467350""",0,W.W. Norton & Company,Paperback,498,2005,1997,,2021/01/23,to-read,to-read (#1147),to-read,,,,0,0,,,,,
25666050,Algorithms to Live By: The Computer Science of Human Decisions,Brian  Christian,"Christian, Brian",Tom  Griffiths,"=""1627790365""","=""9781627790369""",0,Henry Holt and Co.,Hardcover,368,2016,2016,,2023/03/09,to-read,to-read (#1145),to-read,,,,0,0,,,,,
6900,"Tuesdays with Morrie: An Old Man, a Young Man, and Life's Greatest Lesson",Mitch Albom,"Albom, Mitch",,"=""""","=""""",0,Warner,Paperback,210,2000,1997,,2021/05/21,to-read,to-read (#1144),to-read,,,,0,0,,,,,
12615,Media Control: The Spectacular Achievements of Propaganda,Noam Chomsky,"Chomsky, Noam",,"=""1583225366""","=""9781583225363""",0,Seven Stories Press,Paperback,103,2002,1995,,2021/05/29,to-read,to-read (#1143),to-read,,,,0,0,,,,,
356824,India After Gandhi: The History of the World's Largest Democracy,Ramachandra Guha,"Guha, Ramachandra",,"=""0060198818""","=""9780060198817""",0,Ecco,Hardcover,912,2007,2007,,2021/05/30,to-read,to-read (#1142),to-read,,,,1,0,,,,,
6763725,Capitalist Realism: Is There No Alternative?,Mark Fisher,"Fisher, Mark",,"=""1846943175""","=""9781846943171""",0,Zero Books,Paperback,81,2009,2009,,2021/06/09,to-read,to-read (#1141),to-read,,,,0,0,,,,,
43305406,Early Indians: The Story of Our Ancestors and Where We Came From,Tony Joseph,"Joseph, Tony",,"=""938622898X""","=""9789386228987""",0,Juggernaut Publication,Hardcover,256,2018,2018,,2021/07/27,to-read,to-read (#1140),to-read,,,,0,0,,,,,
25667449,The Lonely City: Adventures in the Art of Being Alone,Olivia Laing,"Laing, Olivia",,"=""1250039576""","=""9781250039576""",0,Picador,Hardcover,336,2016,2016,,2021/08/13,to-read,to-read (#1139),to-read,,,,0,0,,,,,
25744928,Deep Work: Rules for Focused Success in a Distracted World,Cal Newport,"Newport, Cal",,"=""1455586692""","=""9781455586691""",0,Grand Central Publishing,Hardcover,296,2016,2016,,2021/09/02,to-read,to-read (#1138),to-read,,,,0,0,,,,,
49349174,"Like Streams to the Ocean: Notes on Ego, Love, and the Things That Make Us Who We Are",Jedidiah Jenkins,"Jenkins, Jedidiah",,"=""059313723X""","=""9780593137239""",0,Convergent Books,Hardcover,272,2021,2021,,2021/12/12,to-read,to-read (#1137),to-read,,,,0,0,,,,,
41155465,It's Not About the Burqa,Mariam Khan,"Khan, Mariam",Yassmin Abdel-Magied,"=""1509886400""","=""9781509886401""",0,Picador,Hardcover,272,2020,2019,,2021/12/12,to-read,to-read (#1136),to-read,,,,0,0,,,,,
765227,The Pleasure of the Text,Roland Barthes,"Barthes, Roland",Richard Miller,"=""0374521603""","=""9780374521608""",0,Hill and Wang,Paperback,67,1975,1973,,2021/12/21,to-read,to-read (#1135),to-read,,,,0,0,,,,,
59057886,Desperately Seeking Shah Rukh: India's Lonely Young Women and the Search for Intimacy and Independence,Shrayana Bhattacharya,"Bhattacharya, Shrayana",,"=""""","=""""",0,Harper Collins,Unknown Binding,384,2021,2021,,2022/01/06,to-read,to-read (#1134),to-read,,,,0,0,,,,,
138139,Letters of John Keats,John Keats,"Keats, John",Robert Gittings,"=""0192810812""","=""9780192810816""",0,Oxford,Paperback,448,1985,1954,,2022/03/02,to-read,to-read (#1133),to-read,,,,0,0,,,,,
54860449,The 2000s Made Me Gay: Essays on Pop Culture,Grace Perry,"Perry, Grace",,"=""1250760143""","=""9781250760142""",0,Griffin,Paperback,256,2021,2021,,2022/03/10,to-read,to-read (#1132),to-read,,,,0,0,,,,,
395220,Zami: A New Spelling of My Name,Audre Lorde,"Lorde, Audre",,"=""""","=""""",0,Crossing Press,Paperback,256,1982,1982,,2022/03/11,to-read,to-read (#1131),to-read,,,,0,0,,,,,
335032,Wickedness,Mary Midgley,"Midgley, Mary",,"=""0415253985""","=""9780415253987""",0,Routledge Classics,Paperback,252,2012,1984,,2022/04/03,to-read,to-read (#1130),to-read,,,,0,0,,,,,
1098486,The Center Cannot Hold: My Journey Through Madness,Elyn R. Saks,"Saks, Elyn R.",,"=""140130138X""","=""9781401301385""",0,Grand Central Publishing,Hardcover,340,2007,2007,,2022/04/25,to-read,to-read (#1129),to-read,,,,0,0,,,,,
46815,Wasted: A Memoir of Anorexia and Bulimia,Marya Hornbacher,"Hornbacher, Marya",,"=""0060858796""","=""9780060858797""",0,Harper Perennial,Paperback,298,2006,1998,,2022/10/28,to-read,to-read (#1128),to-read,,,,0,0,,,,,
14241,The Liars' Club,Mary Karr,"Karr, Mary",,"=""0143035746""","=""9780143035749""",0,Penguin Books,Paperback,352,2005,1995,,2022/12/09,to-read,to-read (#1127),to-read,,,,0,0,,,,,
58330567,Atlas of the Heart: Mapping Meaningful Connection and the Language of Human Experience,Brené Brown,"Brown, Brené",Gavin Aung Than,"=""0399592555""","=""9780399592553""",0,Random House,Hardcover,301,2021,2021,,2022/12/11,to-read,to-read (#1126),to-read,,,,0,0,,,,,
59012057,Bad Gays: A Homosexual History,Huw Lemmey,"Lemmey, Huw",Ben Miller,"=""1839763272""","=""9781839763274""",0,Verso,Hardcover,357,2022,2022,,2022/12/11,to-read,to-read (#1125),to-read,,,,0,0,,,,,
712748,Historical Capitalism with Capitalist Civilization,Immanuel Wallerstein,"Wallerstein, Immanuel",,"=""1859841058""","=""9781859841051""",0,Verso,Paperback,168,1996,1983,,2023/01/01,to-read,to-read (#1124),to-read,,,,0,0,,,,,
91950,The Myth of Sisyphus,Albert Camus,"Camus, Albert",Justin O'Brien,"=""""","=""""",0,Penguin Classics,Paperback,192,2013,1942,,2023/01/01,to-read,to-read (#1123),to-read,,,,0,0,,,,,
186133,"Fact, Fiction, and Forecast",Goodman,"Goodman, Goodman",Hilary Putnam,"=""0674290712""","=""9780674290716""",0,Harvard University Press,Paperback,131,1983,1954,,2023/01/02,to-read,to-read (#1122),to-read,,,,0,0,,,,,
52879286,Humankind: A Hopeful History,Rutger Bregman,"Bregman, Rutger","Elizabeth Manton, Erica Moore","=""0316418536""","=""9780316418539""",0,"Little, Brown and Company",Hardcover,462,2020,2019,,2023/01/05,to-read,to-read (#1121),to-read,,,,0,0,,,,,
33113683,My Lesbian Experience with Loneliness,Kabi Nagata,"Nagata, Kabi",Jocelyne Allen,"=""1626926034""","=""9781626926035""",0,Seven Seas Entertainment,Paperback,144,2017,2016,,2023/01/15,to-read,to-read (#1120),to-read,,,,0,0,,,,,
10865206,"The Willpower Instinct: How Self-Control Works, Why It Matters, and What You Can Do to Get More of It",Kelly McGonigal,"McGonigal, Kelly",,"=""1583334386""","=""9781583334386""",0,Avery,Hardcover,275,2011,2011,,2023/02/12,to-read,to-read (#1119),to-read,,,,0,0,,,,,
16181775,"The Rosie Project (Don Tillman, #1)",Graeme Simsion,"Simsion, Graeme",,"=""1476729085""","=""9781476729084""",0,Simon & Schuster,Hardcover,292,2013,2013,,2023/03/15,to-read,to-read (#1118),to-read,,,,0,0,,,,,
42772139,"Stories That Stick: How Storytelling Can Captivate Customers, Influence Audiences, and Transform Your Business",Kindra Hall,"Hall, Kindra",,"=""140021193X""","=""9781400211937""",0,HarperCollins Leadership,Hardcover,240,2019,2019,,2023/04/13,to-read,to-read (#1117),to-read,,,,0,0,,,,,
12617,Manufacturing Consent: The Political Economy of the Mass Media,Edward S. Herman,"Herman, Edward S.",Noam Chomsky,"=""0375714499""","=""9780375714498""",0,Pantheon Books,Paperback,412,2002,1988,,2023/04/25,to-read,to-read (#1116),to-read,,,,0,0,,,,,
62659,Profit Over People: Neoliberalism and Global Order,Noam Chomsky,"Chomsky, Noam",Robert W. McChesney,"=""1888363827""","=""9781888363821""",0,Seven Stories Press,Paperback,175,1999,1998,,2023/04/25,to-read,to-read (#1115),to-read,,,,0,0,,,,,
12612,Hegemony or Survival: America's Quest for Global Dominance,Noam Chomsky,"Chomsky, Noam",,"=""0805076883""","=""9780805076882""",0,Holt Paperbacks,Paperback,304,2004,2003,,2023/04/25,to-read,to-read (#1114),to-read,,,,0,0,,,,,
40277347,Figuring,Maria Popova,"Popova, Maria",,"=""1524748137""","=""9781524748135""",0,Pantheon,Hardcover,578,2019,2019,,2023/05/07,to-read,to-read (#1113),to-read,,,,0,0,,,,,
11293041,"Too Many People?: Population, Immigration, and the Environmental Crisis",Ian Angus,"Angus, Ian","Simon Butler, Betsy Hartmann, Joel Kovel","=""1608461408""","=""9781608461400""",0,Haymarket Books,Paperback,280,2011,2011,,2023/06/23,to-read,to-read (#1112),to-read,,,,0,0,,,,,
59900658,Year of the Tiger: An Activist's Life,Alice  Wong,"Wong, Alice",,"=""0593315391""","=""9780593315392""",0,Vintage,Paperback,376,2022,2022,,2024/01/18,to-read,to-read (#1111),to-read,,,,0,0,,,,,
35863836,How India Became Democratic: Citizenship and the Making of the Universal Franchise,Ornit Shani,"Shani, Ornit",,"=""1107673542""","=""9781107673540""",0,Cambridge University Press,Paperback,296,2017,,,2024/01/26,to-read,to-read (#1110),to-read,,,,0,0,,,,,
62874093,"P.S. Burn this Letter Please: The Fabulous and Fraught Birth of Modern Drag, in the Queen's Own Words",Craig Olsen,"Olsen, Craig",Sasha Velour,"=""0751585947""","=""9780751585940""",0,Sphere,Hardcover,206,2023,2023,,2024/02/11,to-read,to-read (#1109),to-read,,,,0,0,,,,,
37487246,I've Been Meaning to Tell You: A Letter to My Daughter,David Chariandy,"Chariandy, David",,"=""077101807X""","=""9780771018077""",0,McClelland & Stewart,Hardcover,128,2018,2018,,2024/02/11,to-read,to-read (#1108),to-read,,,,0,0,,,,,
56628963,The Love That Dares: Letters of LGBTQ+ Love & Friendship Through History,Rachel Smith,"Smith, Rachel","Barbara Vesey, Mark Gatiss","=""178157829X""","=""9781781578292""",0,Ilex Press,Hardcover,288,2022,2022,,2024/02/11,to-read,to-read (#1107),to-read,,,,0,0,,,,,
198509117,Completely Kafka: A Comic Biography,Nicolas Mahler,"Mahler, Nicolas",Alexander Booth,"=""1805331582""","=""9781805331582""",0,Pushkin Press,Paperback,112,2024,2023,,2024/03/29,to-read,to-read (#1106),to-read,,,,0,0,,,,,
11415678,"The Global Minotaur: America, the True Origins of the Financial Crisis and the Future of the World Economy",Yanis Varoufakis,"Varoufakis, Yanis",,"=""1780320140""","=""9781780320144""",0,Zed Books,Paperback,252,2011,2011,,2024/03/31,to-read,to-read (#1105),to-read,,,,0,0,,,,,
8524528,The Conspiracy Against the Human Race,Thomas Ligotti,"Ligotti, Thomas",Ray Brassier,"=""098242969X""","=""9780982429693""",0,Hippocampus Press,Hardcover,240,2010,2011,,2024/05/10,to-read,to-read (#1104),to-read,,,,0,0,,,,,
41447687,Radicalized,Cory Doctorow,"Doctorow, Cory",,"=""1789541093""","=""9781789541090""",0,Head of Zeus,Hardcover,304,2019,2019,,2024/06/10,to-read,to-read (#1103),to-read,,,,0,0,,,,,
123564729,तुम्हारी औकात क्या है,Piyush Mishra,"Mishra, Piyush",पीयूष मिश्रा,"=""9395737824""","=""9789395737821""",0,Rajkamal Prakashan,Kindle Edition,248,2023,,,2024/10/01,to-read,to-read (#1102),to-read,,,,0,0,,,,,
224003821,"An Academic Affair (Love Notes, #1)",Jodi McAlister,"McAlister, Jodi",,"=""1668092336""","=""9781668092330""",4.0,Atria Books,Paperback,368,2025,2025,2025/06/30,2025/06/29,,,read,,,,1,0,"2025-06-30,2025-06-30",Romance|1587;Botm|262;Contemporary|259;Fiction|212;Contemporary Romance|189;Enemies To Lovers|176,54214,3.74,fiction
62039417,"Wolfsong (Green Creek, #1)",T.J. Klune,"Klune, T.J.",,"=""1250890314""","=""9781250890313""",4.0,Tor Books,Hardcover,528,2023,2016,2025/06/29,2025/06/16,,,read,,,,1,0,"2025-06-28,2025-06-29",Fantasy|3301;Romance|2118;Lgbtq|1142;Paranormal|1130;Lgbt|1041;Mm|950;M M|827;Queer|705;Fiction|501;Werewolves|477;Shifters|459;Lgbtqia|434;Friends To Lovers|431;Series|428;Mm Romance|415;Books I Own|410;Urban Fantasy|405;Paranormal Romance|350;Adult|343,120395,4.18,fiction
36480133,A Lucky Man,Jamel Brinkley,"Brinkley, Jamel",,"=""1555978053""","=""9781555978051""",0,Graywolf Press,Hardcover,243,2018,2018,,2025/06/28,to-read,to-read (#1101),to-read,,,,0,0,,,,,
208840291,The Serviceberry: Abundance and Reciprocity in the Natural World,Robin Wall Kimmerer,"Kimmerer, Robin Wall",John Burgoyne,"=""1668072246""","=""9781668072240""",5.0,Scribner,Hardcover,112,2024,2024,2025/06/25,2025/06/22,,,read,"Now, I need some berries to pick and eat; and a revolution to plot<br/>",,,1,0,"2025-06-24,2025-06-25",Non Fiction|2512;Nonfiction|1747;Nature|1070;Science|525;Audiobooks|455;Indigenous|383;Philosophy|321;Environment|270;Audio|262,76158,4.26,nonfiction
201465867,You Are Here,David Nicholls,"Nicholls, David",,"=""0063394057""","=""9780063394056""",4.0,Harper,Hardcover,368,2024,2024,2025/06/22,2025/06/19,,,read,,,,1,0,"2025-06-21,2025-06-22",Fiction|1024;Romance|737;Audiobooks|250;Contemporary|249;Book Club|232;Audio|183;Literary Fiction|128;2024 Books|120;Contemporary Fiction|111;Travel|105,106375,3.98,fiction
48595313,A Nation of Idiots,Daksh Tyagi,"Tyagi, Daksh",,"=""8194275016""","=""9788194275015""",1.0,Every Protest,Paperback,215,2019,,2025/06/18,2025/06/16,,,read,How can someone's head be so up their own ass to write this?<br/><br/> (This isn't comment on the topic but the writing),,,1,0,"2025-06-16,2025-06-18",Non Fiction|16;India|11;Politics|4;Humour|3;Funny|2;Literature|2;Nation|2;Comedy|2;Indian Authors|2;Indian|2;Society|2;Social|2;Satire|2,576,3.86,nonfiction
50255465,The Cases That India Forgot,Chintan Chandrachud,"Chandrachud, Chintan",,"=""9353450837""","=""9789353450830""",4.0,Juggernaut,Kindle Edition,183,2019,,2025/06/12,2025/05/25,,,read,,,,1,0,"2025-05-25,2025-06-12",Non Fiction|45;India|38;Law|34;History|18;Politics|13;Legal|7;Indian History|6;Nonfiction|5;Indian Authors|5,761,4.13,nonfiction
61172499,One Small Voice,Santanu  Bhattacharya,"Bhattacharya, Santanu",,"=""0241582334""","=""9780241582336""",0,Fig Tree,Hardcover,384,2023,,,2025/06/06,to-read,to-read (#1100),to-read,,,,0,0,,,,,
213541393,Deviants,Santanu  Bhattacharya,"Bhattacharya, Santanu",,"=""1405968400""","=""9781405968409""",4.0,Penguin,Kindle Edition,279,2025,2025,2025/06/06,2025/06/06,,,read,,,,1,0,"2025-06-06,2025-06-06",Queer|25;Lgbtq|24;Fiction|20;Lgbt|15;India|15;Lgbtqia|13;Historical Fiction|12;Gay|12;Contemporary|9;2025 Releases|7;Literary Fiction|7;Adult|6;Romance|5;Lit Fic|4;Book Club|4;Historical|4;Queer Fiction|4;Kindle Tbr|3;Lgbtqiap|3;Indian Literature|3,623,4.02,fiction
223436601,"Careless People: A Cautionary Tale of Power, Greed, and Lost Idealism",Sarah Wynn-Williams,"Wynn-Williams, Sarah",,"=""1250391237""","=""9781250391230""",4.0,Flatiron Books,Hardcover,382,2025,2025,2025/04/19,2025/04/14,,,read,,,,1,0,"2025-04-15,2025-04-19",Non Fiction|3531;Nonfiction|1779;Memoir|1635;Audiobooks|1018;Business|597;Audio|555;Politics|509;Memoirs|454;Biography|406;Technology|391,153395,4.12,nonfiction
61126612,Alone With You in the Ether,Olivie Blake,"Blake, Olivie",,"=""1250888166""","=""9781250888167""",3.0,Tor Books,Hardcover,288,2022,2020,2025/04/10,2025/04/10,,,read,,,,1,0,"2025-04-10,2025-04-10",Romance|3509;Fiction|1182;Contemporary|890;Books I Own|587;Literary Fiction|410,114021,3.76,fiction
14572,Peace Is Every Step: The Path of Mindfulness in Everyday Life,Thich Nhat Hanh,"Hanh, Thich Nhat","Dalai Lama XIV, Arnold Kotler","=""0553351397""","=""9780553351392""",4.0,Bantam,Paperback,157,1992,1992,2025/03/26,2025/03/26,,,read,,,,1,0,"2025-03-26,2025-03-26",Non Fiction|853;Spirituality|804;Buddhism|647;Self Help|521;Philosophy|508;Nonfiction|431;Mindfulness|390;Spiritual|315;Meditation|247;Religion|232;Psychology|179;Self Improvement|127;Audiobooks|110;Personal Development|105,48708,4.3,nonfiction
25490360,The Burnout Society,Byung-Chul Han,"Han, Byung-Chul",Erik Butler,"=""0804795096""","=""9780804795098""",0,Stanford University Press,Paperback,60,2015,2010,,2025/02/28,to-read,to-read (#1099),to-read,,,,0,0,,,,,
25104465,Tipping the Velvet,Sarah Waters,"Waters, Sarah",,"=""""","=""""",4.0,"Riverhead Books, U.S.",Paperback,472,2000,1998,2025/02/18,2025/01/10,,,read,,,,1,0,"2025-01-23,2025-02-18",Historical Fiction|2235;Fiction|1725;Lgbt|1284;Lgbtq|1139;Queer|1094;Romance|971;Historical|720;Sapphic|528;Lesbian|410;Wlw|346;Lgbtqia|345,81406,4.06,fiction
953773,The Revolution Betrayed,Leon Trotsky,"Trotsky, Leon",Max Eastman,"=""0486433986""","=""9780486433981""",0,Dover Publications,Paperback,240,2004,1937,,2025/02/17,to-read,to-read (#1098),to-read,,,,0,0,,,,,
9571715,Makers of Modern India,Ramachandra Guha,"Guha, Ramachandra",,"=""0674052463""","=""9780674052468""",0,Belknap Press: An Imprint of Harvard University Press,Hardcover,560,2011,2010,,2025/02/17,to-read,to-read (#1097),to-read,,,,0,0,,,,,
27793819,Madonna in a Fur Coat,Sabahattin Ali,"Ali, Sabahattin","Maureen Freely, Alexander Dawe","=""014198127X""","=""9780141981277""",5.0,Penguin,Kindle Edition,168,2016,1943,2025/02/15,2025/01/26,,,read,,,,1,0,"2025-02-09,2025-02-15",Classics|2081;Fiction|1225;Romance|800;Turkish Literature|449;Historical Fiction|339;Turkish|317;Translated|271;Literary Fiction|255;Classic|244;To Buy|240;Turkey|223;Book Club|209,140381,4.28,fiction
139400713,Martyr!,Kaveh Akbar,"Akbar, Kaveh",,"=""0593537610""","=""9780593537619""",4.0,Knopf,Hardcover,332,2024,2024,2025/02/09,2025/02/06,,,read,,,,1,0,"2025-02-07,2025-02-09",Fiction|3574;Book Club|995;Literary Fiction|978;Contemporary|770;Queer|594;Lgbtq|537;Poetry|405;Audiobooks|369;Books I Own|362,224439,4.14,fiction
199347538,"Somewhere Beyond the Sea (Cerulean Chronicles, #2)",T.J. Klune,"Klune, T.J.",,"=""125088120X""","=""9781250881205""",4.0,Tor Books,Hardcover,416,2024,2024,2025/02/03,2025/02/01,,,read,,,,1,0,"2025-02-01,2025-02-03",Fantasy|4996;Fiction|1211;Audiobooks|950;Lgbtq|929;Romance|657;Lgbt|569;Queer|568;Series|547;Audio|524,243296,4.09,fiction
32284263,"Black Edge: Inside Information, Dirty Money, and the Quest to Bring Down the Most Wanted Man on Wall Street",Sheelah Kolhatkar,"Kolhatkar, Sheelah",,"=""0812995805""","=""9780812995800""",4.0,Random House,Hardcover,295,2017,2017,2025/01/29,2025/01/20,,,read,,,,1,0,"2025-01-25,2025-01-29",Business|355;Non Fiction|350;Finance|268;Nonfiction|168;Economics|95;True Crime|82;Crime|63;History|63;Investing|57,17644,4.2,nonfiction
1214485,"The Boys, Volume 1: The Name of the Game",Garth Ennis,"Ennis, Garth","Darick Robertson, Tony Aviña, Greg Thomas","=""9133305463""","=""9789133305466""",0,Dynamite Entertainment,Paperback,152,2007,2007,,2025/01/29,to-read,to-read (#1095),to-read,,,,0,0,,,,,
31451192,Affluence Without Abundance: The Disappearing World of the Bushmen,James Suzman,"Suzman, James",,"=""1632865726""","=""9781632865724""",0,Bloomsbury USA,Hardcover,320,2017,2017,,2025/01/27,to-read,to-read (#1094),to-read,,,,0,0,,,,,
1268541,Gora,Rabindranath Tagore,"Tagore, Rabindranath",,"=""3491961300""","=""9783491961302""",0,Albatros,Hardcover,580,2004,1910,,2025/01/25,to-read,to-read (#1093),to-read,,,,0,0,,,,,
222155559,It All Felt Impossible: 42 Years in 42 Essays,Tom McAllister,"McAllister, Tom",,"=""1941628354""","=""9781941628355""",0,Rose Metal Press,Paperback,180,2025,,,2025/01/24,to-read,to-read (#1092),to-read,,,,0,0,,,,,
50144,Kitchen,Banana Yoshimoto,"Yoshimoto, Banana","Megan Backus, Noguchi Rika","=""0802142443""","=""9780802142443""",4.0,Grove Press,Paperback,160,2006,1988,2025/01/22,2025/01/10,,,read,,,,1,0,"2025-01-20,2025-01-22",Fiction|2538;Japan|1547;Japanese|1057;Japanese Literature|932;Short Stories|667;Contemporary|652;Japanese Lit|583;Translated|478;Literary Fiction|351;Asia|346;Asian Literature|309;Books I Own|296;Romance|270,139853,3.89,fiction
464260,The Fire Next Time,James Baldwin,"Baldwin, James",,"=""067974472X""","=""9780679744726""",5.0,Vintage,Paperback,106,1992,1963,2025/01/20,2024/02/11,,,read,"""Life is tragic simply because the earth turns and the sun inexorably rises and sets, and one day, for each of us, the sun will go down for the last, last time. Perhaps the whole root of our trouble, the human trouble, is that we will sacrifice all the beauty of our lives, will imprison ourselves in totems, taboos, crosses, blood sacrifices, steeples, mosques, races, armies, flags, nations, in order to deny the fact of death, the only fact we have.""",,,1,0,"2025-01-20,2025-01-20",Non Fiction|4152;Nonfiction|2613;Classics|1834;Essays|1527;Race|1207;History|1010;Politics|818;Memoir|653;Social Justice|539;Audiobooks|447,130479,4.55,nonfiction
27240055,The Adivasi Will Not Dance,Hansda Sowvendra Shekhar,"Shekhar, Hansda Sowvendra",,"=""9385288652""","=""9789385288654""",0,Speaking Tiger Publishing Pvt. Ltd.,Kindle Edition,140,2015,2015,,2025/01/20,to-read,to-read (#1091),to-read,,,,0,0,,,,,
5553,Six Easy Pieces: Essentials of Physics Explained by Its Most Brilliant Teacher,Richard P. Feynman,"Feynman, Richard P.",Paul C.W. Davies,"=""0465023924""","=""9780465023929""",0,Basic Books,Paperback,138,1995,1994,,2025/01/12,to-read,to-read (#1090),to-read,,,,0,0,,,,,
25489025,The Vegetarian,Han Kang,"Kang, Han",Deborah Smith,"=""0553448188""","=""9780553448184""",5.0,Hogarth,Hardcover,158,2016,2007,2025/01/05,2021/08/19,,,read,,,,1,0,"2025-01-01,2025-01-05",Fiction|5939;Horror|2311;Contemporary|1717;Literary Fiction|1207;Translated|1101;Korea|860;Korean|812;Book Club|765;Books I Own|729;Asia|687,460154,3.65,fiction
45857086,"The Burning God (The Poppy War, #3)",R.F. Kuang,"Kuang, R.F.",,"=""0008339147""","=""9780008339142""",2.0,Harper Voyager,Hardcover,622,2020,2020,2025/01/01,2024/12/27,,,read,,,,1,0,"2024-12-30,2025-01-01",Fantasy|7673;Books I Own|889;Fiction|862;Historical Fiction|786,196816,4.26,fiction
41212753,"The Dragon Republic (The Poppy War, #2)",R.F. Kuang,"Kuang, R.F.",,"=""0062662635""","=""9780062662637""",3.0,Harper Voyager,Hardcover,654,2019,2019,2024/12/30,2024/12/27,,,read,,,,1,0,"2024-12-28,2024-12-30",Fantasy|9813;Fiction|1151;Books I Own|1140;Historical Fiction|982,252881,4.33,fiction
35068705,"The Poppy War (The Poppy War, #1)",R.F. Kuang,"Kuang, R.F.",,"=""0062662597""","=""9780062662590""",3.0,Harper Voyager,Kindle Edition,545,2018,2018,2024/12/28,2021/05/20,,,read,,,,1,0,"2024-12-28,2024-12-28",Fantasy|25752;Fiction|3492;Historical Fiction|3002,552704,4.15,fiction
15797397,Salt Sugar Fat: How the Food Giants Hooked Us,Michael  Moss,"Moss, Michael",,"=""1400069807""","=""9781400069804""",0,Random House,Hardcover,480,2013,2013,,2024/12/26,to-read,to-read (#1089),to-read,,,,0,0,,,,,
31373633,And Every Morning the Way Home Gets Longer and Longer,Fredrik Backman,"Backman, Fredrik",Alice Menzies,"=""1501160575""","=""9781501160578""",5.0,Atria Books,Kindle Edition,97,2016,2015,2024/12/26,2024/02/15,,,read,,,,1,0,"2024-12-26,2024-12-26",Fiction|2218;Contemporary|939;Audiobooks|613;Short Stories|586;Novella|480;Audio|351;Literary Fiction|307;Adult|292,137094,4.32,fiction
275,The Lover,Marguerite Duras,"Duras, Marguerite","Maxine Hong Kingston, Barbara Bray","=""""","=""""",0,Pantheon Books,Paperback,117,1998,1984,,2024/12/25,to-read,to-read (#1088),to-read,,,,0,0,,,,,
1389596,Why I Am An Atheist: An Autobiographical Discourse,Bhagat Singh,"Singh, Bhagat","K.C. Yadav, Babar Singh","=""8178710609""","=""9788178710600""",5.0,,Hardcover,91,,1931,2024/12/22,2021/07/09,,,read,,,,1,0,"2024-12-22,2024-12-22",Non Fiction|141;History|65;Philosophy|56;India|48;Biography|48;Religion|35;Atheism|27;Bhagat Singh|24;Nonfiction|21;Politics|20;Autobiography|20;Indian|18;Biographies|18;Indian History|16,6680,4.44,nonfiction
11991,The Fall,Albert Camus,"Camus, Albert",Justin O'Brien,"=""0679720227""","=""9780679720225""",5.0,Vintage Books,Paperback,147,1991,1956,2024/12/22,2022/03/28,,,read,,,,1,0,"2024-12-14,2024-12-22",Fiction|2776;Philosophy|2582;Classics|2435;French|813;Literature|526;French Literature|439;France|341;Classic|327;Novels|324;Existentialism|324;Books I Own|307,146488,4.02,fiction
3181564,The Housekeeper and the Professor,Yōko Ogawa,"Ogawa, Yōko",Stephen    Snyder,"=""0312427808""","=""9780312427801""",5.0,Picador,Paperback,180,2009,2003,2024/12/12,2022/01/29,,,read,,,,1,0,"2024-12-11,2024-12-12",Fiction|2710;Japan|1230;Japanese|721;Contemporary|628;Japanese Literature|608;Translated|488;Literary Fiction|447;Japanese Lit|425;Book Club|390;Asia|275,105791,4.04,fiction
101299,The Reader,Bernhard Schlink,"Schlink, Bernhard",Carol Brown Janeway,"=""0375408266""","=""9780375408267""",5.0,Pantheon,Hardcover,216,1997,1995,2024/12/11,2021/03/10,,,read,,,,1,0,"2024-12-10,2024-12-11",Fiction|3336;Historical Fiction|2295;Classics|894;Books I Own|782;German|710;Romance|537;Holocaust|478;Historical|454;Germany|434;Book Club|424;War|341;1001 Books|340,238444,3.79,fiction
6185,Wuthering Heights,Emily Brontë,"Brontë, Emily","Richard J. Dunn, Charlotte Brontë, John Bugg, Robert Heindel","=""""","=""""",0,Norton,Paperback,464,2002,1847,,2021/01/23,to-read,to-read (#1087),to-read,,,,1,0,,,,,
6278121,Boy's Life,Robert McCammon,"McCammon, Robert",,"=""1416577785""","=""9781416577782""",5.0,Gallery Books,Paperback,610,2008,1991,2024/12/09,2024/10/06,,,read,,,,1,0,"2024-10-06,2024-12-09",Horror|1239;Fiction|829;Fantasy|604;Mystery|391;Coming Of Age|300;Historical Fiction|167;Magical Realism|127,44940,4.41,fiction
92303,The Importance of Being Earnest,Oscar Wilde,"Wilde, Oscar",,"=""158049580X""","=""9781580495806""",5.0,Prestwick House,Paperback,89,2005,1895,2024/12/07,2024/12/07,,,read,,,,1,0,"2024-12-07,2024-12-07",Classics|13579;Plays|6966;Fiction|3940;Classic|1829;Drama|1637;Humor|1472;Play|1400,416253,4.17,fiction
1617,Night,Elie Wiesel,"Wiesel, Elie","Marion Wiesel, François Mauriac","=""0374500010""","=""9780374500016""",5.0,Hill & Wang,Paperback,120,2006,1956,2024/11/22,2024/11/16,,,read,,,,1,0,"2024-11-19,2024-11-22",Non Fiction|10803;Classics|8103;Nonfiction|6294;History|6189;Memoir|5328;School|2754;Holocaust|2645;Biography|2535;Historical|1985;Memoirs|1863;Books I Own|1847;War|1433;Fiction|1391;Wwii|1363;Historical Fiction|1281;Classic|1121,1404330,4.38,nonfiction
18386,The Death of Ivan Ilych,Leo Tolstoy,"Tolstoy, Leo","Aylmer Maude, Louise Maude","=""""","=""""",5.0,Waking Lion Press,Paperback,86,2006,1886,2024/11/17,2024/11/16,,,read,,,,1,0,"2024-11-17,2024-11-17",Classics|7488;Fiction|4285;Russian|1474;Russian Literature|1400;Classic|1066;Russia|965;Philosophy|958;Literature|895;Short Stories|843;Russian Lit|794,261395,4.14,fiction
17801667,Disgraced,Ayad Akhtar,"Akhtar, Ayad",,"=""1472532090""","=""9781472532091""",4.0,Bloomsbury Academic,Paperback,79,2013,2013,2024/11/16,2024/11/16,,,read,,,,1,0,"2024-11-16,2024-11-16",Plays|368;Drama|76;Play|58;Fiction|49,4582,3.84,fiction
157993,The Little Prince,Antoine de Saint-Exupéry,"Saint-Exupéry, Antoine de",Richard Howard,"=""0152023984""","=""9780152023980""",5.0,"Harcourt, Inc.",Hardcover,96,2000,1943,2024/11/16,2021/04/06,,,read,,,,1,0,"2024-11-16,2024-11-16",Classics|24849;Fiction|12557;Fantasy|8488;Childrens|4428;Classic|4226;Children|3681;French|3174;Books I Own|2867,2611801,4.34,fiction
41057294,Normal People,Sally Rooney,"Rooney, Sally",,"=""1984822179""","=""9781984822178""",2.0,Crown,Hardcover,273,2019,2018,2024/11/15,2021/01/24,,,read,,,,1,0,"2024-11-15,2024-11-15",Fiction|12328;Romance|8893;Contemporary|5089;Books I Own|3766;Literary Fiction|2481;Audiobooks|1784;Book Club|1774;Favs|1492;Ireland|1255,2003278,3.81,fiction
2690635,Perilous Passage: Mankind and the Global Ascendancy of Capital (World Social Change),Amiya Kumar Bagchi,"Bagchi, Amiya Kumar",,"=""0742539210""","=""9780742539211""",0,Rowman & Littlefield,Paperback,422,2008,2005,,2024/11/06,to-read,to-read (#1086),to-read,,,,0,0,,,,,
36739755,Convenience Store Woman,Sayaka Murata,"Murata, Sayaka",Ginny Tapley Takemori,"=""0802128254""","=""9780802128256""",4.0,Grove Press,Hardcover,163,2018,2016,2024/11/06,2024/11/06,,,read,,,,1,0,"2024-11-06,2024-11-06",Fiction|6623;Contemporary|2846;Japan|2406;Translated|1522;Japanese|1508;Japanese Literature|1264;Literary Fiction|1218;Audiobooks|1011;Japanese Lit|952;Book Club|706;Books I Own|700,410997,3.66,fiction
38447,"The Handmaid’s Tale (The Handmaid's Tale, #1)",Margaret Atwood,"Atwood, Margaret",,"=""038549081X""","=""9780385490818""",5.0,Anchor Books,Paperback,311,1998,1985,2024/11/02,2021/01/23,,,read,,,,1,0,"2024-10-21,2024-11-02",Fiction|22564;Classics|20504;Dystopian|11730;Dystopia|10060;Science Fiction|7188;Sci Fi|5384;Books I Own|5172;Feminism|5030;Book Club|3714;Classic|2869;Fantasy|2470,2565073,4.16,fiction
6304888,Unclay,T.F. Powys,"Powys, T.F.",,"=""""","=""""",0,The Sundial Press,Hardcover,352,2008,1931,,2024/10/31,to-read,to-read (#1085),to-read,,,,0,0,,,,,
14836,Midnight’s Children,Salman Rushdie,"Rushdie, Salman",,"=""0099578514""","=""9780099578512""",5.0,Vintage,Paperback,647,1995,1981,2024/10/20,2021/03/14,,,read,,,,1,0,"2024-10-12,2024-10-20",Fiction|4360;Magical Realism|1503;Classics|1483;India|1379;Historical Fiction|1258;Fantasy|806;Literature|488,136723,3.97,fiction
41021967,Punk 57,Penelope Douglas,"Douglas, Penelope",,"=""1952646049""","=""9781952646041""",2.0,Penelope Douglas LLC ,Kindle Edition,343,2016,2016,2024/10/01,2024/10/01,,,read,,,,1,0,"2024-10-01,2024-10-01",Romance|5794;Dark Romance|1567;Enemies To Lovers|1312;Books I Own|1162;Contemporary|1023;Kindle Unlimited|984;New Adult|900;Spicy|730;Friends To Lovers|635,522299,3.76,fiction
16165143,Raising Expectations (and Raising Hell); My Decade Fighting for the Labor Movement,Jane F. McAlevey,"McAlevey, Jane F.",,"=""""","=""""",0,Verso,Unknown Binding,332,2012,2012,,2024/10/08,to-read,to-read (#1084),to-read,,,,0,0,,,,,
50202953,Piranesi,Susanna Clarke,"Clarke, Susanna",,"=""""","=""""",5.0,Bloomsbury,Hardcover,245,2020,2020,2024/10/06,2021/03/28,,,read,,,,1,0,"2024-10-06,2024-10-06",Fantasy|19219;Fiction|7324;Mystery|2628;Book Club|2263;Magical Realism|2205,583037,4.2,fiction
133984409,George Orwell Selected Essays,George Orwell,"Orwell, George",,"=""""","=""""",0,Penguin Books,Unknown Binding,0,,,,2024/10/06,to-read,to-read (#1083),to-read,,,,0,0,,,,,
206009505,"Wrath of the Triple Goddess (Percy Jackson and the Olympians: The Senior Year Adventures, #2)",Rick Riordan,"Riordan, Rick",,"=""1368107648""","=""9781368107648""",4.0,Disney Hyperion Digital,Kindle Edition,289,2024,2024,2024/10/01,2024/09/29,,,read,,,,1,0,"2024-09-29,2024-10-01",Fantasy|1519;Mythology|710;Young Adult|417;Percy Jackson|405;Books I Own|370;Middle Grade|348;Rick Riordan|311;Ya|278;Fiction|264;Greek Mythology|210;Series|207;Audiobooks|167;Riordanverse|161,65822,4.12,fiction
22822858,A Little Life,Hanya Yanagihara,"Yanagihara, Hanya",,"=""0385539258""","=""9780385539258""",5.0,Doubleday,Hardcover,736,2015,2015,2021/04/04,2021/03/31,,,read,Thank you.,,,2,0,"2021-04-01,2021-04-04;2024-09-12,2024-09-22",Fiction|10270;Books I Own|3832;Contemporary|3253;Literary Fiction|1886;Lgbtq|1662;Lgbt|1580;Queer|1348;Bookshelf|1242;Favs|1180;Book Club|1145;On My Shelf|1123,1013418,4.26,fiction
34959502,Devotions: The Selected Poems of Mary Oliver,Mary Oliver,"Oliver, Mary",,"=""0399563253""","=""9780399563256""",0,Penguin Books,Kindle Edition,480,2017,2017,,2022/01/03,to-read,to-read (#894),to-read,,,,0,0,,,,,
11387515,"Wonder (Wonder, #1)",R.J. Palacio,"Palacio, R.J.",,"=""0375869026""","=""9780375869020""",5.0,Alfred A. Knopf,Hardcover,315,2012,2012,2024/09/15,2024/09/14,,,read,,,,1,0,"2024-09-14,2024-09-15",Fiction|5191;Young Adult|4949;Middle Grade|3038;Contemporary|2523;Ya|2326;Realistic Fiction|2261;Books I Own|2119;Book Club|1565;Childrens|1443;School|1074;Children|1063;Kids|987;Wonder|942;Children S|897;Children S Books|688;Middle School|658;Friendship|591;Owned Books|588;Coming Of Age|564;5 Stars|552,1226354,4.35,fiction
8127,"Anne of Green Gables (Anne of Green Gables, #1)",L.M. Montgomery,"Montgomery, L.M.",Jennifer Lee Carrell,"=""0451528824""","=""9780451528827""",0,Signet,Mass Market Paperback,320,2003,1908,,2024/09/13,to-read,to-read (#1082),to-read,,,,0,0,,,,,
37774,"Arrow of God (The African Trilogy, #2)",Chinua Achebe,"Achebe, Chinua",,"=""""","=""""",0,Anchor Books,Paperback,230,1989,1964,,2024/09/12,to-read,to-read (#1081),to-read,,,,0,0,,,,,
99300,The Yellow Wallpaper and Other Stories,Charlotte Perkins Gilman,"Gilman, Charlotte Perkins",,"=""0486298574""","=""9780486298573""",0,Dover Pubns,Paperback,129,1997,1892,,2021/08/09,to-read,to-read (#705),to-read,,,,0,0,,,,,
195430687,Blue Sisters,Coco Mellors,"Mellors, Coco",,"=""0593723767""","=""9780593723760""",3.0,Ballantine Books,Hardcover,352,2024,2024,2024/08/21,2024/08/13,,,read,,,,1,0,"2024-08-13,2024-08-21",Fiction|2457;Contemporary|1050;Literary Fiction|838;Book Club|813;Books I Own|660;Audiobooks|511;2025 Books|508;Contemporary Fiction|294;Lit Fic|288;Family|279;2024 Books|272;Want To Buy|272;To Buy|266;Botm|264;Audio|252,357478,3.9,fiction
16735,The Prince of Tides,Pat Conroy,"Conroy, Pat",,"=""0553381547""","=""9780553381542""",0,Dial Press Trade Paperback,Paperback,679,2002,1986,,2024/08/17,to-read,to-read (#1080),to-read,,,,0,0,,,,,
1058564,The Lost Daughter,Elena Ferrante,"Ferrante, Elena",Ann Goldstein,"=""1933372427""","=""9781933372426""",0,Europa Editions,Paperback,144,2008,2006,,2022/03/30,to-read,to-read (#956),to-read,,,,0,0,,,,,
55145261,The Anthropocene Reviewed: Essays on a Human-Centered Planet,John  Green,"Green, John",,"=""0525555218""","=""9780525555216""",5.0,Dutton,Hardcover,304,2021,2021,2022/04/05,2021/12/10,,,read,,,,1,0,"2022-04-04,2022-04-05",Non Fiction|6667;Nonfiction|4014;Essays|1817;Audiobooks|1498;Memoir|883;Audio|734;Books I Own|668,194979,4.34,nonfiction
10728838,How the World Works,Noam Chomsky,"Chomsky, Noam","David Barsamian, Arthur Naiman","=""1593764278""","=""9781593764272""",5.0,Soft Skull,Paperback,416,2011,2011,2024/07/29,2024/07/25,,,read,,,,1,0,"2024-07-25,2024-07-29",Politics|322;Non Fiction|276;History|118;Philosophy|93;Nonfiction|65;Economics|47,5472,4.12,nonfiction
99214159,Dukh Naye Kapde Badal Kar (Pb),Shariq Kaifi,"Kaifi, Shariq",,"=""8193968182""","=""9788193968185""",0,"Rajkamal Prakahan, Rekhta Foundation",Paperback,0,2019,,,2024/07/26,to-read,to-read (#1079),to-read,,,,0,0,,,,,
203094595,Acts of God,Kanan Gill,"Gill, Kanan",,"=""9356996997""","=""9789356996991""",3.0,HarperCollins India,Kindle Edition,436,2024,,2024/07/24,2024/01/18,,,read,,,,1,0,"2024-06-26,2024-07-24",Sci Fi|39;Fiction|37;Science Fiction|32;Indian|9;Humor|8;Indian Authors|8;Scifi|8;Comedy|6;Fantasy|6;Arc|5;Giveaways|4;Indian Author|4;Humour|4;South Asian|4;Indian Fiction|4,1713,3.82,fiction
64710,The First and Last Freedom,J. Krishnamurti,"Krishnamurti, J.",Aldous Huxley,"=""0060648317""","=""9780060648312""",0,Harper & Row,Paperback,288,1975,1954,,2024/07/02,to-read,to-read (#1078),to-read,,,,0,0,,,,,
424,Slouching Towards Bethlehem,Joan Didion,"Didion, Joan",,"=""""","=""""",0,Farrar Straus Giroux,Paperback,238,2008,1968,,2024/07/02,to-read,to-read (#1077),to-read,,,,0,0,,,,,
29408433,A Little Life,Hanya Yanagihara,"Yanagihara, Hanya",,"=""1447294831""","=""9781447294832""",0,Picador,Paperback,723,2016,2015,,2021/03/20,to-read,to-read (#142),to-read,,,,0,0,,,,,
58547,Journals,Kurt Cobain,"Cobain, Kurt",,"=""157322359X""","=""9781573223591""",0,Riverhead Books,Hardcover,304,2003,2002,,2024/06/30,to-read,to-read (#1076),to-read,,,,0,0,,,,,
78130,Killing Hope: U.S. Military and C.I.A. Interventions Since World War II,William Blum,"Blum, William",,"=""1567512526""","=""9781567512526""",0,Common Courage Pr,Paperback,469,2004,1986,,2024/06/15,to-read,to-read (#1075),to-read,,,,0,0,,,,,
213086918,Summer of Then: A Novel,Rupleena Bose,"Bose, Rupleena",,"=""0143465708""","=""9780143465706""",0,Vintage Books,Hardcover,360,2024,,,2024/06/01,to-read,to-read (#1074),to-read,,,,0,0,,,,,
12067,"Good Omens: The Nice and Accurate Prophecies of Agnes Nutter, Witch",Terry Pratchett,"Pratchett, Terry",Neil Gaiman,"=""""","=""""",5.0,William Morrow Paperbacks,Paperback,491,2006,1990,2024/05/28,2021/01/23,,,read,,,,1,0,"2024-05-23,2024-05-28",Fantasy|24560;Fiction|8622;Humor|4648,847456,4.25,fiction
7805,Pale Fire,Vladimir Nabokov,"Nabokov, Vladimir",,"=""""","=""""",0,Penguin Books Ltd,Paperback,246,2000,1962,,2024/05/21,to-read,to-read (#1073),to-read,,,,0,0,,,,,
206305528,Lessons in Chemistry,Bonnie Garmus,"Garmus, Bonnie",,"=""""","=""""",3.0,Doubleday,Hardcover,404,2024,2022,2024/05/20,2024/05/20,,,read,,,,1,0,"2024-05-20,2024-05-20",Fiction|10559;Historical Fiction|7506;Book Club|6569;Audiobooks|3380;Romance|2783;Books I Own|2231;2023 Books|1890;Audio|1820;Feminism|1698;Historical|1522;Bookclub|1170,1906709,4.28,fiction
135479,Cat’s Cradle,Kurt Vonnegut Jr.,"Jr., Kurt Vonnegut",,"=""""","=""""",5.0,Penguin,Paperback,306,1999,1963,2024/05/18,2024/04/01,,,read,,,,1,0,"2024-05-14,2024-05-18",Fiction|7796;Classics|5237;Science Fiction|3769;Sci Fi|3056;Humor|919;Books I Own|805;Literature|792,449682,4.15,fiction
5693,Selected Stories of Anton Chekhov,Anton Chekhov,"Chekhov, Anton","Richard Pevear, Larissa Volokhonsky","=""0553381008""","=""9780553381009""",0,Modern Library,Paperback,467,2000,1903,,2024/05/11,to-read,to-read (#1072),to-read,,,,0,0,,,,,
34066798,A Gentleman in Moscow,Amor Towles,"Towles, Amor",,"=""""","=""""",4.0,Penguin Books,Paperback,495,2019,2016,2024/05/05,2021/05/30,,,read,,,,1,0,"2024-04-28,2024-05-05",Historical Fiction|10814;Fiction|9331;Book Club|4325;Historical|1583;Russia|1414;Books I Own|1143,708993,4.31,fiction
51715,Mythologies,Roland Barthes,"Barthes, Roland",Annette Lavers,"=""0374521506""","=""9780374521509""",3.0,"Farrar, Straus and Giroux",Paperback,160,1972,1957,2024/04/09,2024/04/09,,,read,,,,1,0,"2024-04-09,2024-04-09",Philosophy|1134;Non Fiction|742;Nonfiction|303;Essays|283;Theory|276;French|185;Mythology|175,17701,4.08,nonfiction
18512,"The Return of the King (The Lord of the Rings, #3)",J.R.R. Tolkien,"Tolkien, J.R.R.",,"=""""","=""""",5.0,Del Rey,Mass Market Paperback,404,2003,1955,2024/04/30,2023/01/06,,,read,,,,1,0,"2024-04-28,2024-04-30",Fantasy|39918;Fiction|9896;Classics|9691;Books I Own|4079,1091320,4.59,fiction
15241,"The Two Towers (The Lord of the Rings, #2)",J.R.R. Tolkien,"Tolkien, J.R.R.",Peter S. Beagle,"=""0618346260""","=""9780618346264""",5.0,Houghton Mifflin,Paperback,322,1993,1954,2024/04/28,2023/01/06,,,read,,,,1,0,"2024-03-31,2024-04-28",Fantasy|42124;Fiction|10389;Classics|10385;Books I Own|4247,1182131,4.51,fiction
4214,Life of Pi,Yann Martel,"Martel, Yann",,"=""0770430074""","=""9780770430078""",0,Seal Books,Paperback,460,2006,2001,,2024/03/31,to-read,to-read (#1071),to-read,,,,0,0,,,,,
890,Of Mice and Men,John Steinbeck,"Steinbeck, John",,"=""0142000671""","=""9780142000670""",0,Penguin Books,Paperback,107,2002,1937,,2024/03/31,to-read,to-read (#1070),to-read,,,,0,0,,,,,
18293427,The Storied Life of A.J. Fikry,Gabrielle Zevin,"Zevin, Gabrielle",,"=""1616203218""","=""9781616203214""",4.0,Algonquin Books,Hardcover,260,2014,2014,2024/03/25,2024/03/07,,,read,,,,1,0,"2024-03-25,2024-03-25",Fiction|5862;Book Club|2661;Contemporary|1607;Books About Books|1412;Romance|845;Books I Own|738;Adult|725;Contemporary Fiction|641;Literary Fiction|590,378333,4.04,fiction
57390604,As Long as the Lemon Trees Grow,Zoulfa Katouh,"Katouh, Zoulfa",,"=""0316351377""","=""9780316351379""",5.0,"Little, Brown Books for Young Readers",Hardcover,417,2022,2022,2024/03/24,2024/03/18,,,read,,,,1,0,"2024-03-23,2024-03-24",Historical Fiction|1906;Fiction|1311;Young Adult|862;Romance|754;Ya|556;Contemporary|504;Books I Own|474;Book Club|377;Historical|363;War|282;Fantasy|256;Audiobooks|238;To Buy|223;Botm|219;Want To Buy|203,145334,4.43,fiction
34,"The Fellowship of the Ring (The Lord of the Rings, #1)",J.R.R. Tolkien,"Tolkien, J.R.R.","Francis Ledoux, Maria Skibniewska","=""0618346252""","=""9780618346257""",5.0,Houghton Mifflin Harcourt,Paperback,398,2003,1954,2024/03/21,2023/01/06,,,read,,,,1,0,"2024-03-11,2024-03-21",Fantasy|58534;Classics|15933;Fiction|14437,3240225,4.41,fiction
170448,Animal Farm,George Orwell,"Orwell, George","Russell Baker, C.M. Woodhouse","=""0451526341""","=""9780451526342""",4.0,Signet Classics,Mass Market Paperback,141,1996,1945,2024/03/10,2021/01/23,,,read,I am so conflicted in rating this book.,,,1,0,"2024-03-10,2024-03-10",Classics|54526;Fiction|27849;Classic|8786;Dystopia|5999;Dystopian|5633,4817293,4.03,fiction
133938826,Welcome to the Hyunam-Dong Bookshop,Hwang Bo-Reum,"Bo-Reum, Hwang",Shanna Tan,"=""""","=""""",4.0,Bloomsbury Publishing,Hardcover,307,2024,2022,2024/03/09,2024/03/07,,,read,,,,1,0,"2024-03-08,2024-03-09",Fiction|2109;Contemporary|802;Books About Books|488;Cozy|473;Translated|358;Korean|318;Korea|291;Literary Fiction|287;Slice Of Life|285;Books I Own|280;Audiobooks|253;Book Club|221;Asian Literature|214,101158,3.87,fiction
7604,Lolita,Vladimir Nabokov,"Nabokov, Vladimir",Craig Raine,"=""""","=""""",3.0,Penguin,Paperback,368,1995,1955,2024/03/08,2021/01/23,,,read,,,,1,0,"2024-03-06,2024-03-08",Classics|20727;Fiction|11858;Classic|2976;Books I Own|2361,980028,3.87,fiction
18932,Dogsbody,Diana Wynne Jones,"Jones, Diana Wynne",,"=""0064410382""","=""9780064410380""",4.0,HarperTrophy,Mass Market Paperback,272,2001,1975,2024/03/04,2024/02/23,,,read,,,,1,0,"2024-03-03,2024-03-04",Fantasy|687;Young Adult|181;Fiction|144;Ya|103;Childrens|84,7457,4.1,fiction
62192261,The Door-to-Door Bookstore,Carsten Henn,"Henn, Carsten",Melody Shaw,"=""133549085X""","=""9781335490858""",5.0,Hanover Square Press,Hardcover,239,2023,2020,2024/03/02,2024/02/29,,,read,,,,1,0,"2024-03-02,2024-03-02",Fiction|673;Books About Books|316;Contemporary|218;Audiobooks|115;Audio|100;Book Club|78;Contemporary Fiction|78;Books I Own|76;Translated|70;Germany|68,40089,4.1,fiction
18299542,Poems of William Blake,William Blake,"Blake, William",,"=""""","=""""",0,,Kindle Edition,45,2012,1893,,2021/05/30,to-read,to-read (#565),to-read,,,,0,0,,,,,
387894,Democracy for the Few,Michael Parenti,"Parenti, Michael",,"=""0495007447""","=""9780495007449""",0,Cengage Learning,Paperback,322,2007,1974,,2024/02/28,to-read,to-read (#1069),to-read,,,,0,0,,,,,
1052756,To Kill a Nation: The Attack on Yugoslavia,Michael Parenti,"Parenti, Michael",,"=""1859847765""","=""9781859847763""",0,Verso,Hardcover,258,2001,2001,,2024/02/28,to-read,to-read (#1068),to-read,,,,0,0,,,,,
37811,The Assassination of Julius Caesar: A People's History of Ancient Rome,Michael Parenti,"Parenti, Michael",,"=""1565849426""","=""9781565849426""",0,The New Press,Paperback,276,2004,2003,,2024/02/28,to-read,to-read (#1067),to-read,,,,0,0,,,,,
708952,Against Empire,Michael Parenti,"Parenti, Michael",,"=""0872862984""","=""9780872862982""",0,City Lights Publishers,Paperback,229,1995,1995,,2024/02/28,to-read,to-read (#1066),to-read,,,,0,0,,,,,
18373,Flowers for Algernon,Daniel Keyes,"Keyes, Daniel",,"=""015603008X""","=""9780156030083""",5.0,Harvest Books,Paperback,311,2004,1966,2024/02/18,2021/03/15,,,read,,,,1,0,"2024-02-18,2024-02-18",Fiction|9025;Classics|8782;Science Fiction|5288;Sci Fi|4542;Classic|1422;Young Adult|1136;Books I Own|1076,845619,4.25,fiction
32951,Sister Outsider: Essays and Speeches,Audre Lorde,"Lorde, Audre",,"=""0895941414""","=""9780895941411""",5.0,Crossing Press,Paperback,190,1984,1984,2024/02/24,2021/03/09,,,read,I have found my God in her.,,,1,0,"2024-02-23,2024-02-24",Non Fiction|2598;Feminism|2442;Nonfiction|1574;Essays|1326;Race|631;Queer|524;Lgbtq|463;Feminist|362;Politics|348;Social Justice|342;Lgbt|300;Classics|286,42760,4.53,nonfiction
50680,The Collected Poems of Audre Lorde,Audre Lorde,"Lorde, Audre",,"=""0393319725""","=""9780393319729""",0,W. W. Norton & Company,Paperback,489,2000,1997,,2024/02/23,to-read,to-read (#1065),to-read,,,,0,0,,,,,
49098225,Another Now: Dispatches from an Alternative Present,Yanis Varoufakis,"Varoufakis, Yanis",,"=""1847925634""","=""9781847925633""",0,Bodley Head,Hardcover,235,2020,2020,,2024/02/22,to-read,to-read (#1064),to-read,,,,0,0,,,,,
6514,The Bell Jar,Sylvia Plath,"Plath, Sylvia",,"=""""","=""""",5.0,Harper Perennial Modern Classics,Paperback,294,2006,1963,2024/02/22,2021/01/23,,,read,,,,1,0,"2024-02-22,2024-02-22",Classics|25068;Fiction|12672;Books I Own|3619;Classic|3053;Feminism|2956,1318305,4.04,fiction
23604559,My Grandmother Asked Me to Tell You She's Sorry,Fredrik Backman,"Backman, Fredrik",Henning Koch,"=""1501115065""","=""9781501115066""",5.0,Atria Books,Hardcover,372,2015,2013,2024/02/20,2021/03/14,,,read,,,,1,0,"2024-02-19,2024-02-20",Fiction|4373;Book Club|1563;Contemporary|1136;Books I Own|953;Fantasy|656;Audiobooks|621;Humor|561;Audio|545,307036,4.06,fiction
269894,A Simple Heart,Gustave Flaubert,"Flaubert, Gustave",Arthur McDowall,"=""0811213188""","=""9780811213189""",0,New Directions,Paperback,68,1996,1877,,2022/06/23,to-read,to-read (#1026),to-read,,,,0,0,,,,,
36229962,The Deal of a Lifetime,Fredrik Backman,"Backman, Fredrik",Alice Menzies,"=""150119349X""","=""9781501193491""",0,Atria Books,Hardcover,65,2017,2017,,2024/02/15,to-read,to-read (#1063),to-read,,,,0,0,,,,,
51791252,The Vanishing Half,Brit Bennett,"Bennett, Brit",,"=""0525536299""","=""9780525536291""",4.0,Riverhead Books,Hardcover,343,2020,2020,2024/02/15,2021/04/07,,,read,,,,1,0,"2024-02-13,2024-02-15",Fiction|9196;Historical Fiction|5859;Book Club|4464;Books I Own|1934;Contemporary|1554;Literary Fiction|1501;Audiobooks|1498;Historical|1114;Race|1013,884836,4.11,fiction
55882116,Still Beating,Jennifer Hartmann,"Hartmann, Jennifer",,"=""""","=""""",2.0,,ebook,314,2020,2020,2024/02/11,2024/02/09,,,read,,,,1,0,"2024-02-11,2024-02-11",Dark Romance|2817;Romance|1802;Dark|1087;Enemies To Lovers|826;Kindle Unlimited|794;Books I Own|422;Contemporary|349;Forced Proximity|314;Audiobooks|306,272433,4.18,fiction
91274427,What You Are Looking for Is in the Library,Michiko Aoyama,"Aoyama, Michiko",Alison Watts,"=""1335005625""","=""9781335005625""",4.0,Hanover Square Press,Hardcover,304,2023,2020,2024/02/04,2024/01/29,,,read,,,,1,0,"2024-02-01,2024-02-04",Fiction|2671;Contemporary|837;Japan|817;Books About Books|586;Short Stories|580;Japanese|504;Japanese Literature|492;Translated|435;Book Club|379;Cozy|360;Magical Realism|343;Audiobooks|340;Books I Own|316;Literary Fiction|270,141949,4.01,fiction
14376,Einstein’s Dreams,Alan Lightman,"Lightman, Alan",,"=""140007780X""","=""9781400077809""",4.0,Vintage,Paperback,140,2004,1993,2024/01/31,2021/04/28,,,read,,,,1,0,"2024-01-31,2024-01-31",Fiction|1608;Short Stories|520;Science|456;Philosophy|420;Science Fiction|359;Sci Fi|244;Historical Fiction|170,43889,4.06,fiction
53328332,Less Is More: How Degrowth Will Save the World,Jason Hickel,"Hickel, Jason","Kofi Klu, Rupert Read","=""1786091216""","=""9781786091215""",5.0,Windmill Books,Paperback,336,2021,2020,2024/01/30,2023/09/07,,,read,"My God, this needs to be more mainstream.",,,1,0,"2024-01-01,2024-01-30",Non Fiction|570;Economics|385;Nonfiction|225;Politics|210;Environment|158;Climate Change|84;Sustainability|81;Climate|68;Economy|62;Degrowth|60;Philosophy|57,10049,4.49,nonfiction
124430,City of Djinns: A Year in Delhi,William Dalrymple,"Dalrymple, William",Olivia Fraser,"=""0142001007""","=""9780142001004""",5.0,Penguin Publishing Group,Paperback,350,2003,1993,2024/01/28,2024/01/19,,,read,,,,1,0,"2024-01-25,2024-01-28",India|475;Travel|423;Non Fiction|402;History|394;Nonfiction|118;Delhi|55;Memoir|51,13683,4.13,nonfiction
10799,A Farewell to Arms,Ernest Hemingway,"Hemingway, Ernest",,"=""0099910101""","=""9780099910107""",0,Arrow Books,Paperback,304,2004,1929,,2024/01/26,to-read,to-read (#1062),to-read,,,,0,0,,,,,
6642715,The Forty Rules of Love,Elif Shafak,"Shafak, Elif",,"=""""","=""""",5.0,Viking,Hardcover,354,2010,2009,2024/01/25,2021/05/05,,,read,,,,1,0,"2024-01-14,2024-01-25",Fiction|1716;Historical Fiction|796;Novels|482;روايات|457;Romance|418;Philosophy|292;Novel|251;Spirituality|228;Turkey|220;Books I Own|214;Love|196;Religion|181,216572,4.1,fiction
134928864,The Trinity of Fundamentals,Wisam Rafeedie,"Rafeedie, Wisam","Muhammad Tutunji, George Habash, Ahmad Qatamesh, Palestinian Youth Movement","=""""","=""9798988260219""",0,1804 Books,Paperback,331,2024,,,2024/01/18,to-read,to-read (#1061),to-read,,,,0,0,,,,,
59357120,Yellowface,R.F. Kuang,"Kuang, R.F.",,"=""""","=""""",3.0,The Borough Press,Hardcover,329,2023,2023,2024/01/18,2023/06/23,,,read,,,,1,0,"2024-01-03,2024-01-18",Fiction|9999;Contemporary|4041;Audiobooks|3767;Book Club|2729;Literary Fiction|2003;Thriller|1980;Audio|1666;Books I Own|1572;Mystery|1380;Adult|1149,1172546,3.71,fiction
123942,A Very Easy Death,Simone de Beauvoir,"Beauvoir, Simone de",,"=""0394728998""","=""9780394728995""",5.0,Pantheon,Paperback,112,1985,1964,2024/01/14,2021/05/09,,,read,,,,1,0,"2024-01-14,2024-01-14",Non Fiction|414;Memoir|247;Philosophy|200;Nonfiction|189;Classics|173;French|135;Biography|102;Death|91;France|80;Fiction|77;Feminism|69;Memoirs|66;French Literature|59;To Buy|56;Grief|50,16275,4.06,nonfiction
22738563,We Should All Be Feminists,Chimamanda Ngozi Adichie,"Adichie, Chimamanda Ngozi",,"=""""","=""""",4.0,Vintage,Kindle Edition,52,2014,2012,2024/01/07,2021/05/29,,,read,,,,1,0,"2024-01-07,2024-01-07",Non Fiction|11424;Feminism|7430;Nonfiction|4838;Essays|1989,342084,4.39,nonfiction
96177629,Good Material,Dolly Alderton,"Alderton, Dolly",,"=""0241523672""","=""9780241523674""",5.0,Fig Tree,Paperback,345,2023,2023,2023/12/28,2023/12/26,,,read,,,,1,0,"2023-12-28,2023-12-28",Fiction|1816;Romance|932;Audiobooks|586;Contemporary|582;Book Club|543;2024 Books|440;Books I Own|326;Literary Fiction|288;Audio|274;Contemporary Fiction|214;2025 Books|189,286332,3.81,fiction
42672465,The Latte Factor: Why You Don't Have to Be Rich to Live Rich,David Bach,"Bach, David",John David Mann,"=""1982120231""","=""9781982120238""",1.0,Atria Books,Hardcover,144,2019,,2023/12/24,2023/12/24,,,read,,,,1,0,"2023-12-24,2023-12-24",Finance|163;Non Fiction|143;Self Help|74;Nonfiction|71;Personal Finance|57;Money|51;Business|45;Audiobooks|34;Self Improvement|20;Financial|20;Personal Development|19;Finances|18,8518,3.83,nonfiction
49354511,The Dictionary of Lost Words,Pip Williams,"Williams, Pip",,"=""1925972593""","=""9781925972597""",5.0,Affirm Press,Paperback,384,2021,2020,2023/12/16,2022/05/27,,,read,,,,1,0,"2023-12-16,2023-12-16",Historical Fiction|4303;Fiction|2467;Book Club|1523;Historical|854;Books About Books|580;Books I Own|539;Audiobooks|505,203663,4.01,fiction
24013955,War is a Racket: The Antiwar Classic by America's Most Decorated Soldier,Smedley D. Butler,"Butler, Smedley D.",,"=""""","=""""",5.0,,Kindle Edition,60,2014,1935,2023/12/10,2023/12/03,,,read,,,,1,0,"2023-12-10,2023-12-10",History|426;Politics|369;Non Fiction|354;War|182;Nonfiction|154;Military|85;Economics|69;Philosophy|64;American History|51;Political|46,9741,4.28,nonfiction
61358638,"Poverty, by America",Matthew Desmond,"Desmond, Matthew",,"=""0593239911""","=""9780593239919""",0,Crown,Hardcover,284,2023,2023,,2023/12/09,to-read,to-read (#1059),to-read,,,,0,0,,,,,
60784549,In the Lives of Puppets,T.J. Klune,"Klune, T.J.",,"=""125021744X""","=""9781250217448""",0,Tor Books,Hardcover,420,2023,2023,,2023/12/09,to-read,to-read (#1058),to-read,,,,0,0,,,,,
1032019,Bad Samaritans: The Myth of Free Trade and the Secret History of Capitalism,Ha-Joon Chang,"Chang, Ha-Joon",,"=""1596913991""","=""9781596913998""",0,Bloomsbury Press,Hardcover,288,2007,2007,,2023/11/30,to-read,to-read (#1057),to-read,,,,0,0,,,,,
859047,Indian Summer: The Secret History of the End of an Empire,Alex von Tunzelmann,"Tunzelmann, Alex von",,"=""0805080732""","=""9780805080735""",0,Henry Holt and Co.,Hardcover,401,2007,2007,,2021/04/17,to-read,to-read (#314),to-read,,,,0,0,,,,,
18423,The Left Hand of Darkness,Ursula K. Le Guin,"Guin, Ursula K. Le",,"=""""","=""""",0,Ace,Paperback,304,2000,1969,,2023/11/25,to-read,to-read (#1056),to-read,,,,0,0,,,,,
98920,The Bastard of Istanbul,Elif Shafak,"Shafak, Elif",,"=""0670038342""","=""9780670038343""",3.0,Viking Adult,Hardcover,368,2007,2006,2023/11/05,2023/10/17,,,read,,,,1,0,"2023-10-17,2023-11-05",Fiction|1000;Historical Fiction|478;Turkey|324;Middle East|152;Novels|151;Books I Own|132;Contemporary|127;Turkish|119;Turkish Literature|117;Book Club|117,68827,3.88,fiction
7354,The Shipping News,Annie Proulx,"Proulx, Annie",,"=""0743225422""","=""9780743225427""",0,Scribner,Paperback,337,2002,1993,,2022/04/25,to-read,to-read (#992),to-read,,,,0,0,,,,,
63035432,"The Chalice of the Gods (Percy Jackson and the Olympians: The Senior Year Adventures, #1)",Rick Riordan,"Riordan, Rick",,"=""1368098177""","=""9781368098175""",4.0,Disney Hyperion,Hardcover,288,2023,2023,2023/10/07,2023/10/03,,,read,,,,1,0,"2023-10-03,2023-10-07",Fantasy|3205;Mythology|1379;Young Adult|838;Books I Own|757;Middle Grade|696;Percy Jackson|674;Fiction|554;Ya|548;Rick Riordan|501;Greek Mythology|432;Series|352,199071,4.24,fiction
90590134,"The Coming Wave: Technology, Power, and the Twenty-first Century's Greatest Dilemma",Mustafa Suleyman,"Suleyman, Mustafa",Michael Bhaskar,"=""0593593952""","=""9780593593950""",2.0,Crown,Hardcover,332,2023,2023,2023/10/02,2023/09/25,,,read,,,,1,0,"2023-09-25,2023-10-02",Non Fiction|500;Ai|449;Technology|362;Science|255;Nonfiction|212;Tech|165;Business|159;Artificial Intelligence|143;Politics|98;Audiobooks|51,16863,3.79,nonfiction
4982,The Sirens of Titan,Kurt Vonnegut Jr.,"Jr., Kurt Vonnegut",Chris     Moore,"=""""","=""""",5.0,Gollancz,Paperback,224,1999,1959,2023/09/14,2021/01/23,,,read,,,,1,0,"2023-09-11,2023-09-14",Fiction|2920;Science Fiction|2843;Sci Fi|2570;Classics|1065;Scifi|531;Vonnegut|460;Humor|330;Books I Own|299,164252,4.15,fiction
210190,The Double,Fyodor Dostoevsky,"Dostoevsky, Fyodor",Constance Garnett,"=""0486295729""","=""9780486295725""",0,Dover Publications,Paperback,144,1997,1846,,2023/09/10,to-read,to-read (#1055),to-read,,,,0,0,,,,,
26720965,"Oedipus the King and Other Tragedies: Oedipus the King, Aias, Philoctetes, Oedipus at Colonus",Sophocles,"Sophocles, Sophocles",Oliver Taplin,"=""0192806858""","=""9780192806857""",0,Oxford University Press,Paperback,384,2016,2016,,2023/09/07,to-read,to-read (#1054),to-read,,,,0,0,,,,,
40611510,The Last Lecture,Randy Pausch,"Pausch, Randy",Jeffrey Zaslow,"=""""","=""""",4.0,Hachette Books,Kindle Edition,217,2008,2008,2023/09/06,2023/09/06,,,read,,,,1,0,"2023-09-06,2023-09-06",Non Fiction|4471;Nonfiction|1837;Memoir|1395;Biography|1168;Self Help|864;Philosophy|655;Inspirational|640;Book Club|568;Books I Own|538;Memoirs|528,369113,4.26,nonfiction
80571,American Prometheus: The Triumph and Tragedy of J. Robert Oppenheimer,Kai Bird,"Bird, Kai",Martin J. Sherwin,"=""""","=""""",5.0,Vintage Books,Paperback,721,2007,2005,2023/09/06,2023/08/18,,,read,,,,1,0,"2023-08-18,2023-09-06",Biography|2094;History|1774;Non Fiction|1542;Nonfiction|845;Science|758;Biographies|411;Politics|240;Biography Memoir|226,62936,4.3,nonfiction
320877,When Languages Die: The Extinction of the World's Languages and the Erosion of Human Knowledge (Oxford Studies in Sociolinguistics),K. David Harrison,"Harrison, K. David",,"=""0195181921""","=""9780195181920""",0,Oxford University Press,Hardcover,304,2007,2007,,2023/08/31,to-read,to-read (#1053),to-read,,,,0,0,,,,,
15803733,The Double Helix,James D. Watson,"Watson, James D.","Alexander Gann, Jan Witkowski","=""1476715491""","=""9781476715490""",0,Simon & Schuster,Hardcover,368,2012,1968,,2021/04/10,to-read,to-read (#273),to-read,,,,0,0,,,,,
414999,Childhood’s End,Arthur C. Clarke,"Clarke, Arthur C.",,"=""""","=""""",4.0,Del Rey Books,Mass Market Paperback,224,1987,1953,2023/08/26,2023/08/18,,,read,,,,1,0,"2023-08-18,2023-08-26",Science Fiction|5492;Sci Fi|4789;Fiction|2211;Scifi|1074;Classics|870,178906,4.12,fiction
764332,Jason and the Golden Fleece (The Argonautica),Apollonius of Rhodes,"Rhodes, Apollonius of","Richard L. Hunter, R.C. Seaton","=""0192835831""","=""9780192835833""",0,Oxford University Press,Paperback,175,1998,-250,,2023/08/26,to-read,to-read (#1052),to-read,,,,0,0,,,,,
18775383,Excellent Sheep: The Miseducation of the American Elite and the Way to a Meaningful Life,William Deresiewicz,"Deresiewicz, William",,"=""1476702713""","=""9781476702711""",0,Free Press,Hardcover,245,2014,2014,,2021/05/26,to-read,to-read (#520),to-read,,,,0,0,,,,,
18518501,सारा आकाश,Rajendra Yadav,"Yadav, Rajendra",,"=""8183612539""","=""9788183612531""",0,Radhakrishna paperbacks,Paperback,208,1951,1951,,2023/07/23,to-read,to-read (#1051),to-read,,,,0,0,,,,,
1202,Freakonomics: A Rogue Economist Explores the Hidden Side of Everything,Steven D. Levitt,"Levitt, Steven D.",Stephen J. Dubner,"=""0061234001""","=""9780061234002""",2.0,William Morrow,Hardcover,268,2006,2005,2023/07/22,2023/06/08,,,read,,,,1,0,"2023-06-08,2023-07-22",Non Fiction|12440;Economics|6002;Nonfiction|4829;Business|2845;Science|1467,911902,4.01,nonfiction
57224204,The Seven Moons of Maali Almeida,Shehan Karunatilaka,"Karunatilaka, Shehan",,"=""1908745908""","=""9781908745903""",4.0,Sort of Books,Hardcover,386,2022,2022,2023/07/22,2023/06/10,,,read,,,,1,0,"2023-06-10,2023-07-22",Fiction|1343;Historical Fiction|714;Fantasy|564;Magical Realism|505;Book Club|391;Booker Prize|370;Sri Lanka|334;Literary Fiction|282;Booker|253;Lgbtq|249;Queer|230;Mystery|220;Lgbt|191;Books I Own|191;Historical|190;Asia|171;Booker Prize Winners|140;Audiobooks|136,65080,3.89,fiction
50159129,I Will Judge You by Your Bookshelf,Grant Snider,"Snider, Grant",,"=""1419737112""","=""9781419737114""",0,Abrams ComicArts,Hardcover,128,2020,2020,,2023/07/09,to-read,to-read (#1050),to-read,,,,0,0,,,,,
329866,The Dream of a Ridiculous Man,Fyodor Dostoevsky,"Dostoevsky, Fyodor",Fyodor Dostoyevsky,"=""1419160222""","=""9781419160226""",5.0,Kessinger Publishing,Paperback,32,2004,1877,2023/06/23,2023/06/23,,,read,,,,1,0,"2023-06-23,2023-06-23",Classics|908;Fiction|611;Short Stories|502;Russian Literature|360;Russian|273;Philosophy|258;Russian Lit|186;Literature|166;Russia|157;Dostoevsky|147;Classic|138;Short Story|103;روايات|101,48155,4.03,fiction
62591759,The Light at the End of the World,Siddhartha Deb,"Deb, Siddhartha",,"=""1641294663""","=""9781641294669""",0,Soho Press,Hardcover,458,2023,2023,,2023/06/01,to-read,to-read (#1049),to-read,,,,0,0,,,,,
2608506,The Last Leaf (Tale Blazers),O. Henry,"Henry, O.",,"=""0895987295""","=""9780895987297""",5.0,Perfection Learning,Paperback,25,2007,1907,2023/05/29,2023/05/29,,,read,,,,1,0,"2023-05-29,2023-05-29",Short Stories|284;Classics|214;Fiction|129;Short Story|90;Classic|53,7329,4.31,fiction
9654874,Act of Passion,Georges Simenon,"Simenon, Georges","Louise Varèse, Roger Ebert","=""1590173856""","=""9781590173855""",0,New York Review Books,Paperback,216,2011,1946,,2023/05/29,to-read,to-read (#1048),to-read,,,,0,0,,,,,
26822891,Who was Shivaji?,Govind Pansare,"Pansare, Govind","Anirudh Deshpande, Prabhat Patnaik","=""9380118139""","=""9789380118130""",0,Leftword Books,Paperback,110,2015,1988,,2023/04/23,to-read,to-read (#1047),to-read,,,,0,0,,,,,
23492671,"The Rosie Effect (Don Tillman, #2)",Graeme Simsion,"Simsion, Graeme",,"=""1476767327""","=""9781476767321""",0,Scribner,Paperback,368,2015,2014,,2023/03/15,to-read,to-read (#1046),to-read,,,,0,0,,,,,
41018628,"The Rosie Result (Don Tillman, #3)",Graeme Simsion,"Simsion, Graeme",,"=""1925773477""","=""9781925773477""",0,Text Publishing,Paperback,376,2019,2019,,2023/03/15,to-read,to-read (#1045),to-read,,,,0,0,,,,,
23132200,I Think You'll Find It's a Bit More Complicated Than That,Ben Goldacre,"Goldacre, Ben",,"=""0007462484""","=""9780007462483""",0,Fourth Estate Ltd,Paperback,400,2014,2014,,2023/02/17,to-read,to-read (#1044),to-read,,,,0,0,,,,,
60018635,The Very Secret Society of Irregular Witches,Sangu Mandanna,"Mandanna, Sangu",,"=""059343935X""","=""9780593439357""",0,Berkley,Paperback,336,2022,2022,,2023/02/04,to-read,to-read (#1043),to-read,,,,0,0,,,,,
32927264,Ms Ice Sandwich,Mieko Kawakami,"Kawakami, Mieko",Louise Heal Kawai,"=""1782273301""","=""9781782273301""",5.0,Pushkin Press,Paperback,92,2017,2013,2023/02/04,2023/01/08,,,read,,,,1,0,"2023-02-04,2023-02-04",Fiction|401;Japan|294;Japanese Literature|229;Japanese|200;Contemporary|192;Japanese Lit|183;Translated|180;Short Stories|121;Novella|112;Literary Fiction|84;Asian Literature|81;Asian Lit|67;Japanese Fiction|59;Books I Own|58;Novellas|52;Short Books|51;Asia|47;Coming Of Age|42;Asian|42;To Buy|41,16630,3.75,fiction
30474,The Communist Manifesto,Karl Marx,"Marx, Karl","Friedrich Engels, Samuel Moore, Gareth Stedman Jones","=""0140447571""","=""9780140447576""",5.0,Penguin Books,Paperback,288,2002,1848,2023/01/06,2023/01/01,,,read,,,,1,0,"2023-01-06,2023-01-06",Philosophy|5511;Non Fiction|4790;Politics|4440;Classics|2837;Nonfiction|1949;History|1878;Economics|1316;Political|713;Books I Own|665;Sociology|589;Marxism|574;Theory|555,210153,3.7,nonfiction
13642,A Wizard of Earthsea,Ursula K. Le Guin,"Guin, Ursula K. Le",,"=""""","=""""",4.0,,Paperback,183,2004,1968,2023/01/05,2023/01/04,,,read,,,,1,0,"2023-01-04,2023-01-05",Fantasy|21171;Fiction|4141,377512,4.01,fiction
2784,Ways of Seeing,John Berger,"Berger, John",,"=""0140135154""","=""9780140135152""",0,Penguin,Paperback,176,1990,1972,,2023/01/04,to-read,to-read (#1042),to-read,,,,0,0,,,,,
49552,The Stranger,Albert Camus,"Camus, Albert",Matthew  Ward,"=""""","=""""",5.0,Vintage International,Paperback,123,1989,1942,2023/01/03,2021/01/23,,,read,I don't think there would ever come a day when I will rate anything written by Camus less than 5 stars. The naked absurdity of this story and call to be free is Camus 101.,,,1,0,"2023-01-02,2023-01-03",Classics|22638;Fiction|14928;Philosophy|9802;French|3358;Classic|3241;Literature|2592,1530913,4.03,fiction
6764834,Why Not Socialism?,G.A. Cohen,"Cohen, G.A.",,"=""0691143617""","=""9780691143613""",0,Princeton University Press,Hardcover,83,2009,2009,,2023/01/03,to-read,to-read (#1041),to-read,,,,0,0,,,,,
80369,Discipline and Punish: The Birth of the Prison,Michel Foucault,"Foucault, Michel",Alan Sheridan,"=""0679752552""","=""9780679752554""",0,Vintage,Paperback,333,1995,1975,,2023/01/03,to-read,to-read (#1040),to-read,,,,0,0,,,,,
12007777,Why Socialism?,Albert Einstein,"Einstein, Albert",,"=""""","=""""",5.0,Monthly Review,,12,1949,1949,2023/01/01,2023/01/01,,,read,Should be a mandatory text in every educational and personal institution. Hopefully would write a bigger review on my blog. ,,,1,0,"2023-01-01,2023-01-01",Politics|185;Non Fiction|109;Philosophy|78;Socialism|78;Economics|49;Nonfiction|46;Theory|43;Essays|36;Marxism|34;Political|22,2306,4.16,nonfiction
10303367,Debunking Economics: The Naked Emperor Dethroned?,Steve Keen,"Keen, Steve",,"=""1848139926""","=""9781848139923""",0,Zed Books,Paperback,554,2011,2001,,2023/01/01,to-read,to-read (#1039),to-read,,,,0,0,,,,,
1875,"The History of Sexuality, Volume 1: An Introduction",Michel Foucault,"Foucault, Michel",Robert Hurley,"=""0679724699""","=""9780679724698""",0,Vintage,Paperback,176,1990,1976,,2023/01/01,to-read,to-read (#1038),to-read,,,,0,0,,,,,
22472,Discourse on the Origin of Inequality,Jean-Jacques Rousseau,"Rousseau, Jean-Jacques",,"=""0486434141""","=""9780486434148""",0,Dover Publications,Paperback,73,2004,1755,,2023/01/01,to-read,to-read (#1037),to-read,,,,0,0,,,,,
59577177,"Also a Poet: Frank O'Hara, My Father, and Me",Ada Calhoun,"Calhoun, Ada",,"=""0802159788""","=""9780802159786""",0,Grove Press,Hardcover,272,2022,2022,,2022/12/31,to-read,to-read (#1036),to-read,,,,0,0,,,,,
164531,The Railway Children,E. Nesbit,"Nesbit, E.",,"=""0486410226""","=""9780486410227""",4.0,Dover Publications,Paperback,188,2000,1906,2022/08/25,2022/12/18,,,read,,,,1,0,"2022-08-20,2022-08-25",Classics|1418;Childrens|631;Fiction|627;Children|498;Children S|363;Classic|293;Children S Books|235;Kids|207;Books I Own|198;Middle Grade|184;Childhood|156;Historical Fiction|151;Childrens Books|145,65410,4.03,fiction
40604658,"Jurassic Park (Jurassic Park, #1)",Michael Crichton,"Crichton, Michael",,"=""0307763056""","=""9780307763051""",5.0,Ballantine Books,Kindle Edition,466,2012,1990,2022/01/01,2021/01/23,,,read,,,,1,0,",2022-01-01;2022-04-25,2022-04-29",Science Fiction|7911;Fiction|7558;Sci Fi|7295;Thriller|3055;Horror|1675;Classics|1393;Fantasy|1382;Books I Own|1354;Scifi|1344;Adventure|1335,1101806,4.14,fiction
1774836,The Palace of Illusions,Chitra Banerjee Divakaruni,"Divakaruni, Chitra Banerjee",,"=""0385515995""","=""9780385515993""",2.0,Doubleday,Hardcover,360,2008,2008,2022/12/26,2021/03/01,,,read,,,,1,0,"2022-12-25,2022-12-26",Fiction|904;Mythology|834;Fantasy|524;Historical Fiction|503;India|438;Indian|228;Indian Authors|185;Historical|163;Books I Own|124;Retellings|109;Indian Mythology|97,70961,4.2,fiction
45865916,"The Body Under the Piano (Aggie Morton, Mystery Queen, #1)",Marthe Jocelyn,"Jocelyn, Marthe",Isabelle Follath,"=""0735265461""","=""9780735265462""",0,Tundra Books,Hardcover,325,2020,2020,,2022/12/25,to-read,to-read (#1035),to-read,,,,0,0,,,,,
57945316,Babel,R.F. Kuang,"Kuang, R.F.",,"=""0063021420""","=""9780063021426""",5.0,Harper Voyager,Hardcover,544,2022,2022,2022/12/23,2022/12/11,,,read,,,,1,0,"2022-12-11,2022-12-23",Fantasy|18778;Historical Fiction|6236;Dark Academia|5697;Fiction|5550;Books I Own|2747;Historical|2142,545373,4.12,fiction
22245334,"The Utopia of Rules: On Technology, Stupidity, and the Secret Joys of Bureaucracy",David Graeber,"Graeber, David",,"=""1612193749""","=""9781612193748""",0,Melville House,Hardcover,261,2015,2013,,2022/12/20,to-read,to-read (#1034),to-read,,,,0,0,,,,,
11289729,"Sacred Economics: Money, Gift, and Society in the Age of Transition",Charles Eisenstein,"Eisenstein, Charles",,"=""1583943978""","=""9781583943977""",0,North Atlantic Books,Paperback,469,2011,2011,,2022/12/20,to-read,to-read (#1033),to-read,,,,0,0,,,,,
49127550,Modern Family: The Untold Oral History of One of Television's Groundbreaking Sitcoms,Marc   Freeman,"Freeman, Marc",,"=""1250260035""","=""9781250260031""",0,St. Martin's Press,Hardcover,528,2020,2020,,2022/12/11,to-read,to-read (#1032),to-read,,,,0,0,,,,,
96358,Batman: The Killing Joke,Alan Moore,"Moore, Alan","Brian Bolland, Tim Sale","=""0930289455""","=""9780930289454""",5.0,DC Comics,Paperback,50,1995,1988,2022/11/05,2022/11/05,,,read,,,,1,0,"2022-11-05,2022-11-05",Comics|7114;Graphic Novels|4644;Graphic Novel|1825;Batman|1199;Comic|968;Fiction|878;Dc|747,243188,4.36,fiction
62069739,When We Cease to Understand the World,Benjamín Labatut,"Labatut, Benjamín",Adrian Nathan West,"=""""","=""""",4.0,New York Review Books,Kindle Edition,193,2022,2020,2022/11/04,2022/10/31,,,read,,,,1,0,"2022-11-04,2022-11-04",Science|1186;Non Fiction|1133;Fiction|1113;History|591;Nonfiction|509;Philosophy|348;Historical Fiction|278;Short Stories|250;Essays|196;Translated|195;Chile|143;Physics|129;Literary Fiction|126;Audiobooks|125,71328,4.09,nonfiction
57539677,Case Study,Graeme Macrae Burnet,"Burnet, Graeme Macrae",,"=""1913393194""","=""9781913393199""",0,Saraband,Hardcover,278,2021,2021,,2022/10/31,to-read,to-read (#1031),to-read,,,,0,0,,,,,
384597,Arcadia,Tom Stoppard,"Stoppard, Tom",,"=""0571169341""","=""9780571169344""",0,Faber & Faber,Paperback,101,1994,1993,,2022/10/29,to-read,to-read (#1030),to-read,,,,0,0,,,,,
43587154,"Jade City (The Green Bone Saga, #1)",Fonda Lee,"Lee, Fonda",,"=""0316440884""","=""9780316440882""",0,Orbit,Paperback,540,2018,2017,,2022/10/28,to-read,to-read (#1029),to-read,,,,0,0,,,,,
56755542,Not Here to Be Liked,Michelle Quach,"Quach, Michelle",,"=""0063038366""","=""9780063038363""",0,HarperCollins,Hardcover,384,2021,2021,,2022/10/27,to-read,to-read (#1028),to-read,,,,0,0,,,,,
28110852,The Girl Who Drank the Moon,Kelly Barnhill,"Barnhill, Kelly",,"=""1616205679""","=""9781616205676""",0,"Little, Brown Books for Young Readers",Hardcover,388,2016,2016,,2022/10/27,to-read,to-read (#1027),to-read,,,,0,0,,,,,
368916,"84, Charing Cross Road",Helene Hanff,"Hanff, Helene",,"=""""","=""""",5.0,Penguin Books,Paperback,106,1990,1970,2022/10/27,2021/04/06,,,read,,,,1,0,"2022-10-27,2022-10-27",Non Fiction|3048;Nonfiction|1510;Books About Books|1004;Memoir|945;Classics|787;Fiction|635;Epistolary|624;Biography|397;Book Club|327,102122,4.17,nonfiction
16130537,The Humans,Matt Haig,"Haig, Matt",,"=""1476727910""","=""9781476727912""",3.0,Simon & Schuster,Hardcover,285,2013,2013,2022/10/27,2021/04/28,,,read,,,,1,0,"2022-10-26,2022-10-27",Fiction|2310;Sci Fi|2023;Science Fiction|2004;Book Club|635;Fantasy|626;Humor|464;Contemporary|392;Audiobooks|370;Books I Own|365;Scifi|350;Adult|237,170682,4.07,fiction
27833670,Dark Matter,Blake Crouch,"Crouch, Blake",,"=""1101904224""","=""9781101904220""",4.0,Ballantine Books,Hardcover,342,2016,2016,2022/10/24,2021/05/18,,,read,,,,1,0,"2022-10-24,2022-10-24",Sci Fi|10726;Science Fiction|8592;Fiction|6409;Thriller|5289;Book Club|2438;Mystery|2229;Scifi|1812;Audiobooks|1643;Mystery Thriller|1387;Books I Own|1362,813907,4.13,fiction
60318890,"The Winners (Beartown, #3)",Fredrik Backman,"Backman, Fredrik",Neil Smith,"=""""","=""""",5.0,Atria Books,Kindle Edition,671,2022,2021,2022/10/22,2022/10/04,,,read,,,,1,0,"2022-10-04,2022-10-22",Fiction|1982;Contemporary|607;Audiobooks|587;Series|491;Books I Own|430;Audio|415;Sports|299;Literary Fiction|299;2023 Books|208;Contemporary Fiction|200,183231,4.45,fiction
22999076,Paris,Julien Green,"Green, Julien",,"=""""","=""""",0,Penguin,Paperback,126,2012,1983,,2021/04/25,to-read,to-read (#361),to-read,,,,0,0,,,,,
35133922,Educated,Tara Westover,"Westover, Tara",,"=""0399590501""","=""9780399590504""",5.0,Random House,Hardcover,352,2018,2018,2022/10/02,2021/04/13,,,read,"I don't think I will ever come across another book that will touch me this much. This book has been the best book I have ever read, and it won't change. I could feel so much, and yet I wouldn't even be close to what she must have felt. The agony of leaving home and yet never finding it again, however hard you try, is not lost on me, I don't know how I can ever put it in words, but she did. The writing, the prose and the emotions, everything was on point. One book that I would recommend till the end of my days.",,,1,0,"2022-10-01,2022-10-02",Non Fiction|17932;Memoir|13517;Nonfiction|9052;Book Club|6809;Memoirs|4912;Biography|4734;Audiobooks|4179;Audio|2042;Books I Own|1807,1978086,4.46,nonfiction
30319086,If We Were Villains,M.L. Rio,"Rio, M.L.",,"=""125009528X""","=""9781250095282""",5.0,Flatiron Books,Hardcover,354,2017,2017,2022/10/01,2021/05/09,,,read,"What are words? I think I have forgotten to think or write. Kill me now, before the trance fades away.",,,1,0,"2022-09-28,2022-10-01",Dark Academia|7491;Mystery|5373;Fiction|3999;Thriller|3203;Books I Own|2364;Mystery Thriller|2015;Contemporary|1722;Lgbtq|1292;Book Club|1089;Queer|1076;Lgbt|1055;Adult|995;Favs|934;5 Stars|783;To Buy|760,443941,4.07,fiction
5986375,"This Is Water: Some Thoughts, Delivered on a Significant Occasion, about Living a Compassionate Life",David Foster Wallace,"Wallace, David Foster",,"=""0316068225""","=""9780316068222""",5.0,"Little, Brown and Company",Hardcover,138,2009,2009,2022/09/30,2022/03/16,,,read,,,,1,0,"2022-09-30,2022-09-30",Non Fiction|1091;Philosophy|664;Nonfiction|549;Essays|392;Self Help|160;Psychology|129,40657,4.46,nonfiction
2998,The Secret Garden,Frances Hodgson Burnett,"Burnett, Frances Hodgson",,"=""0517189607""","=""9780517189603""",4.0,Children's Classics,Hardcover,331,1998,1911,2022/09/30,2021/04/06,,,read,,,,1,0,"2022-09-30,2022-09-30",Classics|25522;Fiction|7687;Classic|4301;Childrens|3999;Books I Own|3034;Children|2761,1339979,4.17,fiction
12959233,Winter of the World (The Century Trilogy #2),Ken Follett,"Follett, Ken",,"=""0525952926""","=""9780525952923""",3.0,Berkley,Hardcover,940,2012,2012,2022/09/30,2021/04/10,,,read,"Was the author paid by American government to write this? <br/><br/>And also, the biggest takeaway from this book one can take is that World War 2 had a lot of sex :)",,,1,0,"2022-09-26,2022-09-30",Historical Fiction|3428;Fiction|1341;Historical|478;Ken Follett|431;History|430,183413,4.39,fiction
54814676,Crying in H Mart,Michelle Zauner,"Zauner, Michelle",,"=""0525657746""","=""9780525657743""",4.0,Knopf,Hardcover,256,2021,2021,2022/09/17,2021/05/19,,,read,I think I have something for memoirs written by women about their mothers. Or maybe I just think mothers bring the best and worst out of us.,,,1,0,"2022-08-15,2022-09-17",Memoir|8271;Non Fiction|8155;Nonfiction|5049;Memoirs|3157;Audiobooks|2933;Book Club|2013;Biography|1280;Audio|1275;Books I Own|1154,648638,4.22,nonfiction
36992481,Hello World: How to be Human in the Age of the Machine,Hannah Fry,"Fry, Hannah",,"=""0857525247""","=""9780857525246""",4.0,Doubleday,Hardcover,243,2018,2018,2022/07/08,2022/06/24,,,read,,,,1,0,"2022-06-24,2022-07-08",Non Fiction|695;Science|411;Nonfiction|233;Technology|211;Tech|118;Ai|107;Psychology|80;Computer Science|78,12246,4.11,nonfiction
7315573,"Fall of Giants (The Century Trilogy, #1)",Ken Follett,"Follett, Ken",,"=""0525951652""","=""9780525951650""",5.0,Viking,Hardcover,985,2010,2005,2022/09/16,2021/04/10,,,read,It was giant indeed xD,,,1,0,"2022-08-30,2022-09-16",Historical Fiction|6012;Fiction|2548;Historical|969;History|708,355991,4.33,fiction
13167048,"Ruler of the World (Empire of the Moghul, #3)",Alex Rutherford,"Rutherford, Alex",,"=""0312597029""","=""9780312597023""",4.0,Thomas Dunne Books,Hardcover,416,2012,2011,2022/08/30,2022/08/30,,,read,,,,1,0,"2022-08-30,2022-08-30",Historical Fiction|91;History|38;Fiction|37;India|12;Historical|11;Alex Rutherford|10,2474,3.88,fiction
7505410,"Brothers At War (Empire of the Moghul, #2)",Alex Rutherford,"Rutherford, Alex",,"=""0755347544""","=""9780755347544""",4.0,Headline Review,Hardcover,436,2010,2010,2022/08/30,2022/08/30,,,read,,,,1,0,"2022-08-30,2022-08-30",Historical Fiction|118;History|39;Fiction|38;Historical|16;India|14,3059,3.92,fiction
13649887,"The Tainted Throne (Empire of the Moghul, #4)",Alex Rutherford,"Rutherford, Alex",,"=""0755347609""","=""9780755347605""",4.0,Headline Review,Hardcover,448,2012,2012,2022/08/30,2022/08/30,,,read,,,,1,0,"2022-08-30,2022-08-30",Historical Fiction|68;Fiction|35;History|25;Historical|12;India|10;Alex Rutherford|7,1837,3.93,fiction
18902186,The Notebooks of Leonardo Da Vinci Complete,Leonardo da Vinci,"Vinci, Leonardo da",Jean Paul Friedrich Richter,"=""""","=""""",0,,Kindle Edition,271,2012,1519,,2021/05/30,to-read,to-read (#549),to-read,,,,0,0,,,,,
34912895,The Great Alone,Kristin Hannah,"Hannah, Kristin",,"=""""","=""""",4.0,St. Martin's Press,Kindle Edition,435,2018,2018,2022/07/31,2022/07/30,,,read,,,,1,0,"2022-07-30,2022-07-31",Fiction|7381;Historical Fiction|7029;Book Club|3649;Audiobooks|2089;Books I Own|1740;Audio|1179;Romance|1087;Historical|964;Kristin Hannah|941,1359281,4.46,fiction
8650,"The Lost World (Jurassic Park, #2)",Michael Crichton,"Crichton, Michael",,"=""0752224417""","=""9780752224411""",4.0,"Alfred A. Knopf, Inc.",Mass Market Paperback,448,1995,1995,2022/07/30,2021/04/12,,,read,,,,1,0,"2022-07-30,2022-07-30",Science Fiction|2881;Fiction|2801;Sci Fi|2513;Thriller|1248;Books I Own|686;Adventure|550;Horror|502;Michael Crichton|489;Scifi|424;Fantasy|388;Dinosaurs|346;Series|290,191340,3.88,fiction
36373463,"Us Against You (Beartown, #2)",Fredrik Backman,"Backman, Fredrik",Neil Smith,"=""1501160796""","=""9781501160790""",5.0,Atria Books,Hardcover,448,2018,2017,2022/07/23,2022/07/22,,,read,,,,1,0,"2022-07-23,2022-07-23",Fiction|3151;Contemporary|1054;Audiobooks|911;Books I Own|647;Series|638;Audio|584;Sports|491;Literary Fiction|402;Contemporary Fiction|316,283261,4.36,fiction
33413128,"Beartown (Beartown, #1)",Fredrik Backman,"Backman, Fredrik",Neil Smith,"=""""","=""""",5.0,Simon & Schuster,ebook,432,2017,2016,2022/07/22,2021/03/14,,,read,,,,1,0,"2022-07-16,2022-07-22",Fiction|7734;Contemporary|2714;Book Club|2216;Audiobooks|1696;Books I Own|1468;Sports|1092;Literary Fiction|1069;Audio|1030;Series|966,658686,4.28,fiction
35458,"Star Wars: Revenge of the Sith (Star Wars Novelizations, #3)",Matthew Woodring Stover,"Stover, Matthew Woodring",,"=""0345428838""","=""9780345428837""",5.0,Lucas Books,Hardcover,418,2005,2005,2022/07/15,2022/07/14,,,read,,,,1,0,"2022-07-14,2022-07-15",Star Wars|2811;Science Fiction|586;Sci Fi|583;Fiction|351,27841,4.33,fiction
42201995,The Stationery Shop,Marjan Kamali,"Kamali, Marjan",,"=""1982107480""","=""9781982107482""",4.0,Gallery Books,Hardcover,312,2019,2019,2022/07/14,2021/04/05,,,read,,,,1,0,"2022-07-09,2022-07-14",Historical Fiction|2879;Fiction|1798;Romance|1255;Book Club|638;Historical|439;Audiobooks|395;Iran|331,145218,4.23,fiction
41880609,On Earth We're Briefly Gorgeous,Ocean Vuong,"Vuong, Ocean",,"=""0525562028""","=""9780525562023""",5.0,Penguin Press,Hardcover,246,2019,2019,2022/07/07,2021/04/25,,,read,,,,1,0,"2022-06-27,2022-07-07",Fiction|6478;Poetry|2876;Lgbtq|1983;Contemporary|1956;Queer|1933;Literary Fiction|1605;Lgbt|1444;Books I Own|1370;Book Club|1210;Memoir|749;Lgbtqia|716,444807,3.99,fiction
53414230,Open Water,Caleb Azumah Nelson,"Nelson, Caleb Azumah",,"=""0241448778""","=""9780241448779""",5.0,VIKIN,Hardcover,145,2021,2021,2022/06/26,2021/04/03,,,read,,,,1,0,"2022-06-13,2022-06-26",Fiction|1644;Romance|1506;Contemporary|755;Literary Fiction|578;Books I Own|255;To Buy|213;Book Club|213;Race|201;Black Authors|174;Adult|168,94835,3.97,fiction
25810500,What Is Not Yours Is Not Yours,Helen Oyeyemi,"Oyeyemi, Helen",,"=""1594634637""","=""9781594634635""",0,Riverhead Books,Hardcover,325,2016,2016,,2022/06/23,to-read,to-read (#1025),to-read,,,,0,0,,,,,
6343145,The Prime of Miss Jean Brodie,Muriel Spark,"Spark, Muriel",James                Wood,"=""0061711292""","=""9780061711299""",0,Harper Perennial,Paperback,137,2018,1961,,2022/06/23,to-read,to-read (#1024),to-read,,,,0,0,,,,,
19499462,Postscript on the Societies of Control,Gilles Deleuze,"Deleuze, Gilles",,"=""""","=""""",0,,Paperback,10,1990,1990,,2022/06/16,to-read,to-read (#1023),to-read,,,,0,0,,,,,
17225311,Tampa,Alissa Nutting,"Nutting, Alissa",,"=""0062280562""","=""9780062280565""",0,Ecco,Kindle Edition,266,2013,2013,,2022/06/10,to-read,to-read (#1022),to-read,,,,0,0,,,,,
268440,The Scholars of Night,John M. Ford,"Ford, John M.",,"=""0312930518""","=""9780312930516""",0,Tor Books,Hardcover,288,1988,1988,,2022/06/08,to-read,to-read (#1021),to-read,,,,0,0,,,,,
1352079,Ecopolitics: Building a Green Society,Daniel A. Coleman,"Coleman, Daniel A.",,"=""081352055X""","=""9780813520551""",0,Rutgers University Press,Paperback,248,1994,1994,,2022/06/08,to-read,to-read (#1020),to-read,,,,0,0,,,,,
36360037,The Plant Messiah: Adventures in Search of the World#s Rarest Species,Carlos Magdalena,"Magdalena, Carlos",,"=""0241979293""","=""9780241979297""",0,Penguin UK,Paperback,224,2018,2018,,2022/06/08,to-read,to-read (#1019),to-read,,,,0,0,,,,,
55298387,Playlist for the Apocalypse: Poems,Rita Dove,"Dove, Rita",,"=""0393867773""","=""9780393867770""",0,W. W. Norton & Company,Hardcover,114,2021,2021,,2022/06/08,to-read,to-read (#1018),to-read,,,,0,0,,,,,
56269278,The Trees,Percival Everett,"Everett, Percival",,"=""164445064X""","=""9781644450642""",0,Graywolf Press,Paperback,309,2021,2021,,2022/06/08,to-read,to-read (#1017),to-read,,,,0,0,,,,,
8572163,Rotters,Daniel Kraus,"Kraus, Daniel",,"=""0385738579""","=""9780385738576""",0,Delacorte Press,Hardcover,448,2011,2011,,2022/06/08,to-read,to-read (#1016),to-read,,,,0,0,,,,,
91494,The Death of the Heart,Elizabeth Bowen,"Bowen, Elizabeth",,"=""0385720173""","=""9780385720175""",0,Anchor Books,Paperback,418,2000,1938,,2022/06/08,to-read,to-read (#1015),to-read,,,,0,0,,,,,
12770,A Kiss Before Dying,Ira Levin,"Levin, Ira",Otto Penzler,"=""0786711647""","=""9780786711642""",0,Carroll & Graf Pub,Paperback,304,2003,1953,,2022/06/08,to-read,to-read (#1014),to-read,,,,0,0,,,,,
15080,The Best of Mystery: 63 Short Stories Chosen by the Maker of Suspense,Alfred Hitchcock,"Hitchcock, Alfred",,"=""0883656442""","=""9780883656440""",0,Galahad Books,Hardcover,636,2004,1980,,2022/06/08,to-read,to-read (#1013),to-read,,,,0,0,,,,,
27247275,Star Wars: Vader Down,Jason Aaron,"Aaron, Jason","Kieron Gillen, Mike Deodato, Salvador Larroca, Frank    Martin, Edgar Delgado, Joe Caramagna, Chris Eliopoulos, Mark Brooks","=""0785197893""","=""9780785197898""",5.0,Marvel Comics,Paperback,152,2016,2016,2022/06/08,2022/06/08,,,read,,,,1,0,"2022-06-08,2022-06-08",Star Wars|780;Comics|594;Graphic Novels|307;Science Fiction|137;Graphic Novel|134;Sci Fi|110;Star Wars Canon|80;Marvel|79,6656,4.14,fiction
32187419,Conversations with Friends,Sally Rooney,"Rooney, Sally",,"=""0451499077""","=""9780451499073""",4.0,Hogarth,Kindle Edition,304,2017,2017,2022/06/07,2022/05/20,,,read,,,,1,0,"2022-05-30,2022-06-07",Fiction|5020;Contemporary|2266;Romance|1966;Books I Own|1394;Literary Fiction|1200;Audiobooks|661;Lgbtq|600;Queer|526;Book Club|520;Ireland|510,635070,3.73,fiction
206223,The Gangster We Are All Looking For,Lê Thi Diem Thúy,"Thúy, Lê Thi Diem",,"=""0375700021""","=""9780375700026""",0,Anchor Books,Paperback,160,2004,2003,,2022/06/03,to-read,to-read (#1012),to-read,,,,0,0,,,,,
1992,The Rise and Fall of the Third Chimpanzee: How Our Animal Heritage Affects the Way We Live,Jared Diamond,"Diamond, Jared",,"=""""","=""""",0,Vintage Books,Paperback,360,2003,1991,,2022/05/27,to-read,to-read (#1011),to-read,,,,0,0,,,,,
58302960,When a Brown Girl Flees,Aamna Qureshi,"Qureshi, Aamna",,"=""1643795058""","=""9781643795058""",0,Tu Books,Hardcover,336,2023,2023,,2022/05/27,to-read,to-read (#1010),to-read,,,,0,0,,,,,
42589678,Mrs. Everything,Jennifer Weiner,"Weiner, Jennifer",,"=""1501133489""","=""9781501133480""",0,Atria Books,Hardcover,480,2019,2019,,2021/03/14,to-read,to-read (#129),to-read,,,,0,0,,,,,
59228154,Love on Location,Lynne Shelby,"Shelby, Lynne",,"=""1472289315""","=""9781472289315""",0,Headline Accent,Paperback,304,2021,,,2022/05/21,to-read,to-read (#1009),to-read,,,,0,0,,,,,
10138607,Habibi,Craig Thompson,"Thompson, Craig",,"=""0375424148""","=""9780375424144""",0,Pantheon,Hardcover,672,2011,2011,,2022/05/19,to-read,to-read (#1008),to-read,,,,0,0,,,,,
1715,Metamorphoses,Ovid,"Ovid, Ovid","David Raeburn, Denis Feeney","=""014044789X""","=""9780140447897""",0,Penguin,Paperback,723,2004,8,,2022/05/12,to-read,to-read (#1007),to-read,,,,0,0,,,,,
25446343,"Muse of Nightmares (Strange the Dreamer, #2)",Laini Taylor,"Taylor, Laini",,"=""0316341711""","=""9780316341714""",0,"Little, Brown Books for Young Readers",Hardcover,514,2018,2018,,2022/05/11,to-read,to-read (#1006),to-read,,,,0,0,,,,,
397643,Daughter of Earth,Agnes Smedley,"Smedley, Agnes","Alice Walker, Nancy Hoffman","=""0935312684""","=""9780935312683""",0,The Feminist Press at CUNY,Paperback,426,1993,1929,,2022/05/10,to-read,to-read (#1005),to-read,,,,0,0,,,,,
39358454,They Belong Only to Themselves,Brandon  Taylor,"Taylor, Brandon",,"=""""","=""""",0,Platypus Press Limited,Kindle Edition,21,2018,2018,,2022/05/10,to-read,to-read (#1004),to-read,,,,0,0,,,,,
17801,Underground: The Tokyo Gas Attack and the Japanese Psyche,Haruki Murakami,"Murakami, Haruki","Alfred Birnbaum, Philip Gabriel","=""""","=""""",0,Vintage,Paperback,309,2003,1997,,2022/05/10,to-read,to-read (#1003),to-read,,,,0,0,,,,,
55747153,Two Loves: Faiz's Letters from Jail,Salima Hashmi,"Hashmi, Salima",Kyla Pasha,"=""9693523903""","=""9789693523904""",0,Sang-e-Meel Publications,Hardcover,280,2011,,,2022/05/07,to-read,to-read (#1002),to-read,,,,0,0,,,,,
58703758,Tomb of Sand,Geetanjali Shree,"Shree, Geetanjali",Daisy Rockwell,"=""""","=""""",0,Tilted Axis Press,Paperback,739,2021,2018,,2022/05/06,to-read,to-read (#1001),to-read,,,,0,0,,,,,
58690308,Book Lovers,Emily Henry,"Henry, Emily",,"=""0593334833""","=""9780593334836""",0,Berkley,Paperback,377,2022,2022,,2022/05/04,to-read,to-read (#1000),to-read,,,,0,0,,,,,
13149984,Hot Tea Across India,Rishad Saam Mehta,"Mehta, Rishad Saam",,"=""9381626103""","=""9789381626108""",0,Westland Limited,Paperback,191,2011,2011,,2022/05/04,to-read,to-read (#999),to-read,,,,0,0,,,,,
60715545,Jurrasic park,Michael Crichton,"Crichton, Michael",,"=""""","=""""",5.0,,,427,1993,1990,2022/04/29,2022/04/25,,,read,"First of all, I know it is cliche to say that the book was better than the movie but it deserves a special attention here because movie itself was a masterpiece. It was part of my childhood and was one of the best in terms of suspense and visuals. Nonetheless, reading this book was a better experience than watching it. The characters, the details, and the climax were so different that you couldn’t help but like it more. I certainly feel that movie did a lot of stuff to masculine Alan Grant’s character while in books he was much more relatable and nicer in general? Even Malcolm’s character was much more than what they showed in movies and don’t even get me started on the Hammond’s character in the movie. Hollywood’s Idea to sympathise with rich billionaires will always go over my head. The book did a much better job in showing the capitalism at play and motivation behind Jurassic park itself. <br/>Would recommend all fans of this franchise to at least read this book once. <br/><br/>Loved it!",,,1,0,",2022-01-01;2022-04-25,2022-04-29",Science Fiction|7911;Fiction|7558;Sci Fi|7295;Thriller|3055;Horror|1675;Classics|1393;Fantasy|1382;Books I Own|1354;Scifi|1344;Adventure|1335,1101806,4.14,fiction
24178,Charlotte’s Web,E.B. White,"White, E.B.","Garth Williams, Rosemary Wells","=""0064410935""","=""9780064410939""",0,HarperCollinsPublishers,Paperback,184,2001,1952,,2022/04/27,to-read,to-read (#998),to-read,,,,0,0,,,,,
16690,The Moon Is a Harsh Mistress,Robert A. Heinlein,"Heinlein, Robert A.",,"=""0340837942""","=""9780340837948""",0,Hodder & Stoughton,Paperback,288,2005,1966,,2022/04/25,to-read,to-read (#997),to-read,,,,0,0,,,,,
77566,"Hyperion (Hyperion Cantos, #1)",Dan Simmons,"Simmons, Dan",,"=""0553283685""","=""9780553283686""",0,Bantam Doubleday Dell Publishing Group,Mass Market Paperback,500,1990,1989,,2022/04/25,to-read,to-read (#996),to-read,,,,0,0,,,,,
41193,A Thousand Acres,Jane Smiley,"Smiley, Jane",,"=""1400033837""","=""9781400033836""",0,Vintage,Paperback,371,2003,1991,,2022/04/25,to-read,to-read (#995),to-read,,,,0,0,,,,,
310612,A Confederacy of Dunces,John Kennedy Toole,"Toole, John Kennedy",Walker Percy,"=""0802130208""","=""9780802130204""",0,Grove Press,Paperback,394,1994,1980,,2022/04/25,to-read,to-read (#994),to-read,,,,0,0,,,,,
256008,"Lonesome Dove (Lonesome Dove, #1)",Larry McMurtry,"McMurtry, Larry",,"=""067168390X""","=""9780671683900""",0,Pocket Books,Mass Market Paperback,960,1999,1985,,2022/04/25,to-read,to-read (#993),to-read,,,,0,0,,,,,
2187,Middlesex,Jeffrey Eugenides,"Eugenides, Jeffrey",,"=""0312422156""","=""9780312422158""",0,Picador USA,Paperback,529,2002,2002,,2022/04/25,to-read,to-read (#991),to-read,,,,0,0,,,,,
1078,"The Good Earth (House of Earth, #1)",Pearl S. Buck,"Buck, Pearl S.","Stephanie Reents, Cynthia Brantley Johnson","=""1416500189""","=""9781416500186""",0,Howard Publishing Co,Mass Market Paperback,418,2005,1931,,2022/04/25,to-read,to-read (#989),to-read,,,,0,0,,,,,
3985,The Amazing Adventures of Kavalier & Clay,Michael Chabon,"Chabon, Michael",,"=""0312282990""","=""9780312282998""",0,Picador USA,Paperback,639,2001,2000,,2022/04/25,to-read,to-read (#990),to-read,,,,0,0,,,,,
381842,How Nonviolence Protects the State,Peter Gelderloos,"Gelderloos, Peter",,"=""0896087727""","=""9780896087729""",0,South End Pr,Paperback,182,2007,2007,,2022/04/24,to-read,to-read (#988),to-read,,,,0,0,,,,,
56802275,Elena Knows,Claudia Piñeiro,"Piñeiro, Claudia",Frances Riddle,"=""""","=""""",0,Charco Press,Paperback,143,2021,2007,,2022/04/24,to-read,to-read (#987),to-read,,,,0,0,,,,,
37506437,"Darius the Great Is Not Okay (Darius The Great, #1)",Adib Khorram,"Khorram, Adib",,"=""0525552960""","=""9780525552963""",4.0,Dial Books,Hardcover,316,2018,2018,2022/04/17,2021/04/29,,,read,"Darius the Great is not okay, was a journey of a teenager going through something that most of us face during our own teenage years. Depression, intrusive thoughts, struggle with self-image and also the ordeal of the oedipal battle with one’s father, were central themes that one finds in this book. And the author brought them out really well and presented a story, that is impactful and touches the heart in a way that I haven’t felt since reading Aristotle and Dante. This was a very similar book and also had themes of cultural identity embedded in it. And the beauty with which the author navigated the weight of family and culture, resonated with me on a personal level. It served as a reminder in these troubling times for me to get in touch with my roots and not worry about imposter syndrome that we all go through. <br/><br/>“Everyone wants you here. We have a saying in Farsi. It translates to ‘your place was empty.’ We say it when we miss somebody."" - there was a place empty for this book in my heart. <br/>",,,1,0,"2022-04-17,2022-04-17",Young Adult|1604;Ya|1206;Contemporary|938;Lgbtq|648;Fiction|636;Mental Health|510;Lgbt|475;Queer|442;Lgbtqia|306;Realistic Fiction|297;Books I Own|231;Audiobooks|211;Coming Of Age|161,38045,4.22,fiction
11753829,They're Made Out of Meat,Terry Bisson,"Bisson, Terry",,"=""""","=""""",0,Omni,ebook,4,1991,1991,,2022/04/23,to-read,to-read (#986),to-read,,,,0,0,,,,,
18007564,The Martian,Andy Weir,"Weir, Andy",,"=""0804139024""","=""9780804139021""",3.0,Crown Publishers,Hardcover,369,2014,2011,2022/04/22,2021/04/13,,,read,,,,1,0,"2022-04-18,2022-04-22",Sci Fi|18368;Science Fiction|16949;Fiction|12205;Scifi|3324;Books I Own|2621;Audiobooks|2268;Book Club|2036,1382678,4.42,fiction
29995629,A Theory of Imperialism,Utsa Patnaik,"Patnaik, Utsa",Prabhat Patnaik,"=""0231179790""","=""9780231179799""",0,Columbia University Press,Paperback,256,2016,,,2022/04/21,to-read,to-read (#985),to-read,,,,0,0,,,,,
44180842,Empty Words,Mario Levrero,"Levrero, Mario",Annie McDermott,"=""1911508504""","=""9781911508502""",0,And Other Stories,Paperback,152,2019,1996,,2022/04/21,to-read,to-read (#984),to-read,,,,0,0,,,,,
18659623,Through the Woods,E.M. Carroll,"Carroll, E.M.",,"=""1442465956""","=""9781442465954""",0,Margaret K. McElderry Books,Hardcover,208,2014,2014,,2022/04/18,to-read,to-read (#983),to-read,,,,0,0,,,,,
6602703,Neverwhere Ltd: The Author's Preferred Text,Neil Gaiman,"Gaiman, Neil",,"=""0061964948""","=""9780061964947""",0,William Morrow,Hardcover,320,2010,1996,,2021/05/07,to-read,to-read (#982),to-read,,,,0,0,,,,,
22304,Life After God,Douglas Coupland,"Coupland, Douglas",,"=""0743231511""","=""9780743231510""",0,Simon & Schuster,Paperback,291,2002,1994,,2021/05/05,to-read,to-read (#981),to-read,,,,0,0,,,,,
44107480,Lovely War,Julie Berry,"Berry, Julie",,"=""""","=""""",0,Viking Books for Young Readers,Hardcover,471,2019,2019,,2021/05/03,to-read,to-read (#980),to-read,,,,0,0,,,,,
18693763,Everything I Never Told You,Celeste Ng,"Ng, Celeste",,"=""159420571X""","=""9781594205712""",0,Penguin Press,Hardcover,297,2014,2014,,2021/09/23,to-read,to-read (#979),to-read,,,,0,0,,,,,
94486,The Invention of Morel,Adolfo Bioy Casares,"Casares, Adolfo Bioy","Jorge Luis Borges, Ruth L.C. Simms, Suzanne Jill Levine, Norah Borges de Torre","=""1590170571""","=""9781590170571""",0,New York Review Books,Paperback,103,2003,1940,,2021/05/31,to-read,to-read (#978),to-read,,,,0,0,,,,,
37969723,"The Silence of the Girls (Women of Troy, #1)",Pat Barker,"Barker, Pat",,"=""""","=""""",0,Doubleday Books,Hardcover,325,2018,2018,,2021/05/27,to-read,to-read (#977),to-read,,,,0,0,,,,,
45289222,Writers & Lovers,Lily King,"King, Lily",,"=""""","=""""",0,Grove Press,Hardcover,320,2020,2020,,2021/04/10,to-read,to-read (#976),to-read,,,,0,0,,,,,
351087,A Guide to Recognizing Your Saints,Dito Montiel,"Montiel, Dito",,"=""1560259604""","=""9781560259602""",0,Da Capo Press,Paperback,208,2006,2002,,2021/04/09,to-read,to-read (#975),to-read,,,,0,0,,,,,
54110592,How Do You Live?,Genzaburo Yoshino,"Yoshino, Genzaburo","Neil Gaiman, Bruno Navasky","=""1616209771""","=""9781616209773""",0,"Little, Brown Books for Young Readers",Hardcover,288,2021,1937,,2021/03/20,to-read,to-read (#974),to-read,,,,0,0,,,,,
41880604,Disappearing Earth,Julia  Phillips,"Phillips, Julia",,"=""0525520414""","=""9780525520412""",0,Knopf,Hardcover,264,2019,2019,,2021/04/01,to-read,to-read (#973),to-read,,,,0,0,,,,,
52767982,The Shop Before Life,Neil Hughes,"Hughes, Neil",,"=""""","=""9780993166846""",0,Enthusiastic Whim,Paperback,340,2019,,,2022/01/05,to-read,to-read (#972),to-read,,,,0,0,,,,,
98685,Genius: The Life and Science of Richard Feynman,James Gleick,"Gleick, James",,"=""0679747044""","=""9780679747048""",0,Vintage,Paperback,531,1993,1993,,2022/02/12,to-read,to-read (#971),to-read,,,,0,0,,,,,
18839,Orlando,Virginia Woolf,"Woolf, Virginia","Sandra M. Gilbert, Brenda Lyons","=""0141184272""","=""9780141184272""",0,Modern Classics,Paperback,336,2000,1928,,2022/04/16,to-read,to-read (#970),to-read,,,,0,0,,,,,
36959639,"Small Spaces (Small Spaces, #1)",Katherine Arden,"Arden, Katherine",,"=""052551502X""","=""9780525515029""",0,G.P. Putnam's Sons Books for Young Readers,Hardcover,218,2018,2018,,2022/04/15,to-read,to-read (#969),to-read,,,,0,0,,,,,
57127277,Kaikeyi,Vaishnavi Patel,"Patel, Vaishnavi",,"=""0759557330""","=""9780759557338""",0,Redhook,Hardcover,478,2022,2022,,2022/04/15,to-read,to-read (#968),to-read,,,,0,0,,,,,
58801669,Batman: The Imposter,Mattson Tomlin,"Tomlin, Mattson",Andrea Sorrentino,"=""1779514328""","=""9781779514325""",0,DC Comics,Hardcover,168,2022,2022,,2022/04/15,to-read,to-read (#967),to-read,,,,0,0,,,,,
55812605,Hotel Magnifique,Emily J. Taylor,"Taylor, Emily J.",,"=""0593404513""","=""9780593404515""",0,Razorbill,Hardcover,400,2022,2022,,2022/04/15,to-read,to-read (#966),to-read,,,,0,0,,,,,
1618,The Curious Incident of the Dog in the Night-Time,Mark Haddon,"Haddon, Mark",,"=""1400032717""","=""9781400032716""",5.0,Vintage,Paperback,226,2004,2003,2022/04/15,2022/01/03,,,read,,,,1,0,"2022-04-15,2022-04-15",Fiction|15434;Mystery|4632;Young Adult|3620;Contemporary|2704;Books I Own|2564;Book Club|2285,1635299,3.89,fiction
51985,Existentialism is a Humanism,Jean-Paul Sartre,"Sartre, Jean-Paul","Arlette Elkaïm-Sartre, Annie Cohen-Solal, Carol Macomber","=""0300115466""","=""9780300115468""",5.0,Yale University Press,Paperback,122,2007,1946,2022/04/13,2021/03/09,,,read,,,,1,0,"2022-04-11,2022-04-13",Philosophy|4167;Non Fiction|847,49676,3.98,nonfiction
14662,The Red and the Black,Stendhal,"Stendhal, Stendhal",Roger Gard,"=""0140447644""","=""9780140447644""",0,Penguin Classics,Paperback,577,2002,1830,,2022/04/13,to-read,to-read (#965),to-read,,,,0,0,,,,,
578367,Old Goriot,Honoré de Balzac,"Balzac, Honoré de",Marion Ayton Crawford,"=""""","=""9780140440171""",0,Penguin Classics,Paperback,304,1974,1835,,2022/04/13,to-read,to-read (#964),to-read,,,,0,0,,,,,
45047384,"The House in the Cerulean Sea (Cerulean Chronicles, #1)",T.J. Klune,"Klune, T.J.",,"=""""","=""""",5.0,Tor Books,Kindle Edition,393,2020,2020,2021/01/26,2021/01/24,,,read,"If the world ever finds itself short of love or hope or wholesomeness, this book will that void. 🖤🖤",,,1,0,"2021-01-24,2021-01-26",Fantasy|23728;Fiction|6669;Lgbtq|4409;Romance|4067;Book Club|3315;Lgbt|3080;Audiobooks|3052;Books I Own|2883;Queer|2716,1107251,4.35,fiction
32620332,The Seven Husbands of Evelyn Hugo,Taylor Jenkins Reid,"Reid, Taylor Jenkins",,"=""1501139231""","=""9781501139239""",4.0,Atria Books,Hardcover,389,2017,2017,2021/04/08,2021/02/22,,,read,All's well that ends well.,,,1,0,"2021-04-08,2021-04-08",Fiction|16888;Romance|16809;Historical Fiction|13094;Books I Own|7850;Lgbtq|6359;Book Club|6189;Contemporary|4958;Audiobooks|4623;Lgbt|4578;Queer|3906;Favs|3900;5 Stars|3717;Historical|3140;Adult|2631;Bookshelf|2115;Lgbtqia|2068;Sapphic|2052;Audio|1946;My Library|1804;Faves|1747,4444738,4.39,fiction
13538825,"Tombstone: The Great Chinese Famine, 1958-1962",Yang Jisheng,"Jisheng, Yang","Stacy Mosher, Jian Guo","=""0374277931""","=""9780374277932""",0,"Farrar, Straus and Giroux",Hardcover,656,2012,2008,,2022/04/13,to-read,to-read (#963),to-read,,,,0,0,,,,,
57693262,Cleopatra and Frankenstein,Coco Mellors,"Mellors, Coco",,"=""1635576814""","=""9781635576818""",0,Bloomsbury Publishing,Paperback,368,2022,2022,,2022/04/11,to-read,to-read (#962),to-read,,,,0,0,,,,,
202897,Foreign Affairs,Alison Lurie,"Lurie, Alison",,"=""0812976312""","=""9780812976311""",0,Random House Publishing Group,Paperback,292,2006,1984,,2022/04/11,to-read,to-read (#961),to-read,,,,0,0,,,,,
180995,Plato and a Platypus Walk Into a Bar: Understanding Philosophy Through Jokes,Thomas Cathcart,"Cathcart, Thomas",Daniel Klein,"=""""","=""""",4.0,Harry N. Abrams,Hardcover,200,2007,2007,2022/04/08,2022/03/30,,,read,,,,1,0,"2022-04-08,2022-04-08",Philosophy|1259;Non Fiction|571;Humor|338;Nonfiction|254,17853,3.76,nonfiction
21413662,What If?: Serious Scientific Answers to Absurd Hypothetical Questions,Randall Munroe,"Munroe, Randall",,"=""0544272994""","=""9780544272996""",0,Dey Street Books,Hardcover,303,2014,2014,,2022/04/06,to-read,to-read (#960),to-read,,,,0,0,,,,,
3202407,"Make Me a Man!: Masculinity, Hinduism, and Nationalism in India (SUNY series in Religious Studies)",Sikata Banerjee,"Banerjee, Sikata",,"=""0791463680""","=""9780791463680""",0,State University of New York Press,Paperback,181,2005,2005,,2022/04/02,to-read,to-read (#959),to-read,,,,0,0,,,,,
78983,"Kane & Abel (Kane & Abel, #1)",Jeffrey Archer,"Archer, Jeffrey",,"=""0312995059""","=""9780312995058""",0,St. Martin's Paperbacks,Paperback,592,2004,1979,,2022/04/02,to-read,to-read (#958),to-read,,,,0,0,,,,,
45213707,Low,Jeet Thayil,"Thayil, Jeet",,"=""0571356419""","=""9780571356416""",0,Faber & Faber,Paperback,320,2020,2020,,2022/03/31,to-read,to-read (#957),to-read,,,,0,0,,,,,
95784,The Rape of Nanking: The Forgotten Holocaust of World War II,Iris Shun-Ru Chang,"Chang, Iris Shun-Ru",,"=""0140277447""","=""9780140277449""",0,Penguin Books,Paperback,290,1998,1997,,2022/03/29,to-read,to-read (#955),to-read,,,,0,0,,,,,
17716,Waiting for Godot,Samuel Beckett,"Beckett, Samuel",,"=""""","=""""",5.0,Grove,Paperback,109,2011,1952,2022/03/29,2021/04/09,,,read,,,,1,0,"2022-03-29,2022-03-29",Plays|6285;Classics|4379;Fiction|2411;Drama|1962;Play|1110;Theatre|1010;Literature|647;Philosophy|642,229024,3.84,fiction
10037,No Exit and Three Other Plays,Jean-Paul Sartre,"Sartre, Jean-Paul","Stuart Gilbert, Lionel Abel","=""""","=""""",0,Vintage,Paperback,275,1989,1947,,2022/03/29,to-read,to-read (#954),to-read,,,,0,0,,,,,
16631,Steppenwolf,Hermann Hesse,"Hesse, Hermann",Basil Creighton,"=""0140282580""","=""9780140282580""",0,Penguin,Paperback,256,1999,1927,,2022/03/29,to-read,to-read (#953),to-read,,,,0,0,,,,,
52036,Siddhartha,Hermann Hesse,"Hesse, Hermann",Hilda Rosner,"=""""","=""""",0,Bantam Books,Mass Market Paperback,152,1981,1922,,2022/03/29,to-read,to-read (#953),to-read,,,,0,0,,,,,
17876,"Notes from Underground, White Nights, The Dream of a Ridiculous Man, and Selections from The House of the Dead",Fyodor Dostoevsky,"Dostoevsky, Fyodor","Andrew R. MacAndrew, Ben Marcus","=""0451529553""","=""9780451529558""",0,Signet,Mass Market Paperback,233,2004,1864,,2022/03/29,to-read,to-read (#952),to-read,,,,0,0,,,,,
14940,Who's Afraid of Virginia Woolf?,Edward Albee,"Albee, Edward",,"=""""","=""""",5.0,Berkley,Paperback,272,2006,1962,2022/03/29,2021/04/09,,,read,"There are some texts that leave you wanting more and this is one of them. I watched the movie before I read this, not much is different and that is the best thing about both the play and the movie. The setting and the narrative is just too much sometimes but turns out it is our lives, in one way or another. Who's afraid of Virginia Woolf? Apparently, all of us are. ",,,1,0,"2022-03-29,2022-03-29",Plays|3047;Classics|1123;Drama|833;Fiction|621;Play|458;Theatre|413,75062,4.06,fiction
17574515,Do Muslim Women Need Saving?,Lila Abu-Lughod,"Abu-Lughod, Lila",,"=""0674725166""","=""9780674725164""",0,Harvard University Press,Hardcover,336,2013,2013,,2022/03/29,to-read,to-read (#951),to-read,,,,0,0,,,,,
24612009,"Every Time I Find the Meaning of Life, They Change It: Wisdom of the Great Philosophers on How to Live",Daniel Klein,"Klein, Daniel",,"=""0143126792""","=""9780143126799""",4.0,Penguin Group USA,Hardcover,210,2015,2015,2022/03/28,2022/03/25,,,read,,,,1,0,"2022-03-25,2022-03-28",Philosophy|368;Non Fiction|141;Nonfiction|54,4963,3.95,nonfiction
30008713,"Rogue One: A Star Wars Story (Star Wars Novelizations, #3.5)",Alexander Freed,"Freed, Alexander",,"=""0399178457""","=""9780399178450""",0,Del Rey,Hardcover,323,2016,2016,,2022/03/25,to-read,to-read (#950),to-read,,,,0,0,,,,,
22245552,Chasing the Scream: The Search for the Truth About Addiction,Johann Hari,"Hari, Johann",,"=""1620408902""","=""9781620408902""",0,Bloomsbury USA,Hardcover,400,2015,2015,,2022/03/25,to-read,to-read (#949),to-read,,,,0,0,,,,,
17690,The Trial,Franz Kafka,"Kafka, Franz","Max Brod, Willa Muir, Edwin Muir","=""""","=""""",0,Vintage,Paperback,255,2001,1925,,2022/03/25,to-read,to-read (#948),to-read,,,,0,0,,,,,
50990,The Breast,Philip Roth,"Roth, Philip",,"=""0679749012""","=""9780679749011""",0,Knopf Doubleday Publishing Group,Paperback,89,1994,1972,,2022/03/23,to-read,to-read (#947),to-read,,,,0,0,,,,,
427354,Venus in Furs,Leopold von Sacher-Masoch,"Sacher-Masoch, Leopold von","Joachim Neugroschel, Larry Wolff","=""0140447814""","=""9780140447811""",0,Penguin Classics,Paperback,160,2000,1870,,2022/03/23,to-read,to-read (#946),to-read,,,,0,0,,,,,
20186,Seeing Like a State: How Certain Schemes to Improve the Human Condition Have Failed,James C. Scott,"Scott, James C.",,"=""0300078153""","=""9780300078152""",0,Yale University Press,Paperback,461,1999,1998,,2022/03/23,to-read,to-read (#945),to-read,,,,0,0,,,,,
333538,The Castle,Franz Kafka,"Kafka, Franz",Mark Harman,"=""0805211063""","=""9780805211061""",0,Schocken,Paperback,328,1998,1926,,2022/03/22,to-read,to-read (#944),to-read,,,,0,0,,,,,
485894,The Metamorphosis,Franz Kafka,"Kafka, Franz",Stanley Corngold,"=""0553213695""","=""9780553213690""",5.0,Bantam Classics,Mass Market Paperback,201,1972,1915,2021/03/01,2021/01/23,,,read,Wow. Why did I pick this up at this time.,,,2,0,"2021-02-28,2021-03-01;2022-03-22,2022-03-22",Classics|26364;Fiction|12696;Classic|3912;Philosophy|3020;Fantasy|2876,1564262,3.91,fiction
57693604,Secret Identity (Secret Identity #1),Alex Segura,"Segura, Alex",,"=""1250801745""","=""9781250801746""",0,Flatiron Books,Hardcover,358,2022,2022,,2022/03/16,to-read,to-read (#943),to-read,,,,0,0,,,,,
94578,The Gay Science: With a Prelude in Rhymes and an Appendix of Songs,Friedrich Nietzsche,"Nietzsche, Friedrich",Walter Kaufmann,"=""0394719859""","=""9780394719856""",0,Random House,Mass Market Paperback,396,1974,1882,,2022/03/16,to-read,to-read (#942),to-read,,,,0,0,,,,,
172366,The Library of Babel,Jorge Luis Borges,"Borges, Jorge Luis","Erik Desmazieres, Andrew Hurley, Angela Giral","=""156792123X""","=""9781567921236""",0,David R Godine Pub,Hardcover,36,2000,1941,,2022/03/16,to-read,to-read (#941),to-read,,,,0,0,,,,,
11041,Delta of Venus,Anaïs Nin,"Nin, Anaïs",Monica Elias,"=""1579125743""","=""9781579125745""",0,Black Dog & Leventhal Publishe,Hardcover,271,2006,1977,,2022/03/16,to-read,to-read (#940),to-read,,,,0,0,,,,,
29335205,We Can Get Them For You Wholesale,Neil Gaiman,"Gaiman, Neil",,"=""""","=""""",5.0,www.baen.com/,ebook,10,2015,1984,2022/03/16,2022/03/16,,,read,,,,1,0,"2022-03-16,2022-03-16",Short Stories|95;Fiction|23;Short Story|20,821,4.01,fiction
10176119,Harrison Bergeron,Kurt Vonnegut Jr.,"Jr., Kurt Vonnegut",,"=""""","=""""",5.0,The Magazine of Fantasy and Science Fiction,ebook,9,1961,1961,2022/03/16,2022/03/16,,,read,,,,1,0,"2022-03-16,2022-03-16",Short Stories|1050;Fiction|519;Classics|380;Science Fiction|371;Sci Fi|308;Dystopian|299;Dystopia|287;Short Story|241;School|157,23831,4.12,fiction
45306054,All Summer in a Day,Ray Bradbury,"Bradbury, Ray",,"=""""","=""""",4.0,,ebook,6,1954,1954,2022/03/16,2022/03/16,,,read,,,,1,0,"2022-03-16,2022-03-16",Short Stories|422;Sci Fi|136;Classics|135;Science Fiction|120;Short Story|112;Fiction|98;School|45,6220,4,fiction
23913,The Marriage of Heaven and Hell,William Blake,"Blake, William",,"=""0486281221""","=""9780486281223""",0,Dover Publications,Paperback,48,1994,1790,,2022/03/16,to-read,to-read (#939),to-read,,,,0,0,,,,,
3297175,And the Hippos Were Boiled in Their Tanks,William S. Burroughs,"Burroughs, William S.",Jack Kerouac,"=""0802118763""","=""9780802118769""",0,Grove Press,Hardcover,214,2008,1945,,2022/03/16,to-read,to-read (#938),to-read,,,,0,0,,,,,
157076,The Most Dangerous Game,Richard Connell,"Connell, Richard",Dennis Lyall,"=""1599869691""","=""9781599869698""",4.0,Filiquarian Pub Llc,Paperback,48,2006,1924,2022/03/12,2022/03/12,,,read,,,,1,0,"2022-03-12,2022-03-12",Classics|1418;Short Stories|1285;Fiction|839;Horror|425;Short Story|345;School|313;Thriller|284;Classic|218;Adventure|156,63732,3.95,fiction
4808763,The Last Question,Isaac Asimov,"Asimov, Isaac","Bob E. Flick, Jim Gallant","=""1884214495""","=""9781884214493""",5.0,Ziggurat Productions,Audio CD,9,2007,1956,2022/03/11,2022/03/11,,,read,,,,1,0,"2022-03-11,2022-03-11",Sci Fi|906;Science Fiction|890;Short Stories|857;Fiction|595;Short Story|250;Classics|224;Scifi|199;Philosophy|137,31838,4.52,fiction
15755066,The Last Answer,Isaac Asimov,"Asimov, Isaac",,"=""""","=""""",5.0,,Unknown Binding,8,1980,1980,2022/03/11,2022/03/11,,,read,,,,1,0,"2022-03-11,2022-03-11",Short Stories|173;Science Fiction|114;Sci Fi|98;Fiction|71;Short Story|57;Philosophy|37;Classics|25;Scifi|18,2976,4.14,fiction
69719,Lucy,Jamaica Kincaid,"Kincaid, Jamaica",,"=""2253153818""","=""9782253153818""",4.0,Livre de Poche,Paperback,163,2002,1990,2022/03/11,2022/03/10,,,read,,,,1,0,"2022-03-11,2022-03-11",Fiction|490;Classics|150;Caribbean|107;Literary Fiction|75;Feminism|74;Coming Of Age|65;Books I Own|51,15750,3.84,fiction
60396942,A History of Objects: A Collection of Stories,Carlo Pizzati,"Pizzati, Carlo",,"=""9354892469""","=""9789354892462""",0,HarperCollins India,Paperback,228,2022,,,2022/03/11,to-read,to-read (#937),to-read,,,,0,0,,,,,
1738338,Earthly Paradise,Colette,"Colette, Colette",,"=""0140038515""","=""9780140038514""",0,Penguin Books Ltd,Paperback,512,1974,1953,,2022/03/10,to-read,to-read (#936),to-read,,,,0,0,,,,,
26135825,Fun Home: A Family Tragicomic,Alison Bechdel,"Bechdel, Alison",,"=""0618871713""","=""9780618871711""",5.0,Mariner Books,Paperback,232,2007,2006,2022/03/10,2022/03/10,,,read,,,,1,0,"2022-03-10,2022-03-10",Graphic Novels|6858;Graphic Novel|4146;Memoir|3293;Comics|2812;Non Fiction|2696;Nonfiction|1973;Lgbtq|1691;Queer|1589;Lgbt|1540;Memoirs|786;Biography|785,209007,4.07,nonfiction
30688435,Exit West,Mohsin Hamid,"Hamid, Mohsin",,"=""0735212171""","=""9780735212176""",0,Riverhead Books,Hardcover,231,2017,2017,,2022/03/10,to-read,to-read (#935),to-read,,,,0,0,,,,,
69711,A Small Place,Jamaica Kincaid,"Kincaid, Jamaica",,"=""0374527075""","=""9780374527075""",5.0,"Farrar, Straus and Giroux",Paperback,81,2000,1988,2022/03/10,2022/03/10,,,read,Holy fucking shit.,,,1,0,"2022-03-10,2022-03-10",Non Fiction|701;Nonfiction|471;Essays|311;Memoir|198;Caribbean|182;History|140;School|123;Fiction|118;Classics|110;Travel|79;Around The World|74,20032,4.07,nonfiction
1393465,The Loneliness of the Dying,Norbert Elias,"Elias, Norbert",,"=""0826413730""","=""9780826413734""",4.0,Continuum,Paperback,102,2001,1982,2022/03/10,2022/03/08,,,read,,,,1,0,"2022-03-08,2022-03-10",Philosophy|22;Sociology|20;Non Fiction|15;Death|9;Nonfiction|7;Literature|5;Sociología|4;Filosofia|4;Morte|4;Sociologia|3;Academic|3;Ensayo|3;German|3;Psychology|3;Philosophy Sociology|3,729,3.87,nonfiction
991197,The Complete Persepolis,Marjane Satrapi,"Satrapi, Marjane",,"=""0375714839""","=""9780375714832""",0,Pantheon Books,Paperback,341,2007,2007,,2022/03/10,to-read,to-read (#934),to-read,,,,0,0,,,,,
58856290,The Silent Coup: A History of India's Deep State,Josy Joseph,"Joseph, Josy",,"=""""","=""""",0,Context,Kindle Edition,0,2021,2021,,2022/03/08,to-read,to-read (#933),to-read,,,,0,0,,,,,
17250090,Seeing Like a Feminist,Nivedita Menon,"Menon, Nivedita",,"=""8184757700""","=""9788184757705""",5.0,Penguin,Kindle Edition,265,2012,2012,2022/03/08,2021/04/08,,,read,,,,1,0,"2022-03-07,2022-03-08",Feminism|126;Non Fiction|82;Nonfiction|26;Feminist|20;Politics|19;India|18,1733,4.27,nonfiction
18688910,Patriarchy,V. Geetha,"Geetha, V.",,"=""8185604460""","=""9788185604466""",0,STREE,Hardcover,212,2007,2007,,2022/03/08,to-read,to-read (#932),to-read,,,,0,0,,,,,
22374,Batman: Arkham Asylum - A Serious House on Serious Earth,Grant Morrison,"Morrison, Grant",Dave McKean,"=""1401204252""","=""9781401204259""",0,DC Comics,Paperback,216,2005,1989,,2022/03/06,to-read,to-read (#931),to-read,,,,0,0,,,,,
70401,On the Road,Jack Kerouac,"Kerouac, Jack",,"=""0140042598""","=""9780140042597""",0,Penguin Books,Paperback,307,1976,1957,,2022/03/06,to-read,to-read (#929),to-read,,,,0,0,,,,,
102920,Understanding Comics: The Invisible Art,Scott McCloud,"McCloud, Scott",,"=""""","=""""",0,HarperPerennial,Paperback,222,1993,1993,,2022/03/06,to-read,to-read (#930),to-read,,,,0,0,,,,,
27217449,The Public Intellectual in India,Romila Thapar,"Thapar, Romila","Sundar Sarukkai, Dhruv Raina, Peter Ronald deSouza, Neeladri Bhattacharya, Jawed Naqvi","=""9384067091""","=""9789384067090""",0,Aleph Book Company,Kindle Edition,204,2015,2015,,2022/03/06,to-read,to-read (#928),to-read,,,,0,0,,,,,
29133,"A Fortress of Grey Ice (Sword of Shadows, #2)",J.V. Jones,"Jones, J.V.",,"=""0765345498""","=""9780765345493""",0,Tom Doherty Associates,Mass Market Paperback,624,2004,2003,,2022/03/06,to-read,to-read (#927),to-read,,,,0,0,,,,,
14901861,"This Is a Photograph of Me: Girl and Horse, 1928",Margaret Atwood,"Atwood, Margaret",,"=""1554487269""","=""9781554487264""",0,Scholastic,Paperback,48,2009,2009,,2022/02/28,to-read,to-read (#926),to-read,,,,0,0,,,,,
18143905,The Opposite of Loneliness: Essays and Stories,Marina Keegan,"Keegan, Marina",Anne Fadiman,"=""147675361X""","=""9781476753614""",0,Scribner,Hardcover,208,2014,2014,,2022/02/21,to-read,to-read (#925),to-read,,,,0,0,,,,,
58372297,The Lost Fragrance of Infinity,Moin Mir,"Mir, Moin",,"=""8186939881""","=""9788186939888""",0,Roli,Hardcover,318,2021,,,2022/02/21,to-read,to-read (#924),to-read,,,,0,0,,,,,
475235,The Room on the Roof,Ruskin Bond,"Bond, Ruskin",,"=""0140239596""","=""9780140239591""",0,Penguin Books,Paperback,152,1989,1956,,2022/02/19,to-read,to-read (#923),to-read,,,,0,0,,,,,
1218370,Bartleby,Herman Melville,"Melville, Herman",,"=""0146000129""","=""9780146000126""",5.0,Penguin Books,Paperback,56,1995,1853,2022/02/12,2022/02/12,,,read,,,,1,0,"2022-02-12,2022-02-12",Classics|2086;Fiction|1632;Short Stories|1152;Classic|303;Literature|284;American|235;American Literature|228;Short Story|224;19Th Century|214,80048,3.93,fiction
56769574,"The Lost Café Schindler: One Family, Two Wars, and the Search for Truth",Meriel Schindler,"Schindler, Meriel",,"=""0393881628""","=""9780393881622""",0,W. W. Norton & Company,Hardcover,432,2021,2021,,2022/02/12,to-read,to-read (#922),to-read,,,,0,0,,,,,
56347680,The Right to Sex: Feminism in the Twenty-First Century,Amia Srinivasan,"Srinivasan, Amia",,"=""0374721033""","=""9780374721039""",0,"Farrar, Straus and Giroux",Kindle Edition,241,2021,2021,,2022/02/12,to-read,to-read (#921),to-read,,,,0,0,,,,,
60399567,Beguiled: A Real-Life Story of How a Woman Got Conned in Love,Ruchika Soi,"Soi, Ruchika",,"=""0143454447""","=""9780143454441""",0,Penguin Random House India Pvt. Ltd,Paperback,248,2022,,,2022/02/12,to-read,to-read (#920),to-read,,,,0,0,,,,,
16130,Alexander Hamilton,Ron Chernow,"Chernow, Ron",,"=""""","=""""",0,Penguin Books,Paperback,818,2005,2004,,2022/02/12,to-read,to-read (#919),to-read,,,,0,0,,,,,
11324722,The Righteous Mind: Why Good People Are Divided by Politics and Religion,Jonathan Haidt,"Haidt, Jonathan",,"=""""","=""""",0,Pantheon,Hardcover,419,2012,2012,,2022/01/30,to-read,to-read (#918),to-read,,,,0,0,,,,,
35187183,Your Brain Is a Time Machine: The Neuroscience and Physics of Time,Dean Buonomano,"Buonomano, Dean",,"=""0393355608""","=""9780393355604""",0,W. W. Norton & Company,Paperback,304,2018,2017,,2022/01/29,to-read,to-read (#917),to-read,,,,0,0,,,,,
54837100,The Science of Can and Can't: A Physicist’s Journey Through the Land of Counterfactuals,Chiara Marletto,"Marletto, Chiara",,"=""0241310946""","=""9780241310946""",0,Allen Lane,Hardcover,272,2021,2021,,2022/01/29,to-read,to-read (#916),to-read,,,,0,0,,,,,
32618967,An Era of Darkness: The British Empire in India,Shashi Tharoor,"Tharoor, Shashi",,"=""938306465X""","=""9789383064656""",0,Aleph Book Company,Hardcover,360,2016,2016,,2022/01/29,to-read,to-read (#915),to-read,,,,0,0,,,,,
14082,Malgudi Days,R.K. Narayan,"Narayan, R.K.",Jhumpa Lahiri,"=""0143039652""","=""9780143039655""",0,Penguin Classics,Paperback,288,2006,1943,,2022/01/29,to-read,to-read (#914),to-read,,,,0,0,,,,,
40755416,How to Make Friends with the Dark,Kathleen Glasgow,"Glasgow, Kathleen",,"=""1101934751""","=""9781101934753""",0,Delacorte Press,Hardcover,421,2019,2019,,2022/01/29,to-read,to-read (#913),to-read,,,,0,0,,,,,
51901147,"The Ballad of Songbirds and Snakes (The Hunger Games, #0)",Suzanne Collins,"Collins, Suzanne",,"=""""","=""""",0,Scholastic Press,Kindle Edition,541,2020,2020,,2022/01/29,to-read,to-read (#912),to-read,,,,0,0,,,,,
57145833,My Body,Emily Ratajkowski,"Ratajkowski, Emily",,"=""1250817862""","=""9781250817860""",0,Metropolitan Books,Hardcover,239,2021,2021,,2022/01/29,to-read,to-read (#911),to-read,,,,0,0,,,,,
25741055,On Love,Charles Bukowski,"Bukowski, Charles",,"=""0062396021""","=""9780062396020""",0,Ecco,Kindle Edition,224,2016,2016,,2022/01/29,to-read,to-read (#910),to-read,,,,0,0,,,,,
38357895,Convenience Store Woman,Sayaka Murata,"Murata, Sayaka",Ginny Tapley Takemori,"=""""","=""""",0,Portobello Books,Paperback,163,2018,2016,,2022/01/29,to-read,to-read (#909),to-read,,,,0,0,,,,,
15751404,"David and Goliath: Underdogs, Misfits, and the Art of Battling Giants",Malcolm Gladwell,"Gladwell, Malcolm",,"=""0316204366""","=""9780316204361""",0,"Little, Brown and Company",Hardcover,305,2013,2013,,2022/01/29,to-read,to-read (#908),to-read,,,,0,0,,,,,
6088007,"Neuromancer (Sprawl, #1)",William Gibson,"Gibson, William",Jack Womack,"=""""","=""""",0,Ace,Kindle Edition,268,2018,1984,,2022/01/29,to-read,to-read (#907),to-read,,,,0,0,,,,,
13637470,Dongri To Dubai : Six Decades of The Mumbai Mafia,S. Hussain Zaidi,"Zaidi, S. Hussain",Vikram Chandra,"=""8174368949""","=""9788174368942""",0,Roli Books,Paperback,378,2012,2012,,2022/01/29,to-read,to-read (#906),to-read,,,,0,0,,,,,
46190,"Love Is a Mix Tape: Life and Loss, One Song at a Time",Rob Sheffield,"Sheffield, Rob",,"=""1400083028""","=""9781400083022""",0,Crown Publishing Group (NY),Hardcover,224,2007,2007,,2022/01/29,to-read,to-read (#905),to-read,,,,0,0,,,,,
56883406,A Hunter-Gatherer's Guide to the 21st Century: Evolution and the Challenges of Modern Life,Heather E. Heying,"Heying, Heather E.",Bret Weinstein,"=""0593086899""","=""9780593086896""",0,Portfolio / Penguin,Kindle Edition,320,2021,2021,,2022/01/29,to-read,to-read (#904),to-read,,,,0,0,,,,,
34002132,"Oathbringer (The Stormlight Archive, #3)",Brandon Sanderson,"Sanderson, Brandon",,"=""""","=""""",0,Tor Books,Hardcover,1248,2017,2017,,2022/01/09,to-read,to-read (#903),to-read,,,,0,0,,,,,
57926137,Black Cake,Charmaine Wilkerson,"Wilkerson, Charmaine",,"=""""","=""""",0,Ballantine Books,Hardcover,385,2022,2022,,2022/01/07,to-read,to-read (#902),to-read,,,,0,0,,,,,
50892360,"Black Sun (Between Earth and Sky, #1)",Rebecca Roanhorse,"Roanhorse, Rebecca",,"=""1534437673""","=""9781534437678""",0,Saga Press,Hardcover,454,2020,2020,,2022/01/07,to-read,to-read (#901),to-read,,,,0,0,,,,,
77810,The Days of Abandonment,Elena Ferrante,"Ferrante, Elena",Ann Goldstein,"=""1933372001""","=""9781933372006""",0,Europa Editions,Paperback,188,2005,2002,,2022/01/05,to-read,to-read (#900),to-read,,,,0,0,,,,,
18753656,Lagoon,Nnedi Okorafor,"Okorafor, Nnedi",,"=""1444762753""","=""9781444762754""",0,Hodder & Stoughton,Paperback,306,2014,2014,,2022/01/05,to-read,to-read (#900),to-read,,,,0,0,,,,,
52258,The Price of Salt,Patricia Highsmith,"Highsmith, Patricia",Claire  Morgan,"=""0393325997""","=""9780393325997""",0,W.W. Norton & Company,Paperback,262,2004,1952,,2022/01/04,to-read,to-read (#899),to-read,,,,0,0,,,,,
38532173,Ponti,Sharlene Teo,"Teo, Sharlene",,"=""1501173111""","=""9781501173110""",0,Simon & Schuster,Hardcover,304,2018,2018,,2022/01/04,to-read,to-read (#898),to-read,,,,0,0,,,,,
55196813,"The Maid (Molly the Maid, #1)",Nita Prose,"Prose, Nita",,"=""0593356152""","=""9780593356159""",0,Ballantine Books,Hardcover,289,2022,2022,,2022/01/04,to-read,to-read (#897),to-read,,,,0,0,,,,,
49110165,Sorrow and Bliss,Meg Mason,"Mason, Meg",,"=""""","=""""",0,4th Estate - AU,Paperback,352,2021,2020,,2022/01/03,to-read,to-read (#896),to-read,,,,0,0,,,,,
57307172,Tell Me I’m Worthless,Alison Rumfitt,"Rumfitt, Alison",,"=""""","=""9781838390020""",0,Cipher Press,Paperback,264,2021,2021,,2022/01/03,to-read,to-read (#895),to-read,,,,0,0,,,,,
44045,A Universal History of Iniquity,Jorge Luis Borges,"Borges, Jorge Luis",Andrew Hurley,"=""0142437891""","=""9780142437896""",0,Penguin Publishing Group,Paperback,128,2004,1935,,2022/01/03,to-read,to-read (#893),to-read,,,,0,0,,,,,
93282,The Acts of King Arthur and His Noble Knights,John Steinbeck,"Steinbeck, John",Chase Horton,"=""0141186305""","=""9780141186306""",0,Penguin Books,Paperback,384,2001,1976,,2022/01/03,to-read,to-read (#892),to-read,,,,0,0,,,,,
28366373,A Forgotten Liberator: The Life and Struggle of Savitribai Phule,Braj Ranjan BaMani,"BaMani, Braj Ranjan",Pamela Sardar,"=""8190627708""","=""9788190627702""",0,Mountain Peak,Paperback,95,2008,,,2022/01/03,to-read,to-read (#891),to-read,,,,0,0,,,,,
15050,Sexing the Cherry,Jeanette Winterson,"Winterson, Jeanette",,"=""0802135781""","=""9780802135780""",0,Grove Press,Paperback,167,1998,1989,,2022/01/02,to-read,to-read (#890),to-read,,,,0,0,,,,,
32956666,The Blue Hour,Isabelle Simler,"Simler, Isabelle",,"=""0802854885""","=""9780802854889""",0,Eerdmans Books for Young Readers,Hardcover,42,2017,2015,,2022/01/02,to-read,to-read (#889),to-read,,,,0,0,,,,,
30649795,Goodbye Days,Jeff Zentner,"Zentner, Jeff",,"=""0553524062""","=""9780553524062""",0,Crown Books for Young Readers,Hardcover,399,2017,2017,,2022/01/01,to-read,to-read (#888),to-read,,,,0,0,,,,,
18693771,"The Body Keeps the Score: Brain, Mind, and Body in the Healing of Trauma",Bessel van der Kolk,"Kolk, Bessel van der",,"=""0670785938""","=""9780670785933""",0,Viking,Hardcover,464,2014,2014,,2021/12/29,to-read,to-read (#887),to-read,,,,0,0,,,,,
22307056,Saving Mona Lisa: The Battle to Protect the Louvre and Its Treasures During World War II,Gerri Chanel,"Chanel, Gerri",,"=""0615990398""","=""9780615990392""",0,"Heliopa Press, LLC",Paperback,344,2014,2014,,2021/12/29,to-read,to-read (#886),to-read,,,,0,0,,,,,
62963,"Slow Days, Fast Company: The World, the Flesh, and L.A.",Eve Babitz,"Babitz, Eve",,"=""""","=""""",0,Random House ,Hardcover,178,1977,1977,,2021/12/27,to-read,to-read (#885),to-read,,,,0,0,,,,,
23841432,Night Sky with Exit Wounds,Ocean Vuong,"Vuong, Ocean",,"=""""","=""""",0,Copper Canyon Press,Paperback,89,2016,2016,,2021/12/27,to-read,to-read (#884),to-read,,,,0,0,,,,,
339387,"Listen, Little Man!",Wilhelm Reich,"Reich, Wilhelm","William Steig, Ralph Manheim","=""0374504016""","=""9780374504014""",0,"Noonday/Farrar, Straus & Giroux (NYC)",Paperback,144,1974,1946,,2021/12/27,to-read,to-read (#883),to-read,,,,0,0,,,,,
15783514,The Ocean at the End of the Lane,Neil Gaiman,"Gaiman, Neil",,"=""0062255657""","=""9780062255655""",0,William Morrow Books,Hardcover,181,2013,2013,,2021/12/24,to-read,to-read (#882),to-read,,,,0,0,,,,,
19900597,Tropical Classical: Essays from Several Directions,Pico Iyer,"Iyer, Pico",,"=""0307764656""","=""9780307764652""",0,Vintage,Kindle Edition,336,2011,1997,,2021/12/22,to-read,to-read (#881),to-read,,,,0,0,,,,,
44141651,Flight of Deities and Rebirth of Temples: Episodes from Indian History,Meenakshi Jain,"Jain, Meenakshi",,"=""8173056196""","=""9788173056192""",0,Aryan Books International,Hardcover,406,2019,2019,,2021/12/19,to-read,to-read (#880),to-read,,,,0,0,,,,,
35604796,What Is Real?: The Unfinished Quest for the Meaning of Quantum Physics,Adam  Becker,"Becker, Adam",,"=""0465096050""","=""9780465096053""",0,Basic Books,Hardcover,384,2018,2018,,2021/12/17,to-read,to-read (#879),to-read,,,,0,0,,,,,
20085932,Comic Relief: A Comprehensive Philosophy of Humor (New Directions in Aesthetics),John Morreall,"Morreall, John",Robert Mankoff,"=""""","=""""",0,Wiley-Blackwell,Kindle Edition,209,2011,2009,,2021/12/13,to-read,to-read (#878),to-read,,,,0,0,,,,,
55004514,The Warsaw Orphan,Kelly Rimmer,"Rimmer, Kelly",,"=""1525895990""","=""9781525895999""",0,Graydon House,Paperback,416,2021,2021,,2021/12/13,to-read,to-read (#877),to-read,,,,0,0,,,,,
55113347,A New Idea of India: Individual Rights in a Civilisational State,Harsh Gupta 'Madhusudan',"'Madhusudan', Harsh Gupta","Rajeev Mantri, Sanjeev Sanyal","=""9389648408""","=""9789389648409""",0,Westland,Hardcover,384,2020,2020,,2021/12/13,to-read,to-read (#876),to-read,,,,0,0,,,,,
29370449,Debrahmanising History: Dominance and Resistance in Indian Society (Extensively Revised Edition),Braj Ranjan Mani,"Mani, Braj Ranjan",,"=""9350980770""","=""9789350980774""",0,Manohar,Unknown Binding,446,2015,2005,,2021/12/13,to-read,to-read (#875),to-read,,,,0,0,,,,,
631243,The Idea of India,Sunil Khilnani,"Khilnani, Sunil",,"=""9351184544""","=""9789351184546""",0,Penguin Books,Kindle Edition,264,2016,1997,,2021/12/13,to-read,to-read (#874),to-read,,,,0,0,,,,,
38474370,Seventy Years of Secularism: Unpopular Essays on the Unofficial Political Religion of India,Sandeep Balakrishna,"Balakrishna, Sandeep",,"=""""","=""""",0,,Kindle Edition,293,2018,2018,,2021/12/13,to-read,to-read (#873),to-read,,,,0,0,,,,,
3774496,War and Peace,Leo Tolstoy,"Tolstoy, Leo","Richard Pevear, Larissa Volokhonsky","=""1400079985""","=""9781400079988""",0,Vintage Classics,Paperback,1273,2011,1868,,2021/12/13,to-read,to-read (#872),to-read,,,,0,0,,,,,
45033931,"Cilka's Journey (The Tattooist of Auschwitz, #2)",Heather   Morris,"Morris, Heather",,"=""1250265703""","=""9781250265708""",0,St. Martin's Press,Hardcover,352,2019,2019,,2021/12/13,to-read,to-read (#871),to-read,,,,0,0,,,,,
44279110,My Year of Rest and Relaxation,Ottessa Moshfegh,"Moshfegh, Ottessa",,"=""0525522131""","=""9780525522133""",0,Penguin Books,Paperback,289,2019,2018,,2021/12/13,to-read,to-read (#870),to-read,,,,0,0,,,,,
58508534,"India that is Bharat: Coloniality, Civilisation, Constitution",J. Sai Deepak,"Deepak, J. Sai",,"=""9354352499""","=""9789354352492""",0,‎ Bloomsbury India,Hardcover,472,2021,2021,,2021/12/13,to-read,to-read (#869),to-read,,,,0,0,,,,,
55756097,Wanderings in Coastal Kerala,Sugan RGK,"RGK, Sugan","Ahammed Shameer, Manikandan Sambasivam","=""""","=""""",0,,Kindle Edition,52,2020,2020,,2021/12/13,to-read,to-read (#868),to-read,,,,0,0,,,,,
79917,Crowds and Power,Elias Canetti,"Canetti, Elias",Carol Stewart,"=""0374518203""","=""9780374518202""",0,"Farrar, Straus and Giroux ",Paperback,495,1984,1960,,2021/12/12,to-read,to-read (#867),to-read,,,,0,0,,,,,
56980548,"Aristotle and Dante Dive into the Waters of the World (Aristotle and Dante, #2)",Benjamin Alire Sáenz,"Sáenz, Benjamin Alire",,"=""153449619X""","=""9781534496194""",4.0,Simon & Schuster Books for Young Readers,Hardcover,516,2021,2021,2021/12/11,2021/12/01,,,read,"I needed this. I needed this badly. Why? Cause I am a little ass crying bitch. This isn't a story that you go to when you need something thrilling, it is something that you know is coming and when it comes, it just hits you. Full of cliches and predictable storylines and yet it is needed, some things need to be said and he does it in style. I wish the world this book exists in, existed in real life, but that's the point, we will have to build one. I wish I had enough courage and means to hold on to someone as Ari does. I wish the world could be a sweeter place like Ari and Dante are envisioning. I wish so many things, and yet at the core of them, it is all for more love in this godforsaken love. Studying in a liberal college can push you to cynicism and existential dread but books like these remind you that it is all for people around you. <br/>I missed you, Ari and Dante and your fictional super cheesy dialogues.<br/>I will miss you again because you give me hope. <br/>I hope I can keep up with that hope. <br/>Thank you. ",,,1,0,"2021-12-01,2021-12-11",Romance|1512;Young Adult|1360;Lgbtq|1325;Lgbt|981;Ya|814;Queer|792;Fiction|657;Contemporary|638;Books I Own|621;Lgbtqia|494;Series|303;Audiobooks|290;Coming Of Age|257;Gay|250;To Buy|222;Historical Fiction|197;Bookshelf|190;5 Stars|168;Want To Buy|167;On My Shelf|160,114217,4.12,fiction
56816904,The Sentence,Louise Erdrich,"Erdrich, Louise",,"=""006267112X""","=""9780062671127""",0,Harper,Hardcover,387,2021,2021,,2021/12/11,to-read,to-read (#866),to-read,,,,0,0,,,,,
54589790,"Rule of Wolves (King of Scars, #2)",Leigh Bardugo,"Bardugo, Leigh",,"=""125014230X""","=""9781250142306""",0,Imprint,Hardcover,592,2021,2021,,2021/12/10,to-read,to-read (#865),to-read,,,,0,0,,,,,
56914101,The Hill We Climb: An Inaugural Poem for the Country,Amanda Gorman,"Gorman, Amanda",Oprah Winfrey,"=""059346527X""","=""9780593465271""",0,Viking Books,Hardcover,29,2021,2021,,2021/12/10,to-read,to-read (#864),to-read,,,,0,0,,,,,
57282218,"Lore Olympus: Volume One (Lore Olympus, #1)",Rachel  Smythe,"Smythe, Rachel",,"=""0593160290""","=""9780593160299""",0,Del Rey,Hardcover,384,2021,2021,,2021/12/10,to-read,to-read (#863),to-read,,,,0,0,,,,,
54998251,"Four Hundred Souls: A Community History of African America, 1619-2019",Ibram X. Kendi,"Kendi, Ibram X.",Keisha N. Blain,"=""0593134044""","=""9780593134047""",0,One World,Hardcover,504,2021,2021,,2021/12/10,to-read,to-read (#862),to-read,,,,0,0,,,,,
54968118,"The Code Breaker: Jennifer Doudna, Gene Editing, and the Future of the Human Race",Walter Isaacson,"Isaacson, Walter",,"=""1982115858""","=""9781982115852""",0,Simon & Schuster,Hardcover,536,2021,2021,,2021/12/10,to-read,to-read (#861),to-read,,,,0,0,,,,,
56132724,"The Woman They Could Not Silence: One Woman, Her Incredible Fight for Freedom, and the Men Who Tried to Make Her Disappear",Kate  Moore,"Moore, Kate",,"=""1492696722""","=""9781492696728""",0,Sourcebooks,Hardcover,540,2021,2021,,2021/12/10,to-read,to-read (#860),to-read,,,,0,0,,,,,
43868109,Empire of Pain: The Secret History of the Sackler Dynasty,Patrick Radden Keefe,"Keefe, Patrick Radden",,"=""0385545681""","=""9780385545686""",0,Doubleday,Hardcover,535,2021,2021,,2021/12/10,to-read,to-read (#859),to-read,,,,0,0,,,,,
50743767,Between Two Kingdoms: A Memoir of a Life Interrupted,Suleika Jaouad,"Jaouad, Suleika",,"=""0399588582""","=""9780399588587""",0,Random House,Hardcover,352,2021,2021,,2021/12/10,to-read,to-read (#858),to-read,,,,0,0,,,,,
54860610,Somebody's Daughter,Ashley C. Ford,"Ford, Ashley C.",,"=""1250305977""","=""9781250305978""",0,Flatiron Books: An Oprah Book,Hardcover,224,2021,2021,,2021/12/10,to-read,to-read (#857),to-read,,,,0,0,,,,,
55360284,Taste: My Life Through Food,Stanley Tucci,"Tucci, Stanley",,"=""1982168013""","=""9781982168018""",0,Gallery Books,Hardcover,291,2021,2021,,2021/12/10,to-read,to-read (#856),to-read,,,,0,0,,,,,
55338982,Cultish: The Language of Fanaticism,Amanda Montell,"Montell, Amanda",,"=""0062993151""","=""9780062993151""",0,Harper,Hardcover,310,2021,2021,,2021/12/10,to-read,to-read (#855),to-read,,,,0,0,,,,,
56268863,The Book of Hope: A Survival Guide for Trying Times,Jane Goodall,"Goodall, Jane","Douglas Abrams, Gail Hudson","=""1250784093""","=""9781250784094""",0,Celadon Books,Hardcover,252,2021,2021,,2021/12/10,to-read,to-read (#854),to-read,,,,0,0,,,,,
55825273,The Comfort Book,Matt Haig,"Haig, Matt",,"=""0143136666""","=""9780143136668""",0,Penguin Life,Hardcover,272,2021,2021,,2021/12/10,to-read,to-read (#853),to-read,,,,0,0,,,,,
57936600,Where the Deer and the Antelope Play: The Pastoral Observations of One Ignorant American Who Loves to Walk Outside,Nick Offerman,"Offerman, Nick",,"=""1101984694""","=""9781101984697""",0,Dutton,Hardcover,352,2021,2021,,2021/12/10,to-read,to-read (#852),to-read,,,,0,0,,,,,
55339007,How Y'all Doing?: Misadventures and Mischief from a Life Well Lived,Leslie Jordan,"Jordan, Leslie",,"=""0063076195""","=""9780063076198""",0,William Morrow,Hardcover,272,2021,2021,,2021/12/10,to-read,to-read (#851),to-read,,,,0,0,,,,,
54305363,Broken (In the Best Possible Way),Jenny  Lawson,"Lawson, Jenny",,"=""1250077036""","=""9781250077035""",0,Henry Holt and Co.,Hardcover,285,2021,2021,,2021/12/10,to-read,to-read (#850),to-read,,,,0,0,,,,,
52379735,The Echo Wife,Sarah Gailey,"Gailey, Sarah",,"=""125017466X""","=""9781250174666""",0,Tor Books,Hardcover,256,2021,2021,,2021/12/10,to-read,to-read (#849),to-read,,,,0,0,,,,,
51637946,Light of the Jedi (Star Wars: The High Republic),Charles Soule,"Soule, Charles",,"=""0593157710""","=""9780593157718""",0,Del Rey,Hardcover,380,2021,2021,,2021/12/10,to-read,to-read (#848),to-read,,,,0,0,,,,,
55077538,"She Who Became the Sun (The Radiant Emperor, #1)",Shelley Parker-Chan,"Parker-Chan, Shelley",,"=""1250621801""","=""9781250621801""",0,Tor Books,Hardcover,414,2021,2021,,2021/12/10,to-read,to-read (#847),to-read,,,,0,0,,,,,
56666839,"A Dowry of Blood (A Dowry of Blood, #1)",S.T. Gibson,"Gibson, S.T.",,"=""1916366937""","=""9781916366930""",0,Nyx Publishing,Paperback,248,2021,2021,,2021/12/10,to-read,to-read (#846),to-read,,,,0,0,,,,,
54798187,Later,Stephen  King,"King, Stephen",,"=""1789096499""","=""9781789096491""",0,Hard Case Crime,Paperback,248,2021,2021,,2021/12/10,to-read,to-read (#844),to-read,,,,0,0,,,,,
55829194,The Final Girl Support Group,Grady Hendrix,"Hendrix, Grady",,"=""059320123X""","=""9780593201237""",0,Berkley,Hardcover,352,2021,2021,,2021/12/10,to-read,to-read (#845),to-read,,,,0,0,,,,,
54621094,The Last House on Needless Street,Catriona Ward,"Ward, Catriona",,"=""1788166167""","=""9781788166164""",0,Viper,Hardcover,337,2021,2021,,2021/12/10,to-read,to-read (#843),to-read,,,,0,0,,,,,
53914937,The Rose Code,Kate Quinn,"Quinn, Kate",,"=""006305941X""","=""9780063059412""",0,William Morrow,Hardcover,624,2021,2021,,2021/12/10,to-read,to-read (#842),to-read,,,,0,0,,,,,
58745185,Malibu Rising,Taylor Jenkins Reid,"Reid, Taylor Jenkins",,"=""""","=""""",0,Ballantine Books,Hardcover,369,2021,2021,,2021/12/10,to-read,to-read (#841),to-read,,,,0,0,,,,,
52476830,The Push,Ashley Audrain,"Audrain, Ashley",,"=""1984881663""","=""9781984881663""",0,Pamela Dorman Books,Hardcover,307,2021,2021,,2021/12/10,to-read,to-read (#840),to-read,,,,0,0,,,,,
56852407,Billy Summers,Stephen  King,"King, Stephen",,"=""1982173610""","=""9781982173616""",0,Scribner,Hardcover,517,2021,2021,,2021/12/10,to-read,to-read (#839),to-read,,,,0,0,,,,,
45300567,The Maidens,Alex Michaelides,"Michaelides, Alex",,"=""1250304458""","=""9781250304452""",0,Celadon Books,Hardcover,337,2021,2021,,2021/12/10,to-read,to-read (#838),to-read,,,,0,0,,,,,
58744977,"The Last Thing He Told Me (Hannah Hall, #1)",Laura Dave,"Dave, Laura",,"=""""","=""""",0,Simon & Schuster,Hardcover,306,2021,2021,,2021/12/10,to-read,to-read (#837),to-read,,,,0,0,,,,,
54860573,Once There Were Wolves,Charlotte McConaghy,"McConaghy, Charlotte",,"=""1250244145""","=""9781250244147""",0,Flatiron Books,Hardcover,272,2021,2021,,2021/12/10,to-read,to-read (#836),to-read,,,,0,0,,,,,
53310061,"Dial A for Aunties (Aunties, #1)",Jesse Q. Sutanto,"Sutanto, Jesse Q.",,"=""0593336739""","=""9780593336731""",0,Berkley,Hardcover,299,2021,2021,,2021/12/10,to-read,to-read (#835),to-read,,,,0,0,,,,,
56597885,"Beautiful World, Where Are You",Sally Rooney,"Rooney, Sally",,"=""0374602603""","=""9780374602604""",0,"Farrar, Straus and Giroux",Hardcover,356,2021,2021,,2021/12/10,to-read,to-read (#834),to-read,,,,0,0,,,,,
1760630,"Self-Reliance: An Excerpt from Collected Essays, First Series",Ralph Waldo Emerson,"Emerson, Ralph Waldo",,"=""1604500093""","=""9781604500097""",0,Arc Manor,Paperback,51,2007,1841,,2021/12/07,to-read,to-read (#833),to-read,,,,0,0,,,,,
12870068,The Etymologicon: A Circular Stroll through the Hidden Connections of the English Language,Mark Forsyth,"Forsyth, Mark",,"=""""","=""""",0,Icon Books,Hardcover,252,2011,2011,,2021/12/06,to-read,to-read (#832),to-read,,,,0,0,,,,,
61663,Pale Blue Dot: A Vision of the Human Future in Space,Carl Sagan,"Sagan, Carl",,"=""0345376595""","=""9780345376596""",0,Ballantine Books,Paperback,384,1997,1994,,2021/12/06,to-read,to-read (#831),to-read,,,,0,0,,,,,
39932220,"Grand Blue Dreaming, Vol. 9",Kenji Inoue,"Inoue, Kenji",Kimitake Yoshioka,"=""1642122017""","=""9781642122015""",0,Kodansha Comics Digital-First!,Kindle Edition,194,2018,2017,,2021/12/03,to-read,to-read (#830),to-read,,,,0,0,,,,,
56783258,Cloud Cuckoo Land,Anthony Doerr,"Doerr, Anthony",,"=""1982168439""","=""9781982168438""",0,Scribner,Hardcover,626,2021,2021,,2021/12/03,to-read,to-read (#829),to-read,,,,0,0,,,,,
25365667,"Ross Poldark (Poldark, #1)",Winston Graham,"Graham, Winston",,"=""1492622079""","=""9781492622079""",0,Sourcebooks Landmark,Paperback,379,2015,1945,,2021/12/03,to-read,to-read (#828),to-read,,,,0,0,,,,,
5849,A House for Mr Biswas,V.S. Naipaul,"Naipaul, V.S.",,"=""0330487191""","=""9780330487191""",0,Picador,Paperback,623,2003,1961,,2021/12/02,to-read,to-read (#827),to-read,,,,0,0,,,,,
22557272,The Girl on the Train,Paula Hawkins,"Hawkins, Paula",,"=""1594633665""","=""9781594633669""",0,Riverhead Books,Hardcover,336,2015,2015,,2021/12/02,to-read,to-read (#826),to-read,,,,0,0,,,,,
59232498,The Last Rose of Shanghai,Weina Dai Randel,"Randel, Weina Dai",,"=""1542032881""","=""9781542032889""",0,Lake Union Publishing,Kindle Edition,429,2021,2021,,2021/12/01,to-read,to-read (#825),to-read,,,,0,0,,,,,
52761909,The Paris Library,Janet Skeslien Charles,"Charles, Janet Skeslien",,"=""1982134194""","=""9781982134198""",0,Atria Books,Hardcover,368,2021,2021,,2021/12/01,to-read,to-read (#824),to-read,,,,0,0,,,,,
62798,The Temple of the Golden Pavilion,Yukio Mishima,"Mishima, Yukio",Ivan Morris,"=""0679433155""","=""9780679433156""",0,Everyman's Library,Hardcover,247,1995,1956,,2021/11/29,to-read,to-read (#823),to-read,,,,0,0,,,,,
53025774,Well-Behaved Indian Women,Saumya Dave,"Dave, Saumya",,"=""1984806157""","=""9781984806154""",0,Berkley Books,Paperback,385,2020,2020,,2021/11/28,to-read,to-read (#822),to-read,,,,0,0,,,,,
3153910,The Art of Racing in the Rain,Garth Stein,"Stein, Garth",,"=""1554681723""","=""9781554681723""",0,Harper Collins,Hardcover,336,2008,2008,,2021/11/28,to-read,to-read (#821),to-read,,,,0,0,,,,,
18626895,"Assassin's Apprentice (Farseer Trilogy, #1)",Robin Hobb,"Hobb, Robin","Michael   Whelan, John  Howe","=""""","=""""",0,Spectra,ebook,464,2002,1995,,2021/11/28,to-read,to-read (#820),to-read,,,,0,0,,,,,
13602929,The Absolutely True Diary of a Part-Time Indian,Sherman Alexie,"Alexie, Sherman",,"=""""","=""""",0,"Little, Brown Books for Young Readers",ebook,259,2012,2007,,2021/11/28,to-read,to-read (#819),to-read,,,,0,0,,,,,
34941,"Star Wars: The Phantom Menace (Star Wars Novelizations, #1)",Terry Brooks,"Brooks, Terry",,"=""0099409968""","=""9780099409960""",4.0,Arrow/Children's (a Division of Random House,Paperback,336,2000,1999,2021/11/27,2021/11/27,,,read,,,,1,0,"2021-11-27,2021-11-27",Star Wars|2154;Science Fiction|602;Sci Fi|536;Fiction|279;Fantasy|219,22061,3.66,fiction
3832,"Cover Her Face (Adam Dalgliesh, #1)",P.D. James,"James, P.D.",,"=""0743219570""","=""9780743219570""",0,Scribner,Paperback,250,2001,1962,,2021/11/27,to-read,to-read (#818),to-read,,,,0,0,,,,,
168666,Lord Jim,Joseph Conrad,"Conrad, Joseph","Cedric Watts, Robert Hampson","=""0140180923""","=""9780140180923""",0,Penguin Classics,Paperback,384,1988,1900,,2021/11/25,to-read,to-read (#817),to-read,,,,0,0,,,,,
31175,The Professor,Charlotte Brontë,"Brontë, Charlotte",,"=""1582870950""","=""9781582870953""",0,North Books,Hardcover,269,1999,1857,,2021/11/25,to-read,to-read (#817),to-read,,,,0,0,,,,,
20625781,The Present in Delhi's Pasts,Sunil Kumar,"Kumar, Sunil",,"=""""","=""9788188789443""",0,Three Essays Collective,Paperback,158,2010,2010,,2021/11/25,to-read,to-read (#816),to-read,,,,0,0,,,,,
10002752,Demolishing Myths or Mosques and Temples?: Readings on History and Temple Desecration in Medieval India,Sunil Kumar (Editor),"(Editor), Sunil Kumar","Richard H. Davis, Romila Thapar, Richard Eaton, Finbarr Barry Flood","=""8188789593""","=""9788188789597""",0,Three Essays Collective,Paperback,192,2010,2008,,2021/11/25,to-read,to-read (#815),to-read,,,,0,0,,,,,
58312868,The Book of Indian Ghosts,Riksundar Banerjee,"Banerjee, Riksundar",,"=""939065226X""","=""9789390652266""",0,Aleph Book Company,Hardcover,278,2021,,,2021/11/23,to-read,to-read (#814),to-read,,,,0,0,,,,,
436982,Notes from the Underground,Fyodor Dostoevsky,"Dostoevsky, Fyodor",Constance Garnett,"=""""","=""""",0,Dover Publications,Paperback,96,1992,1864,,2021/11/23,to-read,to-read (#813),to-read,,,,0,0,,,,,
17876152,गुनाहों का देवता [Gunahon Ka Devata],Dharamvir Bharati,"Bharati, Dharamvir",धर्मवीर भारती,"=""""","=""9789326350600""",0,Bhartiya Jnanpith,Hardcover,257,2012,1949,,2021/11/23,to-read,to-read (#812),to-read,,,,0,0,,,,,
25734172,Seven Brief Lessons on Physics,Carlo Rovelli,"Rovelli, Carlo",,"=""0399184414""","=""9780399184413""",0,Riverhead Books,Hardcover,81,2016,2014,,2021/11/23,to-read,to-read (#811),to-read,,,,0,0,,,,,
17061,Coraline,Neil Gaiman,"Gaiman, Neil",Dave McKean,"=""0061139378""","=""9780061139376""",0,William Morrow Paperbacks,Paperback,208,2006,2002,,2021/11/23,to-read,to-read (#810),to-read,,,,0,0,,,,,
386162,"The Hitchhiker’s Guide to the Galaxy (The Hitchhiker's Guide to the Galaxy, #1)",Douglas Adams,"Adams, Douglas",,"=""""","=""""",5.0,Del Rey,Paperback,193,2007,1979,2021/11/23,2021/03/01,,,read,,,,1,0,"2021-11-22,2021-11-23",Sci Fi|19782;Science Fiction|18621;Fiction|14683;Classics|6852;Humor|6568;Fantasy|6005;Scifi|3625;Comedy|2629;Humour|2144;Books I Own|2042;Audiobooks|2027,2078869,4.22,fiction
1031200,The Meaning of India,Raja Rao,"Rao, Raja",,"=""8170945542""","=""9788170945543""",0,Vision Books,Paperback,204,2007,1996,,2021/11/23,to-read,to-read (#809),to-read,,,,0,0,,,,,
48692505,Lost in Thought: The Hidden Pleasures of an Intellectual Life,Zena Hitz,"Hitz, Zena",,"=""0691189234""","=""9780691189239""",0,Princeton University Press,Kindle Edition,240,2020,2020,,2021/11/23,to-read,to-read (#808),to-read,,,,0,0,,,,,
342823,"The Female Malady: Women, Madness and English Culture 1830-1980",Elaine Showalter,"Showalter, Elaine",,"=""0860688690""","=""9780860688693""",0,Virago,Paperback,320,1987,1985,,2021/11/22,to-read,to-read (#807),to-read,,,,0,0,,,,,
7327100,The Asylum for Wayward Victorian Girls,Emilie Autumn,"Autumn, Emilie",,"=""""","=""""",0,The Asylum Emporium,Hardcover,264,2009,2009,,2021/11/22,to-read,to-read (#806),to-read,,,,0,0,,,,,
24453,"Witches, Midwives and Nurses: A History of Women Healers",Barbara Ehrenreich,"Ehrenreich, Barbara",Deirdre English,"=""0912670134""","=""9780912670133""",0,The Feminist Press at CUNY,Paperback,48,1993,1972,,2021/11/22,to-read,to-read (#805),to-read,,,,0,0,,,,,
117047,The Blind Watchmaker: Why the Evidence of Evolution Reveals a Universe Without Design,Richard Dawkins,"Dawkins, Richard",,"=""0141026162""","=""9780141026169""",0,Penguin,Paperback,466,2006,1986,,2021/11/22,to-read,to-read (#804),to-read,,,,0,0,,,,,
13912,A Beautiful Mind,Sylvia Nasar,"Nasar, Sylvia",,"=""0571212921""","=""9780571212927""",0,Faber & Faber,Paperback,461,1999,1998,,2021/11/22,to-read,to-read (#803),to-read,,,,0,0,,,,,
333867,The Stars My Destination,Alfred Bester,"Bester, Alfred",,"=""0679767800""","=""9780679767800""",0,Vintage,Hardcover,258,1996,1956,,2021/11/22,to-read,to-read (#802),to-read,,,,0,0,,,,,
840,The Design of Everyday Things,Donald A. Norman,"Norman, Donald A.",,"=""0465067107""","=""9780465067107""",0,Basic Books,Paperback,257,2002,1988,,2021/11/22,to-read,to-read (#801),to-read,,,,0,0,,,,,
1215032,"The Wise Man's Fear (The Kingkiller Chronicle, #2)",Patrick Rothfuss,"Rothfuss, Patrick",,"=""0756404738""","=""9780756404734""",0,DAW Books,Hardcover,994,2011,2011,,2021/11/22,to-read,to-read (#800),to-read,,,,0,0,,,,,
25686321,"A Rising Man (Sam Wyndham, #1)",Abir  Mukherjee,"Mukherjee, Abir",,"=""""","=""""",0,Vintage Digital,ebook,400,2016,2016,,2021/11/22,to-read,to-read (#799),to-read,,,,0,0,,,,,
51496,Dr. Jekyll and Mr. Hyde,Robert Louis Stevenson,"Stevenson, Robert Louis","Vladimir Nabokov, Dan Chaon, Jerome Charyn, Simon Vestdijk","=""0451528956""","=""9780451528957""",0,Signet Classic,Mass Market Paperback,139,2003,1886,,2021/11/22,to-read,to-read (#798),to-read,,,,0,0,,,,,
1848845,"The Island of Menstruating Men: Religion in Wogeo, New Guinea",Herbert Ian Hogbin,"Hogbin, Herbert Ian",,"=""0881338842""","=""9780881338843""",0,Waveland Pr Inc,Paperback,203,1996,1970,,2021/11/21,to-read,to-read (#797),to-read,,,,0,0,,,,,
39796904,My Lovely Wife,Samantha  Downing,"Downing, Samantha",,"=""""","=""""",0,Berkley Books,Hardcover,390,2019,2019,,2021/10/10,to-read,to-read (#796),to-read,,,,0,0,,,,,
40379964,Seeker,Douglas E. Richards,"Richards, Douglas E.",,"=""""","=""""",0,Paragon Press,Kindle Edition,376,2018,2018,,2021/10/10,to-read,to-read (#795),to-read,,,,0,0,,,,,
290112,Lady Sings the Blues,Billie Holiday,"Holiday, Billie",William Dufty,"=""0140067620""","=""9780140067620""",0,Penguin Books,Paperback,208,1984,1956,,2021/10/10,to-read,to-read (#794),to-read,,,,0,0,,,,,
7126,The Count of Monte Cristo,Alexandre Dumas,"Dumas, Alexandre",Robin Buss,"=""0140449264""","=""9780140449266""",0,Penguin Classics,Paperback,1276,2003,1846,,2021/10/07,to-read,to-read (#793),to-read,,,,0,0,,,,,
17333324,"Ancillary Justice (Imperial Radch, #1)",Ann Leckie,"Leckie, Ann",,"=""""","=""""",0,Orbit,Paperback,386,2013,2013,,2021/10/06,to-read,to-read (#792),to-read,,,,0,0,,,,,
11337,The Bluest Eye,Toni Morrison,"Morrison, Toni",,"=""""","=""""",5.0,Plume,Paperback,216,2005,1970,2021/10/06,2021/07/23,,,read,,,,1,0,"2021-09-28,2021-10-06",Fiction|6321;Classics|5541;Historical Fiction|2013;Banned Books|1104;Books I Own|1095;Book Club|760;Classic|732;Race|717;Literary Fiction|703;African American|655,324711,4.14,fiction
53205888,Under the Whispering Door,T.J. Klune,"Klune, T.J.",,"=""1250217342""","=""9781250217349""",0,Tor Books,Hardcover,376,2021,2021,,2021/10/06,to-read,to-read (#791),to-read,,,,0,0,,,,,
36544614,Dear America: Notes of an Undocumented Citizen,Jose Antonio Vargas,"Vargas, Jose Antonio",,"=""0062851365""","=""9780062851369""",0,Dey Street Books,ebook,256,2018,2018,,2021/10/01,to-read,to-read (#790),to-read,,,,0,0,,,,,
38463,If Beale Street Could Talk,James Baldwin,"Baldwin, James",,"=""0307275930""","=""9780307275936""",0,Knopf Doubleday Publishing Group,Paperback,197,2006,1974,,2021/09/29,to-read,to-read (#789),to-read,,,,0,0,,,,,
35066358,The First Fifteen Lives of Harry August,Claire North,"North, Claire",,"=""""","=""""",5.0,Redhook,Kindle Edition,417,2014,2014,2021/09/29,2021/09/22,,,read,,,,1,0,"2021-09-28,2021-09-29",Science Fiction|1948;Fiction|1858;Sci Fi|1856;Fantasy|1469;Time Travel|1171;Book Club|534;Historical Fiction|407;Scifi|347;Audiobooks|321;Books I Own|290;Audible|271;Audio|197,104408,4.03,fiction
483485,Vehicles: Experiments in Synthetic Psychology,Valentino Braitenberg,"Braitenberg, Valentino",,"=""0262521121""","=""9780262521123""",0,MIT Press,Paperback,165,1986,1984,,2021/09/07,to-read,to-read (#788),to-read,,,,0,0,,,,,
119073,The Name of the Rose,Umberto Eco,"Eco, Umberto",William Weaver,"=""0156001314""","=""9780156001311""",0,Houghton Mifflin Harcourt,Paperback,552,1994,1980,,2021/09/06,to-read,to-read (#787),to-read,,,,0,0,,,,,
361459,An Unquiet Mind: A Memoir of Moods and Madness,Kay Redfield Jamison,"Jamison, Kay Redfield",,"=""0679763309""","=""9780679763307""",0,Vintage,Paperback,240,1997,1995,,2021/09/03,to-read,to-read (#786),to-read,,,,0,0,,,,,
20642794,Thanda Gosht / ٹھنڈا گوشت,سعادت حسن منٹو,"منٹو, سعادت حسن",Saadat Hasan Manto,"=""969352098X""","=""9789693520989""",0,Sang-e-Meel Publications,Hardcover,80,2008,1950,,2021/09/02,to-read,to-read (#785),to-read,,,,0,0,,,,,
73902,"The Sole Spokesman: Jinnah, the Muslim League, and the Demand for Pakistan",Ayesha Jalal,"Jalal, Ayesha",,"=""0521458501""","=""9780521458504""",0,Cambridge University Press,Paperback,310,1994,1985,,2021/09/02,to-read,to-read (#784),to-read,,,,0,0,,,,,
13601144,Em and The Big Hoom,Jerry Pinto,"Pinto, Jerry",,"=""8192328023""","=""9788192328027""",0,Aleph Book Company,Hardcover,240,2012,2012,,2021/08/09,to-read,to-read (#783),to-read,,,,0,0,,,,,
40102,Blink: The Power of Thinking Without Thinking,Malcolm Gladwell,"Gladwell, Malcolm","Barry    Fox, Irina Henegar","=""0316010669""","=""9780316010665""",0,Back Bay Books,Paperback,296,2007,2005,,2021/08/08,to-read,to-read (#782),to-read,,,,0,0,,,,,
13449653,New Structural Economics. A Framework for Rethinking Development and Policy,Justin Yifu Lin,"Lin, Justin Yifu",,"=""0821389556""","=""9780821389553""",0,The World Bank,ebook,384,2012,2012,,2021/08/07,to-read,to-read (#781),to-read,,,,0,0,,,,,
187808,Kicking Away the Ladder: Development Strategy in Historical Perspective,Ha-Joon Chang,"Chang, Ha-Joon",,"=""1843310279""","=""9781843310273""",0,Anthem Press,Paperback,196,2002,2002,,2021/08/07,to-read,to-read (#780),to-read,,,,0,0,,,,,
51893,Thus Spoke Zarathustra,Friedrich Nietzsche,"Nietzsche, Friedrich","Walter Kaufmann, Silvia Cecchini, Domenico Ciampoli","=""""","=""""",0,Penguin Books,Paperback,327,1978,1883,,2021/02/25,to-read,to-read (#779),to-read,,,,0,0,,,,,
30289,The Republic,Plato,"Plato, Plato",Desmond Lee,"=""0140449140""","=""9780140449143""",0,Penguin Classics,Paperback,416,2003,-400,,2021/03/09,to-read,to-read (#778),to-read,,,,0,0,,,,,
73945,Apology,Plato,"Plato, Plato",James J. Helm,"=""0865163480""","=""9780865163485""",0,Bolchazy-Carducci Publishers,Paperback,127,1997,-399,,2021/03/09,to-read,to-read (#777),to-read,,,,0,0,,,,,
982310,Phaedo,Plato,"Plato, Plato","David Gallop, R.D. Archer-Hind","=""0192839535""","=""9780192839534""",0,Oxford University Press,Paperback,144,1993,-380,,2021/03/09,to-read,to-read (#776),to-read,,,,0,0,,,,,
846122,Meno,Plato,"Plato, Plato",G.M.A. Grube,"=""0915144247""","=""9780915144242""",0,"Hackett Publishing Company, Inc.",Paperback,33,1980,-386,,2021/03/09,to-read,to-read (#775),to-read,,,,0,0,,,,,
340960,Theaetetus,Plato,"Plato, Plato",Robin Waterfield,"=""0140444505""","=""9780140444506""",0,Penguin Publishing Group,Paperback,264,1987,-369,,2021/03/09,to-read,to-read (#774),to-read,,,,0,0,,,,,
381185,Parmenides,Plato,"Plato, Plato",Keith Whitaker,"=""094105196X""","=""9780941051965""",0,Focus,Paperback,96,1996,-340,,2021/03/09,to-read,to-read (#773),to-read,,,,0,0,,,,,
19068,The Nicomachean Ethics,Aristotle,"Aristotle, Aristotle","Hugh Tredennick, J.A.K. Thomson, Jonathan Barnes","=""0140449493""","=""9780140449495""",0,Penguin Classics,Paperback,329,2004,-350,,2021/03/09,to-read,to-read (#772),to-read,,,,0,0,,,,,
30658,Meditations on First Philosophy,René Descartes,"Descartes, René",Donald A. Cress,"=""0872201929""","=""9780872201927""",0,Hackett Publishing Company,Paperback,59,1993,1641,,2021/03/09,to-read,to-read (#771),to-read,,,,0,0,,,,,
19069549,Discourse on the Method of Rightly Conducting One's Reason and of Seeking Truth in the Sciences,René Descartes,"Descartes, René",,"=""""","=""""",0,,Kindle Edition,60,2012,1637,,2021/03/09,to-read,to-read (#770),to-read,,,,0,0,,,,,
323656,The Passions of the Soul,René Descartes,"Descartes, René",Stephen Voss,"=""0872200353""","=""9780872200357""",0,"Hackett Publishing Company, Inc.",Paperback,192,1989,1649,,2021/03/09,to-read,to-read (#769),to-read,,,,0,0,,,,,
12651,The Social Contract,Jean-Jacques Rousseau,"Rousseau, Jean-Jacques",,"=""0143037498""","=""9780143037491""",0,Penguin,Paperback,168,2006,1762,,2021/03/09,to-read,to-read (#768),to-read,,,,0,0,,,,,
326679,"Emile, or On Education",Jean-Jacques Rousseau,"Rousseau, Jean-Jacques",Allan Bloom,"=""0465019315""","=""9780465019311""",0,Basic Books,Paperback,512,1979,1762,,2021/03/09,to-read,to-read (#767),to-read,,,,0,0,,,,,
12073,Philosophical Investigations,Ludwig Wittgenstein,"Wittgenstein, Ludwig",G.E.M. Anscombe,"=""0631231277""","=""9780631231271""",0,Blackwell Publishing,Hardcover,464,2001,1953,,2021/03/09,to-read,to-read (#766),to-read,,,,0,0,,,,,
24965,Fear and Trembling,Søren Kierkegaard,"Kierkegaard, Søren",Alastair Hannay,"=""0143037579""","=""9780143037576""",0,Penguin Books,Paperback,152,2006,1843,,2021/03/09,to-read,to-read (#765),to-read,,,,0,0,,,,,
24970,Either/Or: A Fragment of Life,Søren Kierkegaard,"Kierkegaard, Søren","Alastair Hannay, Victor Eremita","=""""","=""""",0,Penguin Classics,Paperback,633,1992,1843,,2021/03/09,to-read,to-read (#764),to-read,,,,0,0,,,,,
95266,Philosophical Fragments/Johannes Climacus,Søren Kierkegaard,"Kierkegaard, Søren","Edna Hatlestad Hong, Howard Vincent Hong, Johannes Climacus","=""0691020361""","=""9780691020365""",0,Princeton University Press (NJ),Paperback,400,1985,1844,,2021/03/09,to-read,to-read (#763),to-read,,,,0,0,,,,,
208036,Metaphysics,Aristotle,"Aristotle, Aristotle","Joe Sachs, Michael Levine","=""1888009039""","=""9781888009033""",0,Green Lion Press,Paperback,365,1999,-330,,2021/03/09,to-read,to-read (#762),to-read,,,,0,0,,,,,
9699011,"The Works of Aristotle, Vol. 2: Organon",Aristotle,"Aristotle, Aristotle",Aristotele,"=""884591755X""","=""9788845917554""",0,Adelphi,Paperback,1066,2003,-40,,2021/03/09,to-read,to-read (#761),to-read,,,,0,0,,,,,
13270,Poetics,Aristotle,"Aristotle, Aristotle",Malcolm Heath,"=""0140446362""","=""9780140446364""",0,Penguin Classics,Paperback,144,1996,-335,,2021/03/09,to-read,to-read (#760),to-read,,,,0,0,,,,,
366330,Physics,Aristotle,"Aristotle, Aristotle","David Bostock, Robin Waterfield","=""0192823108""","=""9780192823106""",0,Oxford University Press,Paperback,382,1996,-340,,2021/03/09,to-read,to-read (#759),to-read,,,,0,0,,,,,
25709,Summa Theologica,Thomas Aquinas,"Aquinas, Thomas",,"=""""","=""""",0,Christian Classics,Hardcover,2900,1981,1274,,2021/03/09,to-read,to-read (#758),to-read,,,,0,0,,,,,
80311,A Treatise of Human Nature,David Hume,"Hume, David",,"=""1406927554""","=""9781406927559""",0,Hard Press,Paperback,434,2006,1739,,2021/03/09,to-read,to-read (#757),to-read,,,,0,0,,,,,
130119,An Enquiry Concerning Human Understanding,David Hume,"Hume, David",,"=""1420926993""","=""9781420926996""",0,Digireads.Com,Paperback,96,2006,1748,,2021/03/09,to-read,to-read (#756),to-read,,,,0,0,,,,,
205218,Ethics,Baruch Spinoza,"Spinoza, Baruch","Stuart Hampshire, Edwin M. Curley","=""0140435719""","=""9780140435719""",0,Penguin Classics,Paperback,186,2005,1677,,2021/03/09,to-read,to-read (#755),to-read,,,,0,0,,,,,
18288,Critique of Pure Reason,Immanuel Kant,"Kant, Immanuel","Paul Guyer, Allen W. Wood","=""0521657296""","=""9780521657297""",0,Cambridge University Press,Paperback,785,1999,1781,,2021/03/09,to-read,to-read (#754),to-read,,,,0,0,,,,,
60080,Groundwork of the Metaphysics of Morals,Immanuel Kant,"Kant, Immanuel","Christine M. Korsgaard, Mary Gregor","=""0521626951""","=""9780521626958""",0,Cambridge University Press,Paperback,120,1998,1785,,2021/03/09,to-read,to-read (#753),to-read,,,,0,0,,,,,
6771658,An Answer to the Question: What Is Enlightenment?,Immanuel Kant,"Kant, Immanuel",,"=""0141043881""","=""9780141043883""",0,Penguin Books Ltd,Paperback,121,2009,1784,,2021/03/09,to-read,to-read (#752),to-read,,,,0,0,,,,,
375410,Critique of Judgment,Immanuel Kant,"Kant, Immanuel","Mary J. Gregor, Werner S. Pluhar","=""0872200256""","=""9780872200258""",0,Hackett Publishing,Paperback,686,1987,1790,,2021/03/09,to-read,to-read (#751),to-read,,,,0,0,,,,,
10107209,The Phenomenology of Spirit,Georg Wilhelm Friedrich Hegel,"Hegel, Georg Wilhelm Friedrich",,"=""142090521X""","=""9781420905212""",0,Neeland Media LLC,Kindle Edition,212,2010,1807,,2021/03/09,to-read,to-read (#750),to-read,,,,0,0,,,,,
808164,Science of Logic,Georg Wilhelm Friedrich Hegel,"Hegel, Georg Wilhelm Friedrich",A.V. Miller,"=""1573922803""","=""9781573922807""",0,Prometheus,Paperback,844,1991,1812,,2021/03/09,to-read,to-read (#749),to-read,,,,0,0,,,,,
12321,Beyond Good and Evil,Friedrich Nietzsche,"Nietzsche, Friedrich","Michael Tanner, R.J. Hollingdale","=""014044923X""","=""9780140449235""",0,Penguin Classics,Paperback,240,2003,1886,,2021/03/09,to-read,to-read (#748),to-read,,,,0,0,,,,,
80449,On the Genealogy of Morals,Friedrich Nietzsche,"Nietzsche, Friedrich",Douglas Smith,"=""019283617X""","=""9780192836175""",0,Oxford University Press,Paperback,208,1999,1887,,2021/03/09,to-read,to-read (#747),to-read,,,,0,0,,,,,
479356,Ecce Homo,Friedrich Nietzsche,"Nietzsche, Friedrich","R.J. Hollingdale, Michael Tanner","=""0140445153""","=""9780140445152""",0,Penguin,Paperback,144,1992,1908,,2021/03/09,to-read,to-read (#746),to-read,,,,0,0,,,,,
385228,On Liberty,John Stuart Mill,"Mill, John Stuart",,"=""""","=""""",0,Penguin Classics,Paperback,187,1985,1859,,2021/03/09,to-read,to-read (#745),to-read,,,,0,0,,,,,
584637,Utilitarianism,John Stuart Mill,"Mill, John Stuart",George Sher,"=""087220605X""","=""9780872206052""",0,Hackett Publishing Company,Paperback,71,2002,1861,,2021/03/09,to-read,to-read (#744),to-read,,,,0,0,,,,,
28862,The Prince,Niccolò Machiavelli,"Machiavelli, Niccolò","Rufus Goodwin, Benjamin Martinez, W.K. Marriott, Denis Daly, Μαρία Κασωτάκη","=""0937832383""","=""9780937832387""",0,Dante University Press,Paperback,144,2014,1513,,2021/03/09,to-read,to-read (#743),to-read,,,,0,0,,,,,
232743,The Archaeology of Knowledge and The Discourse on Language,Michel Foucault,"Foucault, Michel",Alan Sheridan,"=""0394711068""","=""9780394711065""",0,Vintage,Paperback,256,1972,1969,,2021/03/09,to-read,to-read (#742),to-read,,,,0,0,,,,,
10033,Being and Nothingness,Jean-Paul Sartre,"Sartre, Jean-Paul",Hazel E. Barnes,"=""0415278481""","=""9780415278485""",0,Routledge,Paperback,688,2003,1943,,2021/03/09,to-read,to-read (#741),to-read,,,,0,0,,,,,
10034,"The Age of Reason (Roads to Freedom, #1)",Jean-Paul Sartre,"Sartre, Jean-Paul",Eric Sutton,"=""0679738959""","=""9780679738954""",0,Vintage International,Paperback,416,1992,1945,,2021/03/09,to-read,to-read (#740),to-read,,,,0,0,,,,,
28789711,SPQR: A History of Ancient Rome,Mary Beard,"Beard, Mary",,"=""1631492225""","=""9781631492228""",0,Liveright,Paperback,606,2016,2015,,2021/04/13,to-read,to-read (#739),to-read,,,,0,0,,,,,
30201327,The Lonely Hearts Hotel,Heather O'Neill,"O'Neill, Heather",,"=""0735213739""","=""9780735213739""",0,Riverhead Books,Hardcover,391,2017,2017,,2021/09/27,to-read,to-read (#738),to-read,,,,0,0,,,,,
25675111,Medieval India : The Story of a Civilization,Irfan Habib,"Habib, Irfan",,"=""8123752555""","=""9788123752556""",0,"National Book Trust, India",Paperback,292,2008,2008,,2021/09/20,to-read,to-read (#737),to-read,,,,0,0,,,,,
6452796,Drive: The Surprising Truth About What Motivates Us,Daniel H. Pink,"Pink, Daniel H.",,"=""1594488843""","=""9781594488849""",0,Riverhead Books,Hardcover,242,2009,2009,,2021/09/20,to-read,to-read (#736),to-read,,,,0,0,,,,,
33931,"Time’s Arrow, Time’s Cycle: Myth and Metaphor in the Discovery of Geological Time (The Jerusalem-Harvard Lectures)",Stephen Jay Gould,"Gould, Stephen Jay",,"=""0674891996""","=""9780674891999""",0,Harvard University Press,Paperback,222,1988,1987,,2021/09/19,to-read,to-read (#735),to-read,,,,0,0,,,,,
25820414,"Rhapsodic (The Bargainer, #1)",Laura Thalassa,"Thalassa, Laura",,"=""""","=""""",0,Lavabrook Publishing Group,Paperback,407,2016,2016,,2021/09/11,to-read,to-read (#734),to-read,,,,0,0,,,,,
13547180,Brain on Fire: My Month of Madness,Susannah Cahalan,"Cahalan, Susannah",,"=""145162137X""","=""9781451621372""",0,Free Press,Hardcover,250,2012,2012,,2021/09/03,to-read,to-read (#733),to-read,,,,0,0,,,,,
18460392,All the Bright Places,Jennifer Niven,"Niven, Jennifer",,"=""0385755880""","=""9780385755887""",0,Knopf,Hardcover,388,2015,2015,,2021/09/03,to-read,to-read (#732),to-read,,,,0,0,,,,,
42046112,Recursion,Blake Crouch,"Crouch, Blake",,"=""1524759783""","=""9781524759780""",0,Crown,Hardcover,329,2019,2019,,2021/09/03,to-read,to-read (#731),to-read,,,,0,0,,,,,
12262741,Wild: From Lost to Found on the Pacific Crest Trail,Cheryl Strayed,"Strayed, Cheryl",,"=""0307592731""","=""9780307592736""",0,Knopf,Hardcover,336,2012,2012,,2021/09/03,to-read,to-read (#730),to-read,,,,0,0,,,,,
34459,Metaphors We Live By,George Lakoff,"Lakoff, George",Mark  Johnson,"=""0226468011""","=""9780226468013""",0,University of Chicago Press,Paperback,276,2003,1980,,2021/09/02,to-read,to-read (#729),to-read,,,,0,0,,,,,
30363359,"The Thief (The Queen's Thief, #1)",Megan Whalen Turner,"Turner, Megan Whalen",,"=""0062642960""","=""9780062642967""",0,Greenwillow Books,Paperback,320,2017,1996,,2021/08/23,to-read,to-read (#727),to-read,,,,0,0,,,,,
4954833,"Brooklyn (Eilis Lacey, #1)",Colm Tóibín,"Tóibín, Colm",,"=""1439138311""","=""9781439138311""",0,Scribner,Hardcover,262,2009,2009,,2021/08/23,to-read,to-read (#728),to-read,,,,0,0,,,,,
40158,"The Queen of Attolia (The Queen's Thief, #2)",Megan Whalen Turner,"Turner, Megan Whalen",,"=""0060841826""","=""9780060841829""",0,Greenwillow Books,Paperback,362,2006,2000,,2021/08/23,to-read,to-read (#726),to-read,,,,0,0,,,,,
40159,"The King of Attolia (The Queen's Thief, #3)",Megan Whalen Turner,"Turner, Megan Whalen",,"=""006083577X""","=""9780060835774""",0,Greenwillow Books,Hardcover,387,2006,2006,,2021/08/23,to-read,to-read (#725),to-read,,,,0,0,,,,,
38496753,Ungovernable: The Victorian Parent's Guide to Raising Flawless Children,Therese Oneill,"Oneill, Therese",,"=""0316481904""","=""9780316481908""",0,"Little, Brown and Company",Hardcover,288,2019,2019,,2021/08/23,to-read,to-read (#724),to-read,,,,0,0,,,,,
58028410,"King of Shadows (King of Shadows, #1)",Amelia Wilde,"Wilde, Amelia",,"=""""","=""""",0,,Kindle Edition,202,2020,2020,,2021/08/21,to-read,to-read (#723),to-read,,,,0,0,,,,,
55657746,Alexandria: The Quest for the Lost City,Edmund  Richardson,"Richardson, Edmund",,"=""1526603810""","=""9781526603814""",0, Bloomsbury Publishing PLC,Paperback,304,2021,2021,,2021/08/20,to-read,to-read (#722),to-read,,,,0,0,,,,,
28172483,Human Acts,Han Kang,"Kang, Han",Deborah     Smith,"=""1846275962""","=""9781846275968""",0,Portobello Books,Paperback,224,2016,2014,,2021/08/19,to-read,to-read (#721),to-read,,,,0,0,,,,,
25810328,The Story of Hong Gildong,Unknown,"Unknown, Unknown",Minsoo Kang,"=""0143107690""","=""9780143107699""",0,Penguin Classics,Paperback,124,2016,1600,,2021/08/19,to-read,to-read (#720),to-read,,,,0,0,,,,,
57763192,Of Smokeless Fire,A.A. Jafri,"Jafri, A.A.",,"=""0670093300""","=""9780670093304""",0,India Viking,Hardcover,376,2021,2016,,2021/08/18,to-read,to-read (#719),to-read,,,,0,0,,,,,
19615,"What Life Was Like on the Banks of the Nile: Egypt, 3050-30 BC",Denise Dersin,"Dersin, Denise",Time-Life Books,"=""0809493780""","=""9780809493784""",0,Time Life Books,Hardcover,192,1997,1997,,2021/08/16,to-read,to-read (#717),to-read,,,,0,0,,,,,
52649136,Fresh Water for Flowers,Valérie Perrin,"Perrin, Valérie",Hildegarde Serle,"=""1609455959""","=""9781609455958""",0,Europa Editions,Hardcover,476,2020,2018,,2021/08/16,to-read,to-read (#718),to-read,,,,0,0,,,,,
25663652,Lust & Wonder,Augusten Burroughs,"Burroughs, Augusten",,"=""0312342039""","=""9780312342036""",0,St. Martin's Press,Hardcover,304,2016,2016,,2021/08/16,to-read,to-read (#716),to-read,,,,0,0,,,,,
42815544,"Bunny (Bunny, #1)",Mona Awad,"Awad, Mona",,"=""0525559736""","=""9780525559733""",0,Viking,Hardcover,307,2019,2019,,2021/08/16,to-read,to-read (#716),to-read,,,,0,0,,,,,
440463,The Gutenberg Galaxy: The Making of Typographic Man,Marshall McLuhan,"McLuhan, Marshall",,"=""0802060412""","=""9780802060419""",0,"University of Toronto Press, Scholarly Publishing Division",Paperback,294,1962,1962,,2021/08/16,to-read,to-read (#715),to-read,,,,0,0,,,,,
49099937,No Rules Rules: Netflix and the Culture of Reinvention,Reed Hastings,"Hastings, Reed",Erin Meyer,"=""0593152387""","=""9780593152386""",0,Random House Large Print,Paperback,464,2020,2020,,2021/08/15,to-read,to-read (#714),to-read,,,,0,0,,,,,
43521695,"The Economists' Hour: False Prophets, Free Markets, and the Fracture of Society",Binyamin Appelbaum,"Appelbaum, Binyamin",,"=""031651232X""","=""9780316512329""",0,"Little, Brown and Company",Hardcover,448,2019,2019,,2021/08/15,to-read,to-read (#713),to-read,,,,0,0,,,,,
41716694,Wordslut: A Feminist Guide to Taking Back the English Language,Amanda Montell,"Montell, Amanda",,"=""006286887X""","=""9780062868879""",0,Harper,Hardcover,304,2019,2019,,2021/08/15,to-read,to-read (#712),to-read,,,,0,0,,,,,
23940,Junky,William S. Burroughs,"Burroughs, William S.","Oliver  Harris, Allen Ginsberg","=""0142003166""","=""9780142003169""",0,Penguin ,Paperback,166,2003,1953,,2021/08/15,to-read,to-read (#711),to-read,,,,0,0,,,,,
493212,Propaganda,Edward L. Bernays,"Bernays, Edward L.",Mark Crispin Miller,"=""0970312598""","=""9780970312594""",0,Ig Publishing,Paperback,168,2004,1928,,2021/08/12,to-read,to-read (#710),to-read,,,,0,0,,,,,
95884,"Words That Work: It's Not What You Say, It's What People Hear",Frank Luntz,"Luntz, Frank",,"=""1401302599""","=""9781401302597""",0,Grand Central Publishing,Hardcover,350,2007,2006,,2021/08/11,to-read,to-read (#709),to-read,,,,0,0,,,,,
1421036,Where Is Science Going?,Max Planck,"Planck, Max",,"=""0918024226""","=""9780918024220""",0,Ox Bow Pr,Paperback,224,1981,1932,,2021/08/11,to-read,to-read (#708),to-read,,,,0,0,,,,,
17349203,"Fortunately, the Milk",Neil Gaiman,"Gaiman, Neil",Skottie Young,"=""0062224077""","=""9780062224071""",0,HarperCollins,Hardcover,128,2013,2013,,2021/08/10,to-read,to-read (#707),to-read,,,,0,0,,,,,
50042494,Ghosts,Dolly Alderton,"Alderton, Dolly",,"=""0241434548""","=""9780241434543""",0,Fig Tree,Hardcover,352,2020,2020,,2021/08/10,to-read,to-read (#706),to-read,,,,0,0,,,,,
36687229,Hood Feminism: Notes from the Women That a Movement Forgot,Mikki Kendall,"Kendall, Mikki",,"=""""","=""""",0,Viking,Hardcover,267,2020,2020,,2021/08/07,to-read,to-read (#704),to-read,,,,0,0,,,,,
36001646,Remnants of a Separation: A History of the Partition through Material Memory,Aanchal Malhotra,"Malhotra, Aanchal",,"=""9352770137""","=""9789352770137""",0,HarperCollins,Kindle Edition,549,2017,2018,,2021/08/06,to-read,to-read (#703),to-read,,,,0,0,,,,,
17986418,Naked Statistics: Stripping the Dread from the Data,Charles Wheelan,"Wheelan, Charles",,"=""039334777X""","=""9780393347777""",0,W. W. Norton & Company,Paperback,304,2014,2012,,2021/08/06,to-read,to-read (#702),to-read,,,,0,0,,,,,
27213208,The Muse,Jessie Burton,"Burton, Jessie",,"=""0062409921""","=""9780062409928""",0,Ecco,Hardcover,393,2016,2016,,2021/08/05,to-read,to-read (#701),to-read,,,,0,0,,,,,
41731609,Eating Wasps,Anita Nair,"Nair, Anita",,"=""9387578720""","=""9789387578722""",0,Westland,Hardcover,255,2018,,,2021/08/04,to-read,to-read (#700),to-read,,,,0,0,,,,,
43923951,Such a Fun Age,Kiley Reid,"Reid, Kiley",,"=""052554190X""","=""9780525541905""",0,G.P. Putnam's Sons,Hardcover,310,2019,2019,,2021/08/02,to-read,to-read (#699),to-read,,,,0,0,,,,,
12974372,"A Natural History of Dragons (The Memoirs of Lady Trent, #1)",Marie Brennan,"Brennan, Marie",,"=""0765331969""","=""9780765331960""",0,Tor Books,Hardcover,334,2013,2013,,2021/08/02,to-read,to-read (#698),to-read,,,,0,0,,,,,
29104226,A Mother's Secret,Renita D'Silva,"D'Silva, Renita",,"=""1910751936""","=""9781910751930""",0,Bookouture,Kindle Edition,440,2016,2016,,2021/08/01,to-read,to-read (#697),to-read,,,,0,0,,,,,
7669,Timeline,Michael Crichton,"Crichton, Michael",,"=""0099244721""","=""9780099244721""",3.0,Arrow Books,Mass Market Paperback,489,2000,1999,2021/08/01,2021/04/12,,,read,"Weird plot holes and easy to predict, sad.",,,1,0,"2021-07-30,2021-08-01",Science Fiction|2687;Fiction|2566;Sci Fi|2198;Time Travel|1144;Thriller|1123;Historical Fiction|822;Fantasy|535;Michael Crichton|502;Adventure|424;Scifi|417;Books I Own|387,220856,3.87,fiction
31204,Tom Jones (Wordsworth Classics),Henry Fielding,"Fielding, Henry",,"=""1853260215""","=""9781853260216""",0,Wordsworth Editions Ltd,Paperback,734,1992,1749,,2021/08/01,to-read,to-read (#696),to-read,,,,0,0,,,,,
17997352,आपका बंटी,Mannu Bhandari,"Bhandari, Mannu",,"=""8183610935""","=""9788183610933""",0,Radhakrishna Prakashan,Paperback,207,2009,2009,,2021/07/31,to-read,to-read (#695),to-read,,,,0,0,,,,,
13175687,कितने पाकिस्तान,Kamleshwar,"Kamleshwar, Kamleshwar",,"=""8170284767""","=""9788170284765""",0,Rajkamal Prakashan,Paperback,361,2010,2000,,2021/07/30,to-read,to-read (#694),to-read,,,,0,0,,,,,
27227665,Neela Scarf,Anu Singh Choudhary,"Choudhary, Anu Singh",,"=""""","=""""",0,Hind Yugm,Paperback,160,,,,2021/07/30,to-read,to-read (#693),to-read,,,,0,0,,,,,
56943102,"Club You To Death (ACP Bhavani Singh, #1)",Anuja Chauhan,"Chauhan, Anuja",,"=""""","=""""",0,HarperCollins India,Paperback,432,2021,,,2021/07/30,to-read,to-read (#692),to-read,,,,0,0,,,,,
151809,The Rose That Grew From Concrete,Tupac Shakur,"Shakur, Tupac",,"=""0671028448""","=""9780671028442""",0,MTV Books,Hardcover,176,1999,1999,,2021/07/30,to-read,to-read (#691),to-read,,,,0,0,,,,,
48667,"When Friendship Hurts: How to Deal with Friends Who Betray, Abandon, or Wound You",Jan Yager,"Yager, Jan",,"=""0743211456""","=""9780743211451""",0,Touchstone,Paperback,272,2002,2002,,2021/07/30,to-read,to-read (#690),to-read,,,,0,0,,,,,
50736031,Breasts and Eggs,Mieko Kawakami,"Kawakami, Mieko","Sam Bett, David  Boyd","=""1609455878""","=""9781609455873""",0,Europa Editions,Hardcover,430,2020,2008,,2021/07/30,to-read,to-read (#689),to-read,,,,0,0,,,,,
260352,"Acid Dreams: The CIA, LSD and the Sixties Rebellion",Martin A. Lee,"Lee, Martin A.",Bruce Shlain,"=""0802130623""","=""9780802130624""",0,Grove Press,Paperback,384,1994,1985,,2021/07/30,to-read,to-read (#688),to-read,,,,0,0,,,,,
50364449,The Penguin Book of Feminist Writing,Hannah Dawson,"Dawson, Hannah",,"=""0241432863""","=""9780241432860""",0,Penguin Classics,Hardcover,704,2021,2021,,2021/07/30,to-read,to-read (#687),to-read,,,,0,0,,,,,
21412400,The First Bad Man,Miranda July,"July, Miranda",,"=""1439172560""","=""9781439172568""",0,Scribner,Hardcover,288,2015,2015,,2021/07/30,to-read,to-read (#686),to-read,,,,0,0,,,,,
50618289,The Bad Muslim Discount,Syed M. Masood,"Masood, Syed M.",,"=""0385545258""","=""9780385545259""",0,Doubleday Books,Hardcover,368,2021,2021,,2021/07/30,to-read,to-read (#685),to-read,,,,0,0,,,,,
55333981,My Year Abroad (Random House Large Print),Chang-rae Lee,"Lee, Chang-rae",,"=""0593396022""","=""9780593396025""",0,Random House Large Print,Paperback,672,2021,2021,,2021/07/30,to-read,to-read (#684),to-read,,,,0,0,,,,,
54860443,One Last Stop,Casey McQuiston,"McQuiston, Casey",,"=""1250244498""","=""9781250244499""",0,Griffin,Paperback,418,2021,2021,,2021/07/30,to-read,to-read (#683),to-read,,,,0,0,,,,,
52346471,"Firekeeper’s Daughter (Firekeeper's Daughter, #1)",Angeline Boulley,"Boulley, Angeline",,"=""""","=""""",0,"Henry, Holt and Co. (BYR)",Hardcover,496,2021,2021,,2021/07/30,to-read,to-read (#682),to-read,,,,0,0,,,,,
51794301,Beyond the Gender Binary,Alok Vaid-Menon,"Vaid-Menon, Alok",Ashley Lukashevsky,"=""0593094654""","=""9780593094655""",0,Penguin Workshop,Paperback,64,2020,2020,,2021/07/29,to-read,to-read (#681),to-read,,,,0,0,,,,,
54785558,Second Place,Rachel Cusk,"Cusk, Rachel",,"=""0374279225""","=""9780374279226""",0,"Farrar, Straus and Giroux",Hardcover,186,2021,2021,,2021/07/28,to-read,to-read (#680),to-read,,,,0,0,,,,,
54633172,The Promise,Damon Galgut,"Galgut, Damon",,"=""1784744069""","=""9781784744069""",0,Chatto & Windus,Hardcover,293,2021,2021,,2021/07/28,to-read,to-read (#679),to-read,,,,0,0,,,,,
54404602,The Sweetness of Water,Nathan  Harris,"Harris, Nathan",,"=""031646127X""","=""9780316461276""",0,"Little, Brown and Company",Hardcover,368,2021,2021,,2021/07/28,to-read,to-read (#678),to-read,,,,0,0,,,,,
53984799,An Island,Karen Jennings,"Jennings, Karen",,"=""""","=""""",0,Holland House Books,Kindle Edition,119,2021,2020,,2021/07/28,to-read,to-read (#677),to-read,,,,0,0,,,,,
53328334,A Town Called Solace,Mary Lawson,"Lawson, Mary",,"=""1784743925""","=""9781784743925""",0,Chatto & Windus,Hardcover,302,2021,2021,,2021/07/28,to-read,to-read (#676),to-read,,,,0,0,,,,,
239404,Psychotic Reactions and Carburetor Dung,Lester Bangs,"Bangs, Lester",Greil Marcus,"=""0679720456""","=""9780679720454""",0,Anchor,Paperback,391,1988,1987,,2021/07/28,to-read,to-read (#675),to-read,,,,0,0,,,,,
55711688,The Other Black Girl,Zakiya Dalila Harris,"Harris, Zakiya Dalila",,"=""1982160136""","=""9781982160135""",0,Atria Books,Hardcover,357,2021,2021,,2021/07/27,to-read,to-read (#674),to-read,,,,0,0,,,,,
13872,Geek Love,Katherine Dunn,"Dunn, Katherine",,"=""0375713344""","=""9780375713347""",0,Random House Vintage,Paperback,348,2002,1989,,2021/07/26,to-read,to-read (#673),to-read,,,,0,0,,,,,
45046567,"The House in the Cerulean Sea (Cerulean Chronicles, #1)",T.J. Klune,"Klune, T.J.",,"=""1250217288""","=""9781250217288""",0,Tor Books,Hardcover,398,2020,2020,,2021/01/24,to-read,to-read (#31),to-read,,,,0,0,,,,,
1966969,"Fire Study (Study, #3)",Maria V. Snyder,"Snyder, Maria V.",,"=""0778325342""","=""9780778325345""",3.0,Mira,Paperback,441,2008,2008,2021/07/25,2021/06/07,,,read,,,,1,0,"2021-07-24,2021-07-25",Fantasy|4204;Young Adult|1082;Magic|687;Romance|646;Ya|459,66595,3.91,fiction
1126719,House of Suns,Alastair Reynolds,"Reynolds, Alastair",,"=""0575099127""","=""9780575099128""",0,Gollancz,Paperback,512,2010,2008,,2021/07/24,to-read,to-read (#672),to-read,,,,0,0,,,,,
37976541,Bad Blood: Secrets and Lies in a Silicon Valley Startup,John Carreyrou,"Carreyrou, John",,"=""""","=""""",0,Knopf,Hardcover,339,2018,2018,,2021/07/24,to-read,to-read (#671),to-read,,,,0,0,,,,,
58489250,Equations,Shivani Sibal,"Sibal, Shivani",,"=""9354227570""","=""9789354227578""",0,HarperCollins,Paperback,212,2021,,,2021/07/24,to-read,to-read (#670),to-read,,,,0,0,,,,,
46202,"Magic Study (Study, #2)",Maria V. Snyder,"Snyder, Maria V.",,"=""0373802498""","=""9780373802494""",4.0,Luna,Hardcover,392,2006,2006,2021/07/23,2021/06/07,,,read,I love it!,,,1,0,"2021-07-17,2021-07-23",Fantasy|5356;Young Adult|1385;Magic|887;Romance|876;Ya|631,85143,4.03,fiction
51551602,Three Apples Fell from the Sky,Narine Abgaryan,"Abgaryan, Narine",Lisa C. Hayden,"=""1786077310""","=""9781786077318""",0,Oneworld Publications,Kindle Edition,231,2020,2015,,2021/07/23,to-read,to-read (#669),to-read,,,,0,0,,,,,
49503622,Partition Voices: Untold British Stories,Kavita Puri,"Puri, Kavita",,"=""140889906X""","=""9781408899069""",0,Bloomsbury Publishing,Kindle Edition,320,2019,2019,,2021/07/22,to-read,to-read (#668),to-read,,,,0,0,,,,,
27242353,Beast in View,Margaret Millar,"Millar, Margaret",,"=""1681990121""","=""9781681990125""",0,Soho Syndicate,Kindle Edition,186,2015,1955,,2021/07/22,to-read,to-read (#667),to-read,,,,0,0,,,,,
528985,She Comes First: The Thinking Man's Guide to Pleasuring a Woman,Ian Kerner,"Kerner, Ian",,"=""0060538252""","=""9780060538255""",5.0,William Morrow,Hardcover,228,2004,2004,2021/07/20,2021/07/04,,,read,"""During the Tang Dynasty, the Empress Wu Hu ruled China. She knew that sex and power were inexorably linked, and she decreed that government officials and visiting dignitaries must pay homage to her imperial highness by performing cunnilingus upon her.""<br/><br/><br/>It is true that sex became penis oriented in 1800s under the guidance of clearly very well intended white cis het men, namely Mr Freud, more like a whiny bitch. This book not only covered the male ignorance but also provided stats to back it up. Most men when it comes to sex or oral sex in specific, rely on porn or first hand experience, which tbh is a big BS scenario. Lack of sexual education isn't only a health risk factor but can also deny us of one of the greatest human pleasures. How is one supposed to perform with their partner if they don't even know or understand what they performing on. Rarely any men outside academic circles would know that there are 18 parts to clitoris and every one of them can be differently simulated. Heck, even half the girls in my country wouldn't know that. The taboo around sex in this country isn't just an academic failure but also a social and cultural failure. <br/><br/>I hope that every man atleast reads this book once in their life, preferably before they start dating. Because understanding your partner and understanding the respect that comes with someone letting you go down on them, is of utmost importance and vital to any relationship.",,,1,0,"2021-07-17,2021-07-20",Non Fiction|365;Sex|274;Sexuality|245;Self Help|180;Nonfiction|175;Relationships|168;Relationship|68;Health|62;Psychology|53;Feminism|44;Self Improvement|39;Marriage|37,13322,4.07,nonfiction
23419,The Consolations of Philosophy,Alain de Botton,"Botton, Alain de",,"=""""","=""""",0,Vintage,Paperback,265,2001,2000,,2021/07/20,to-read,to-read (#666),to-read,,,,0,0,,,,,
2213661,The Graveyard Book,Neil Gaiman,"Gaiman, Neil",Dave McKean,"=""0060530928""","=""9780060530921""",0,HarperCollins,Hardcover,312,2008,2008,,2021/07/20,to-read,to-read (#665),to-read,,,,0,0,,,,,
54742309,The Plague Upon Us,Shabir Ahmad Mir,"Mir, Shabir Ahmad",,"=""9389253381""","=""9789389253382""",0,Hachette India,Hardcover,264,2020,,,2021/07/20,to-read,to-read (#664),to-read,,,,0,0,,,,,
27712,The Neverending Story,Michael Ende,"Ende, Michael",Ralph Manheim,"=""0525457585""","=""9780525457589""",0,Dutton Children's Books,Hardcover,396,1997,1979,,2021/07/19,to-read,to-read (#663),to-read,,,,0,0,,,,,
4450057,"Assassin Study (Study, #1.5)",Maria V. Snyder,"Snyder, Maria V.",Gabra Zackman,"=""""","=""""",4.0,MIRA Books,ebook,15,2008,2008,2021/07/17,2021/07/17,,,read,,,,1,0,"2021-07-17,2021-07-17",Fantasy|1036;Young Adult|314;Magic|176;Short Stories|161;Romance|142;Ya|117;Series|113,11301,3.73,fiction
60510,"Poison Study (Study, #1)",Maria V. Snyder,"Snyder, Maria V.",,"=""0778324338""","=""9780778324331""",4.0,Mira,Paperback,427,2007,2005,2021/07/15,2021/06/07,,,read,,,,1,0,"2021-07-14,2021-07-15",Fantasy|11177;Young Adult|3019;Romance|2154;Ya|1630;Magic|1363,179236,4.08,fiction
124740,Chicken Soup for the Teenage Soul on Tough Stuff: Stories of Tough Times and Lessons Learned (Chicken Soup for the Soul),Jack Canfield,"Canfield, Jack","Mark Victor Hansen, Kimberly Kirberger","=""155874942X""","=""9781558749429""",0,Hci,Paperback,343,2001,2001,,2021/07/14,to-read,to-read (#662),to-read,,,,0,0,,,,,
50706646,"The Bone Shard Daughter (The Drowning Empire, #1)",Andrea Stewart,"Stewart, Andrea",,"=""0316541427""","=""9780316541428""",0,Orbit,Hardcover,435,2020,2020,,2021/07/14,to-read,to-read (#661),to-read,,,,0,0,,,,,
8044557,All My Friends Are Dead,Avery Monsen,"Monsen, Avery",Jory John,"=""0811874559""","=""9780811874557""",0,Chronicle Books,Hardcover,96,2010,2010,,2021/07/13,to-read,to-read (#660),to-read,,,,0,0,,,,,
836746,A Grain of Wheat,Ngũgĩ wa Thiong'o,"Thiong'o, Ngũgĩ wa",,"=""0435909878""","=""9780435909871""",0,Heinemann,Paperback,247,1994,1967,,2021/07/13,to-read,to-read (#659),to-read,,,,0,0,,,,,
394689,Tales of the Unexpected,Roald Dahl,"Dahl, Roald",,"=""0679729895""","=""9780679729891""",0,Random House Vintage Books,Paperback,471,1990,1979,,2021/07/11,to-read,to-read (#658),to-read,,,,0,0,,,,,
39817187,Hush a Bye Baby,Deepanjana Pal,"Pal, Deepanjana",,"=""9386228572""","=""9789386228574""",0,Juggernaut Publishers,ebook,374,2018,2018,,2021/07/10,to-read,to-read (#657),to-read,,,,0,0,,,,,
41716904,"Upheaval: Turning Points for Nations in Crisis (Civilizations Rise and Fall, #3)",Jared Diamond,"Diamond, Jared",,"=""""","=""""",0,"Little, Brown and Company",Hardcover,512,2019,2019,,2021/07/10,to-read,to-read (#656),to-read,,,,0,0,,,,,
475,Collapse: How Societies Choose to Fail or Succeed,Jared Diamond,"Diamond, Jared",,"=""0143036556""","=""9780143036555""",0,Penguin Books Ltd. (London),Paperback,608,2005,2004,,2021/07/10,to-read,to-read (#655),to-read,,,,0,0,,,,,
33585392,"Dear Ijeawele, or A Feminist Manifesto in Fifteen Suggestions",Chimamanda Ngozi Adichie,"Adichie, Chimamanda Ngozi",,"=""""","=""""",0,Knopf,Hardcover,63,2017,2017,,2021/07/10,to-read,to-read (#654),to-read,,,,0,0,,,,,
38462,Giovanni’s Room,James Baldwin,"Baldwin, James",,"=""""","=""""",5.0,Penguin,Paperback,159,2000,1956,2021/07/10,2021/03/09,,,read,I am back bitchess! Baldwin sure knows how to write something tragically beautiful that pains the heart. ,,,1,0,"2021-07-09,2021-07-10",Classics|7640;Fiction|5379;Queer|2530;Lgbtq|2189;Lgbt|2077;Romance|1344;Classic|885;Books I Own|827;Literary Fiction|813,303234,4.34,fiction
22571552,So You've Been Publicly Shamed,Jon Ronson,"Ronson, Jon",,"=""1594487138""","=""9781594487132""",0,Riverhead Books,Hardcover,290,2015,2015,,2021/07/09,to-read,to-read (#653),to-read,,,,0,0,,,,,
35510008,This is Going to Hurt: Secret Diaries of a Junior Doctor,Adam Kay,"Kay, Adam",,"=""""","=""""",0,Picador,ebook,285,2017,2017,,2021/07/09,to-read,to-read (#652),to-read,,,,0,0,,,,,
36478784,The Flatshare,Beth O'Leary,"O'Leary, Beth",,"=""1787474402""","=""9781787474406""",0,Quercus,Hardcover,394,2019,2019,,2021/07/09,to-read,to-read (#651),to-read,,,,0,0,,,,,
52822210,"Concrete Rose (The Hate U Give, #0)",Angie Thomas,"Thomas, Angie",,"=""006284671X""","=""9780062846716""",0,Balzer + Bray,Hardcover,368,2021,2021,,2021/07/09,to-read,to-read (#650),to-read,,,,0,0,,,,,
166312,Nationalism,Rabindranath Tagore,"Tagore, Rabindranath",Ramachandra Guha,"=""8171677789""","=""9788171677788""",0,Rupa,Hardcover,143,2002,1917,,2021/07/09,to-read,to-read (#649),to-read,,,,0,0,,,,,
5847,India: A Wounded Civilization,V.S. Naipaul,"Naipaul, V.S.",,"=""1400030757""","=""9781400030750""",0,Vintage Books,Paperback,180,2003,1976,,2021/07/09,to-read,to-read (#648),to-read,,,,0,0,,,,,
26530362,Farthest Field: An Indian Story of the Second World War,Raghu Karnad,"Karnad, Raghu",,"=""0393352897""","=""9780393352894""",0,W. W. Norton & Company,Paperback,320,2016,2015,,2021/07/06,to-read,to-read (#647),to-read,,,,0,0,,,,,
54304105,Milk Fed,Melissa Broder,"Broder, Melissa",,"=""1982142499""","=""9781982142490""",0,Scribner,Hardcover,304,2021,2021,,2021/07/06,to-read,to-read (#646),to-read,,,,0,0,,,,,
36952615,On a Sunbeam,Tillie Walden,"Walden, Tillie",,"=""1250178134""","=""9781250178138""",0,First Second,Paperback,533,2018,2018,,2021/07/06,to-read,to-read (#645),to-read,,,,0,0,,,,,
17860739,S.,J.J. Abrams,"Abrams, J.J.",Doug Dorst,"=""0316201642""","=""9780316201643""",0,Mulholland Books,Hardcover,469,2013,2013,,2021/07/06,to-read,to-read (#644),to-read,,,,0,0,,,,,
39078364,Chup: Breaking the Silence About India's Women,Deepa Narayan,"Narayan, Deepa",,"=""9386228602""","=""9789386228604""",0,Juggernaut,Hardcover,320,2018,,,2021/07/05,to-read,to-read (#643),to-read,,,,0,0,,,,,
43969859,Coming Out as Dalit: A Memoir,Yashica Dutt,"Dutt, Yashica",,"=""9388292413""","=""9789388292412""",0,Aleph Book Company,Kindle Edition,223,2019,2019,,2021/07/04,to-read,to-read (#642),to-read,,,,0,0,,,,,
15745753,Eleanor & Park,Rainbow Rowell,"Rowell, Rainbow",,"=""1250012570""","=""9781250012579""",0,St. Martin's Press,Hardcover,328,2013,2012,,2021/07/01,to-read,to-read (#641),to-read,,,,0,0,,,,,
11588,"The Shining (The Shining, #1)",Stephen  King,"King, Stephen",,"=""0450040186""","=""9780450040184""",0,New English Library,Mass Market Paperback,497,1980,1977,,2021/07/01,to-read,to-read (#640),to-read,,,,0,0,,,,,
4477,Complications: A Surgeon's Notes on an Imperfect Science,Atul Gawande,"Gawande, Atul",,"=""0312421702""","=""9780312421700""",0,Metropolitan Books,Paperback,270,2003,2002,,2021/06/30,to-read,to-read (#639),to-read,,,,0,0,,,,,
11367726,Defending Jacob,William Landay,"Landay, William",,"=""0385344228""","=""9780385344227""",0,Delacorte Press,Hardcover,421,2012,2012,,2021/06/30,to-read,to-read (#638),to-read,,,,0,0,,,,,
50175419,Exciting Times,Naoise Dolan,"Dolan, Naoise",,"=""0062968742""","=""9780062968746""",0,Ecco,Hardcover,243,2020,2020,,2021/06/30,to-read,to-read (#637),to-read,,,,0,0,,,,,
27971043,Season of Crimson Blossoms,Abubakar Adam Ibrahim,"Ibrahim, Abubakar Adam",,"=""1911115006""","=""9781911115007""",0,Cassava Republic Press,Paperback,313,2016,2016,,2021/06/30,to-read,to-read (#636),to-read,,,,0,0,,,,,
54427135,I'm Waiting for You and Other Stories,Kim Bo-young,"Bo-young, Kim","Sophie Bowman, Sung Ryu","=""0062951467""","=""9780062951465""",0,Harper Voyager,Hardcover,321,2021,2021,,2021/06/30,to-read,to-read (#635),to-read,,,,0,0,,,,,
42837514,Gender Queer: A Memoir,Maia Kobabe,"Kobabe, Maia",,"=""1549304003""","=""9781549304002""",0,Oni Press,Paperback,240,2019,2019,,2021/06/30,to-read,to-read (#634),to-read,,,,0,0,,,,,
48595550,The Death of Vivek Oji,Akwaeke Emezi,"Emezi, Akwaeke",,"=""0525541608""","=""9780525541608""",0,Riverhead Books,Hardcover,248,2020,2020,,2021/06/27,to-read,to-read (#633),to-read,,,,0,0,,,,,
33606119,Why I'm No Longer Talking to White People About Race,Reni Eddo-Lodge,"Eddo-Lodge, Reni",,"=""140887055X""","=""9781408870556""",0,Bloomsbury Circus,Hardcover,249,2017,2017,,2021/06/27,to-read,to-read (#632),to-read,,,,0,0,,,,,
52674301,Fault Lines: Fractured Families and How to Mend Them,Karl Pillemer,"Pillemer, Karl",,"=""0525539034""","=""9780525539032""",0,Avery,Hardcover,288,2020,2020,,2021/06/27,to-read,to-read (#631),to-read,,,,0,0,,,,,
23719305,How Emotions Are Made: The Secret Life of the Brain,Lisa Feldman Barrett,"Barrett, Lisa Feldman",,"=""0544133315""","=""9780544133310""",0,Houghton Mifflin Harcourt,Hardcover,425,2017,2017,,2021/06/27,to-read,to-read (#630),to-read,,,,0,0,,,,,
36617542,China,Edward Rutherfurd,"Rutherfurd, Edward",,"=""0385538936""","=""9780385538930""",0,Doubleday,Hardcover,764,2021,2021,,2021/06/23,to-read,to-read (#629),to-read,,,,0,0,,,,,
53288434,The Lost Apothecary,Sarah Penner,"Penner, Sarah",,"=""0778311015""","=""9780778311010""",0,Park Row,Hardcover,301,2021,2021,,2021/06/23,to-read,to-read (#628),to-read,,,,0,0,,,,,
40605223,I'm Thinking of Ending Things,Iain Reid,"Reid, Iain",,"=""""","=""""",0,Gallery/Scout Press,Kindle Edition,241,2016,2016,,2021/06/23,to-read,to-read (#627),to-read,,,,0,0,,,,,
37664608,Miserable Success,Suddha Murty,"Murty, Suddha",,"=""9351180670""","=""9789351180678""",0,Penguin,Kindle Edition,13,2013,,,2021/06/17,to-read,to-read (#626),to-read,,,,0,0,,,,,
53359447,Hummingbird Salamander,Jeff Vandermeer,"Vandermeer, Jeff",,"=""0374173540""","=""9780374173548""",0,MCD,Hardcover,351,2021,2021,,2021/06/17,to-read,to-read (#625),to-read,,,,0,0,,,,,
41940333,Grass,Keum Suk Gendry-Kim,"Gendry-Kim, Keum Suk",Janet Hong,"=""1770463623""","=""9781770463622""",0,Drawn and Quarterly,Paperback,480,2019,2017,,2021/06/16,to-read,to-read (#624),to-read,,,,0,0,,,,,
12837725,Gone Girl,Gillian Flynn,"Flynn, Gillian",,"=""""","=""""",0,Crown Publishers,Hardcover,419,2012,2012,,2021/06/16,to-read,to-read (#623),to-read,,,,0,0,,,,,
51745971,Akbar: The Great Mughal,Ira Mukhoty,"Mukhoty, Ira",,"=""9389836042""","=""9789389836042""",0,Aleph Book Company,Hardcover,624,2020,2020,,2021/06/16,to-read,to-read (#622),to-read,,,,0,0,,,,,
31555,Phantoms in the Brain: Probing the Mysteries of the Human Mind,V.S. Ramachandran,"Ramachandran, V.S.","Sandra Blakeslee, Oliver Sacks","=""0688172172""","=""9780688172176""",0,William Morrow Paperbacks,Paperback,352,1999,1998,,2021/06/13,to-read,to-read (#621),to-read,,,,0,0,,,,,
20564,The Mill on the Floss,George Eliot,"Eliot, George",,"=""0141439629""","=""9780141439624""",0,Penguin Classics,Paperback,579,2003,1860,,2021/06/13,to-read,to-read (#620),to-read,,,,0,0,,,,,
846564,I Saw Ramallah,Mourid Barghouti,"Barghouti, Mourid",مريد البرغوثي,"=""1400032660""","=""9781400032662""",0,Vintage,Paperback,184,2003,1997,,2021/06/13,to-read,to-read (#619),to-read,,,,0,0,,,,,
39979170,"Daughters of the Sun: Empresses, Queens and Begums of the Mughal Empire",Ira Mukhoty,"Mukhoty, Ira",,"=""9386021129""","=""9789386021120""",0,Aleph Book Company,Hardcover,276,2018,2018,,2021/06/13,to-read,to-read (#618),to-read,,,,0,0,,,,,
15790842,"Life After Life (Todd Family, #1)",Kate Atkinson,"Atkinson, Kate",,"=""0316176486""","=""9780316176484""",0,Reagan Arthur Books,Hardcover,544,2013,2013,,2021/06/12,to-read,to-read (#617),to-read,,,,0,0,,,,,
761023,"Books of Blood: Volume One (Books of Blood, #1)",Clive Barker,"Barker, Clive",,"=""0425083896""","=""9780425083895""",0,Berkley Books,Mass Market Paperback,210,1986,1984,,2021/06/12,to-read,to-read (#616),to-read,,,,0,0,,,,,
46263943,Real Life,Brandon  Taylor,"Taylor, Brandon",,"=""0525538887""","=""9780525538882""",0,Riverhead Books,Hardcover,329,2020,2020,,2021/06/09,to-read,to-read (#615),to-read,,,,0,0,,,,,
57700842,"Wanderers, Kings, Merchants: The Story of India through Its Languages",Peggy Mohan,"Mohan, Peggy",,"=""9390914841""","=""9789390914845""",0,India Viking,Kindle Edition,303,2021,2021,,2021/06/09,to-read,to-read (#614),to-read,,,,0,0,,,,,
85301,Unaccustomed Earth,Jhumpa Lahiri,"Lahiri, Jhumpa",,"=""0676979343""","=""9780676979343""",0,Knopf,Hardcover,352,2008,2008,,2021/06/08,to-read,to-read (#613),to-read,,,,0,0,,,,,
22632,"The Trial and Death of Socrates (Euthyphro, Apology, Crito, Phaedo)",Plato,"Plato, Plato","John M. Cooper, G.M.A. Grube","=""0872205541""","=""9780872205543""",0,Hackett Publishing Company,Paperback,58,2001,-400,,2021/06/07,to-read,to-read (#612),to-read,,,,0,0,,,,,
36047860,Milkman,Anna Burns,"Burns, Anna",,"=""0571338763""","=""9780571338764""",0,Faber & Faber,Kindle Edition,352,2018,2018,,2021/06/07,to-read,to-read (#611),to-read,,,,0,0,,,,,
30407998,A Separation,Katie Kitamura,"Kitamura, Katie",,"=""039957610X""","=""9780399576102""",0,Riverhead Books,Hardcover,231,2017,2017,,2021/06/06,to-read,to-read (#610),to-read,,,,0,0,,,,,
13380846,Aftermath: On Marriage and Separation,Rachel Cusk,"Cusk, Rachel",,"=""0571277659""","=""9780571277650""",0,Faber & Faber Ltd,Hardcover,153,2012,2012,,2021/06/06,to-read,to-read (#609),to-read,,,,0,0,,,,,
3090348,Devils,Fyodor Dostoevsky,"Dostoevsky, Fyodor",Michael R. Katz,"=""0199540497""","=""9780199540495""",0,Oxford University Press,Paperback,769,2008,1871,,2021/06/06,to-read,to-read (#608),to-read,,,,0,0,,,,,
50870505,"The Dragons, the Giant, the Women: A Memoir",Wayétu  Moore,"Moore, Wayétu",,"=""""","=""""",0,Graywolf Press,Hardcover,250,2020,2020,,2021/06/06,to-read,to-read (#607),to-read,,,,0,0,,,,,
33877608,Eat the Buddha: Life and Death in a Tibetan Town,Barbara Demick,"Demick, Barbara",,"=""0812998758""","=""9780812998757""",0,Random House,Hardcover,325,2020,2020,,2021/06/06,to-read,to-read (#606),to-read,,,,0,0,,,,,
36396222,The Nine-Chambered Heart,Janice Pariat,"Pariat, Janice",,"=""9352773799""","=""9789352773794""",0,Fourth Estate India,Hardcover,216,2017,2017,,2021/06/06,to-read,to-read (#605),to-read,,,,0,0,,,,,
11097473,Sita's Ramayana,Samhita Arni,"Arni, Samhita",Moyna Chitrakar,"=""155498145X""","=""9781554981458""",0,Groundwood Books,Hardcover,152,2011,2011,,2021/06/05,to-read,to-read (#604),to-read,,,,0,0,,,,,
55573130,Rainbow Milk,Paul Mendez,"Mendez, Paul",,"=""0385547064""","=""9780385547062""",0,Doubleday,Hardcover,336,2021,2020,,2021/06/05,to-read,to-read (#603),to-read,,,,0,0,,,,,
9499320,The Long Goodbye,Meghan O'Rourke,"O'Rourke, Meghan",,"=""1594487987""","=""9781594487989""",0,Riverhead Books,Hardcover,306,2011,2011,,2021/06/05,to-read,to-read (#602),to-read,,,,0,0,,,,,
28204534,"Paper Girls, Volume 1",Brian K. Vaughan,"Vaughan, Brian K.","Cliff Chiang, Matt Wilson, Jared K. Fletcher","=""1632156741""","=""9781632156747""",0,Image Comics,Paperback,144,2016,2016,,2021/06/05,to-read,to-read (#601),to-read,,,,0,0,,,,,
29936927,The Best We Could Do,Thi Bui,"Bui, Thi",,"=""1419718770""","=""9781419718779""",0,Abrams ComicArts,Hardcover,329,2017,2017,,2021/06/05,to-read,to-read (#600),to-read,,,,0,0,,,,,
17591572,No One Writes Back,Jang Eun-Jin,"Eun-Jin, Jang",Jung Yewon,"=""1564789608""","=""9781564789600""",0,Dalkey Archive Press,Paperback,203,2013,2009,,2021/06/04,to-read,to-read (#598),to-read,,,,0,0,,,,,
17591566,"At Least We Can Apologize (Library of Korean Literature, 07)",Lee Ki-Ho,"Ki-Ho, Lee",Christopher Joseph Dykas,"=""1564789195""","=""9781564789198""",0,Dalkey Archive Press,Paperback,185,2013,2009,,2021/06/04,to-read,to-read (#597),to-read,,,,0,0,,,,,
54169138,Washington Bullets,Vijay Prashad,"Prashad, Vijay",,"=""""","=""9788194592525""",0,LeftWord Books,Kindle Edition,162,2020,2020,,2021/06/04,to-read,to-read (#596),to-read,,,,0,0,,,,,
10917,My Sister's Keeper,Jodi Picoult,"Picoult, Jodi",,"=""0743454537""","=""9780743454537""",0,Atria/Emily Bestler Books,Paperback,423,2005,2004,,2021/06/03,to-read,to-read (#595),to-read,,,,0,0,,,,,
50403480,At Night All Blood is Black,David Diop,"Diop, David",Anna Moschovakis,"=""0374266972""","=""9780374266974""",0,"Farrar, Straus and Giroux",Hardcover,145,2020,2018,,2021/06/03,to-read,to-read (#594),to-read,,,,0,0,,,,,
38720939,A Very Large Expanse of Sea,Tahereh Mafi,"Mafi, Tahereh",,"=""0062866567""","=""9780062866561""",0,HarperTeen,Hardcover,310,2018,2018,,2021/06/02,to-read,to-read (#593),to-read,,,,0,0,,,,,
54659771,"Neon Gods (Dark Olympus, #1)",Katee Robert,"Robert, Katee",,"=""1728231736""","=""9781728231730""",3.0,Sourcebooks Casablanca,Paperback,380,2021,2021,2021/06/02,2021/03/19,,,read,🤫,,,1,0,"2021-06-01,2021-06-02",Romance|5606;Fantasy|3503;Mythology|1692;Books I Own|1338;Dark Romance|1282;Spicy|1139;Retellings|866;Smut|826;Fiction|691;Retelling|684;Adult|680;Audiobooks|664;Series|654;Greek Mythology|651;Romantasy|590,323586,3.67,fiction
53054943,The Jakarta Method: Washington's Anticommunist Crusade and the Mass Murder Program that Shaped Our World,Vincent Bevins,"Bevins, Vincent",,"=""1541742400""","=""9781541742406""",0,PublicAffairs,Hardcover,320,2020,2020,,2021/06/01,to-read,to-read (#592),to-read,,,,0,0,,,,,
40908064,The Unlikely Adventures of the Shergill Sisters,Balli Kaur Jaswal,"Jaswal, Balli Kaur",,"=""0062645145""","=""9780062645142""",0,William Morrow,Hardcover,312,2019,2019,,2021/06/01,to-read,to-read (#591),to-read,,,,0,0,,,,,
33555,What Dreams May Come,Richard Matheson,"Matheson, Richard",,"=""0765308703""","=""9780765308702""",0,Tor Books,Paperback,288,2004,1978,,2021/05/31,to-read,to-read (#590),to-read,,,,0,0,,,,,
45978,"Eldest (The Inheritance Cycle, #2)",Christopher Paolini,"Paolini, Christopher",,"=""0375840400""","=""9780375840401""",0,Knopf Books for Young Readers,Paperback,704,2007,2005,,2021/05/31,to-read,to-read (#589),to-read,,,,0,0,,,,,
2248573,"Brisingr (The Inheritance Cycle, #3)",Christopher Paolini,"Paolini, Christopher",,"=""0375826726""","=""9780375826726""",0,Alfred A. Knopf,Hardcover,763,2008,2008,,2021/05/31,to-read,to-read (#588),to-read,,,,0,0,,,,,
7664041,"Inheritance (The Inheritance Cycle, #4)",Christopher Paolini,"Paolini, Christopher",,"=""0375856110""","=""9780375856112""",0,Alfred A. Knopf,Hardcover,849,2011,2011,,2021/05/31,to-read,to-read (#587),to-read,,,,0,0,,,,,
113436,Eragon (The Inheritance Cycle #1),Christopher Paolini,"Paolini, Christopher",,"=""0375826696""","=""9780375826696""",0,Alfred A. Knopf,Paperback,503,2005,2002,,2021/05/31,to-read,to-read (#586),to-read,,,,0,0,,,,,
12384322,Narcopolis,Jeet Thayil,"Thayil, Jeet",,"=""0571275761""","=""9780571275762""",0,Faber & Faber,Paperback,292,2012,2012,,2021/05/31,to-read,to-read (#585),to-read,,,,0,0,,,,,
18867849,Old Greek Stories,James  Baldwin,"Baldwin, James",,"=""""","=""""",3.0,1st World Library,Kindle Edition,101,2012,1895,2021/05/31,2021/05/30,,,read,,,,1,0,"2021-05-30,2021-05-31",Mythology|20;Classics|19;Fiction|18;Short Stories|9;Fantasy|7;Audiobooks|6;Classic|5;History|4;Myth|3;E Books|3;My Books|3;Books I Own|3;Ebooks|3;Kindle Books|3;On Kindle|3;Mitoloji|2;Wantedebook|2;Wantedaudio|2;Audio Wanted|2;I Own|2,1617,3.83,fiction
45860336,Blood Moon,Lucy Cuthew,"Cuthew, Lucy",,"=""1536215031""","=""9781536215038""",0,Walker Books US,Hardcover,340,2020,2020,,2021/05/31,to-read,to-read (#584),to-read,,,,0,0,,,,,
7445,The Glass Castle,Jeannette Walls,"Walls, Jeannette",,"=""074324754X""","=""9780743247542""",0,Scribner,Paperback,288,2005,2005,,2021/05/31,to-read,to-read (#583),to-read,,,,0,0,,,,,
785454,Train to Pakistan,Khushwant Singh,"Singh, Khushwant",Arthur Lall,"=""0802132219""","=""9780802132215""",0,Grove Press,Paperback,181,1994,1956,,2021/05/31,to-read,to-read (#582),to-read,,,,0,0,,,,,
471899,"The Sandman, Vol. 5: A Game of You",Neil Gaiman,"Gaiman, Neil","Shawn McManus, Colleen Doran, Bryan Talbot, George Pratt, Stan Woch, Dick Giordano, Samuel R. Delany","=""1563890895""","=""9781563890895""",0,Vertigo,Paperback,191,1993,1992,,2021/05/31,to-read,to-read (#581),to-read,,,,0,0,,,,,
35099718,So You Want to Talk About Race,Ijeoma Oluo,"Oluo, Ijeoma",,"=""1580056776""","=""9781580056779""",0,Seal Press,Hardcover,248,2018,2018,,2021/05/31,to-read,to-read (#580),to-read,,,,0,0,,,,,
30965703,Homo Deus: A Brief History of Tomorrow,Yuval Noah Harari,"Harari, Yuval Noah",,"=""1784703931""","=""9781784703936""",0,RANDOM HOUSE UK,Paperback,513,2017,2015,,2021/05/31,to-read,to-read (#579),to-read,,,,0,0,,,,,
51866445,Sapiens - A Brief History of Humankind,Yuval Noah Harari,"Harari, Yuval Noah",,"=""0771038984""","=""9780771038983""",0,Vintage Publishing,Paperback,,,2011,,2021/05/31,to-read,to-read (#578),to-read,,,,0,0,,,,,
168642,In Cold Blood,Truman Capote,"Capote, Truman",,"=""0679745580""","=""9780679745587""",0,Vintage,Paperback,343,1994,1966,,2021/03/11,to-read,to-read (#577),to-read,,,,1,0,,,,,
33208140,तितली,Jaishankar Prasad,"Prasad, Jaishankar",Jaishankar Prasad,"=""""","=""""",0,Public Domain Books,Kindle Edition,206,2016,1985,,2021/05/30,to-read,to-read (#576),to-read,,,,0,0,,,,,
33220026,Prema (Hindi),Munshi Premchand,"Premchand, Munshi",,"=""""","=""""",0,Public Domain Books,Kindle Edition,140,2016,2014,,2021/05/30,to-read,to-read (#575),to-read,,,,0,0,,,,,
33220028,पुत्रप्रेम,Munshi Premchand,"Premchand, Munshi",,"=""""","=""""",0,Public Domain Books,Kindle Edition,140,2016,,,2021/05/30,to-read,to-read (#574),to-read,,,,0,0,,,,,
16002287,Dream Psychology: Psychoanalysis for Beginners,Sigmund Freud,"Freud, Sigmund","André Tridon, Montague David Eder","=""""","=""""",0,Amazon Digital Services,Kindle Edition,142,2012,1920,,2021/05/30,to-read,to-read (#573),to-read,,,,0,0,,,,,
17203352,The Jungle Book,Rudyard Kipling,"Kipling, Rudyard",,"=""""","=""""",0,,Kindle Edition,177,2012,1894,,2021/05/30,to-read,to-read (#572),to-read,,,,0,0,,,,,
18668266,As You Like It,William Shakespeare,"Shakespeare, William",,"=""""","=""""",0,,Kindle Edition,115,2012,1599,,2021/05/30,to-read,to-read (#570),to-read,,,,0,0,,,,,
19039339,Modern India,William Eleroy Curtis,"Curtis, William Eleroy",,"=""""","=""""",0,,Kindle Edition,477,2012,2004,,2021/05/30,to-read,to-read (#571),to-read,,,,0,0,,,,,
18907681,Indian Tales,Rudyard Kipling,"Kipling, Rudyard",,"=""""","=""""",0,,Kindle Edition,596,2012,1899,,2021/05/30,to-read,to-read (#569),to-read,,,,0,0,,,,,
18881519,The Mysterious Stranger,Mark Twain,"Twain, Mark",,"=""""","=""""",0,,Kindle Edition,113,2012,1916,,2021/05/30,to-read,to-read (#568),to-read,,,,0,0,,,,,
17375340,The Happy Prince and Other Tales,Oscar Wilde,"Wilde, Oscar",,"=""""","=""""",0,Duke Classics,Kindle Edition,93,2012,1888,,2021/05/30,to-read,to-read (#567),to-read,,,,0,0,,,,,
18679329,Maha-bharata The Epic of Ancient India Condensed into English Verse,Romesh Chunder Dutt,"Dutt, Romesh Chunder",,"=""""","=""""",0,,Kindle Edition,155,2012,1899,,2021/05/30,to-read,to-read (#566),to-read,,,,0,0,,,,,
18907222,From the Caves and Jungles of Hindostan,Helena Petrovna Blavatsky,"Blavatsky, Helena Petrovna",,"=""""","=""""",0,,Kindle Edition,214,2012,1883,,2021/05/30,to-read,to-read (#564),to-read,,,,0,0,,,,,
11505483,Selected Poems,Oscar Wilde,"Wilde, Oscar",,"=""""","=""""",0,,Kindle Edition,86,2011,1900,,2021/05/30,to-read,to-read (#563),to-read,,,,0,0,,,,,
11514050,Stories from Tagore,Rabindranath Tagore,"Tagore, Rabindranath",,"=""""","=""""",0,,Kindle Edition,126,,,,2021/05/30,to-read,to-read (#562),to-read,,,,0,0,,,,,
11398156,Twelfth Night,William Shakespeare,"Shakespeare, William",,"=""""","=""""",0,,Kindle Edition,85,2011,1623,,2021/05/30,to-read,to-read (#561),to-read,,,,0,0,,,,,
18867924,The Man Who Knew Too Much,G.K. Chesterton,"Chesterton, G.K.",,"=""""","=""""",0,,Kindle Edition,72,2012,1922,,2021/05/30,to-read,to-read (#559),to-read,,,,0,0,,,,,
20437079,English Literature: Modern,G.H. Mair,"Mair, G.H.",,"=""""","=""""",0,,Kindle Edition,164,2011,2011,,2021/05/30,to-read,to-read (#560),to-read,,,,0,0,,,,,
18871563,Studies in Pessimism (Essays of Arthur Schopenhauer),Arthur Schopenhauer,"Schopenhauer, Arthur",Thomas Bailey Saunders,"=""""","=""""",0,,Kindle Edition,110,2012,1890,,2021/05/30,to-read,to-read (#557),to-read,,,,0,0,,,,,
10080974,David Copperfield,Charles Dickens,"Dickens, Charles",,"=""""","=""""",0,Public Domain Books,Kindle Edition,521,2010,1850,,2021/05/30,to-read,to-read (#558),to-read,,,,0,0,,,,,
19060261,"A History of Indian Philosophy, Volume 1",Surendranath Dasgupta,"Dasgupta, Surendranath",,"=""""","=""""",0,,Kindle Edition,280,2012,1922,,2021/05/30,to-read,to-read (#556),to-read,,,,0,0,,,,,
18780688,My Life and Work,Henry Ford,"Ford, Henry",,"=""""","=""""",0,,Kindle Edition,282,2012,1922,,2021/05/30,to-read,to-read (#556),to-read,,,,0,0,,,,,
16692410,The Canterville Ghost,Oscar Wilde,"Wilde, Oscar",,"=""""","=""""",0,,Kindle Edition,69,2012,1887,,2021/05/30,to-read,to-read (#556),to-read,,,,0,0,,,,,
18900026,The Golden Sayings of Epictetus,Epictetus,"Epictetus, Epictetus",,"=""""","=""""",0,,Kindle Edition,93,2012,,,2021/05/30,to-read,to-read (#555),to-read,,,,0,0,,,,,
17912113,The French Revolution,Thomas Carlyle,"Carlyle, Thomas",,"=""""","=""""",0,,Kindle Edition,774,2012,1837,,2021/05/30,to-read,to-read (#553),to-read,,,,0,0,,,,,
18621315,The Wisdom of Life (Essays of Arthur Schopenhauer),Arthur Schopenhauer,"Schopenhauer, Arthur",,"=""""","=""""",0,,Kindle Edition,44,2012,1851,,2021/05/30,to-read,to-read (#554),to-read,,,,0,0,,,,,
6214403,The Winter's Tale,William Shakespeare,"Shakespeare, William",,"=""""","=""""",0,,Kindle Edition,171,2012,1623,,2021/05/30,to-read,to-read (#552),to-read,,,,0,0,,,,,
18038341,Keats: Poems Published in 1820,John Keats,"Keats, John",,"=""""","=""""",0,,Kindle Edition,117,2012,,,2021/05/30,to-read,to-read (#550),to-read,,,,0,0,,,,,
17203356,The Second Jungle Book,Rudyard Kipling,"Kipling, Rudyard",,"=""""","=""""",0,,Kindle Edition,282,2012,1895,,2021/05/30,to-read,to-read (#550),to-read,,,,0,0,,,,,
11270973,Alexander the Great Makers of History,Jacob Abbott,"Abbott, Jacob",,"=""""","=""""",0,,Kindle Edition,152,,1849,,2021/05/30,to-read,to-read (#548),to-read,,,,0,0,,,,,
11466668,Fall of the Moghul Empire of Hindustan,H.G. Keene,"Keene, H.G.",,"=""""","=""""",0,,Kindle Edition,180,,1876,,2021/05/30,to-read,to-read (#547),to-read,,,,0,0,,,,,
48829708,"To Sleep in a Sea of Stars (Fractalverse, #1)",Christopher Paolini,"Paolini, Christopher",,"=""1250762847""","=""9781250762849""",0,Tor Books,Hardcover,880,2020,2020,,2021/05/30,to-read,to-read (#546),to-read,,,,0,0,,,,,
91953,Leviathan,Thomas Hobbes,"Hobbes, Thomas","Marshall Missner, Crawford Brough Macpherson","=""0140431950""","=""9780140431957""",0,Penguin Books,Paperback,736,1981,1651,,2021/05/30,to-read,to-read (#545),to-read,,,,0,0,,,,,
43890641,Hamnet,Maggie O'Farrell,"O'Farrell, Maggie",,"=""1472223799""","=""9781472223791""",0,Tinder Press,Hardcover,372,2020,2020,,2021/05/30,to-read,to-read (#544),to-read,,,,0,0,,,,,
42972048,The Man Who Saw Everything,Deborah Levy,"Levy, Deborah",,"=""1632869845""","=""9781632869845""",0,Bloomsbury Publishing,Hardcover,199,2019,2019,,2021/05/30,to-read,to-read (#543),to-read,,,,0,0,,,,,
28372019,"The Bookshop on the Corner (Kirrinfief, #1)",Jenny Colgan,"Colgan, Jenny",Helen Lloyd,"=""0062467263""","=""9780062467263""",0,William Morrow Paperbacks,Kindle Edition,348,2016,2016,,2021/05/30,to-read,to-read (#542),to-read,,,,0,0,,,,,
85935,Selections from the Prison Notebooks,Antonio Gramsci,"Gramsci, Antonio","Quintin Hoare, Geoffrey Nowell Smith","=""071780397X""","=""9780717803972""",0,International Publishers Co,Paperback,579,1971,1947,,2021/05/30,to-read,to-read (#541),to-read,,,,0,0,,,,,
7361019,"Value, Price and Profit",Karl Marx,"Marx, Karl",,"=""1434463117""","=""9781434463111""",0,Wildside Press,Paperback,64,2025,1898,,2021/05/30,to-read,to-read (#540),to-read,,,,0,0,,,,,
54120408,Klara and the Sun,Kazuo Ishiguro,"Ishiguro, Kazuo",,"=""059331817X""","=""9780593318171""",0,Alfred A. Knopf,Hardcover,303,2021,2021,,2021/05/30,to-read,to-read (#539),to-read,,,,0,0,,,,,
12432220,"The False Prince (Ascendance, #1)",Jennifer A. Nielsen,"Nielsen, Jennifer A.",,"=""0545284139""","=""9780545284134""",0,"Scholastic, Inc.",Hardcover,342,2012,2012,,2021/05/30,to-read,to-read (#538),to-read,,,,0,0,,,,,
4016515,Letter to My Daughter,Maya Angelou,"Angelou, Maya",,"=""1400066123""","=""9781400066124""",5.0,Random House,Hardcover,192,2008,1987,2021/05/30,2021/05/27,,,read,I need to read more books by her!,,,1,0,"2021-05-27,2021-05-30",Non Fiction|882;Nonfiction|393;Poetry|387;Memoir|357;Essays|202;Feminism|179;Audiobooks|162;Biography|124;Memoirs|100,36161,4.09,nonfiction
54776523,The Girl from the Sea,Lee Knox Ostertag,"Ostertag, Lee Knox",,"=""1338540580""","=""9781338540581""",0,Graphix,Hardcover,256,2021,2021,,2021/05/29,to-read,to-read (#537),to-read,,,,0,0,,,,,
28514478,Who Rules the World? (American Empire Project),Noam Chomsky,"Chomsky, Noam",,"=""162779381X""","=""9781627793810""",0,Metropolitan Books/Henry Holt & Co. (NYC),Hardcover,320,2016,2014,,2021/05/29,to-read,to-read (#536),to-read,,,,0,0,,,,,
6657541,"The Sandman, Vol. 1: Preludes & Nocturnes",Neil Gaiman,"Gaiman, Neil","Sam Kieth, Mike Dringenberg, Malcolm Jones III, Todd Klein, Daniel Vozzo, Karen  Berger, Dave McKean","=""1401225756""","=""9781401225759""",0,Vertigo,Paperback,240,2012,1988,,2021/05/29,to-read,to-read (#535),to-read,,,,0,0,,,,,
15792593,Nuclear War and Environmental Catastrophe,Noam Chomsky,"Chomsky, Noam",Laray Polk,"=""1609804546""","=""9781609804541""",0,Seven Stories Press,Paperback,160,2013,2013,,2021/05/29,to-read,to-read (#534),to-read,,,,0,0,,,,,
4364,Maximum City: Bombay Lost and Found (Vintage),Suketu Mehta,"Mehta, Suketu",,"=""0375703403""","=""9780375703409""",0,Vintage,Paperback,542,2005,2004,,2021/05/29,to-read,to-read (#533),to-read,,,,0,0,,,,,
32075853,Erotic Stories for Punjabi Widows,Balli Kaur Jaswal,"Jaswal, Balli Kaur",,"=""0062645129""","=""9780062645128""",5.0,William Morrow,Hardcover,304,2017,2017,2021/05/28,2021/04/18,,,read,"“Chiriya te main Baaz Ladawa, Sawa Lakh Se Ek Ladawa, Tabhi Gobind Singh Naam kahawai” (I will make Sparrows fight Falcons, one individual against 1.25 Lakh, then only will I call myself Gobind Singh) - This has been one of the most known sayings of the Tenth guru in Sikhism, Guru Gobind Singh ji. He talks about how one Sikh is worth 1.25 lakh individuals. One thing to notice here is, he didn't say a man, he said an individual. Sikhism has always valued the ferocity of not only its male members but also female members, and this is what this story was about. <br/><br/>The way the author captured the subject of honour killings with an air of caution and lesson, was just phenomenal. Every single page of this book identified different ways our thoughts are moulded with the restrictions we grow up with as an Indian. From the ridiculous shaming of women over their own choices to the ridiculous responsibilities of marrying someone (reflected in the case of Mindi and Jason) for the sake of the community. The author took the whole deal with a hint of humour and presented the most taboo topics in the Sikh community bare open. <br/><br/>Whether it was the treatment of widows or the patriarchal oppression of some sects or what some would call sacrilegious stories (I mean they were discussing it all in a Gurudwara, so XD), the author didn't shy away from embracing rebellious energy in the face of traditional undertakings. Each of her main characters was a rebel on their own terms, even if it was a small gesture of standing up for your daughter when claiming bragging rights would have been easier. <br/><br/>The issues she talked about and the way she talked about them, was so beautifully woven, that I couldn't keep the book down. It was perfectly paced and filled with enough suspense and excitement for me to keep reading late in the night. Even though I still have a tough time believing that old aunties of my locality would dabble in stories like these, it is still something that every human thinks of, and why would they be any different? <br/><br/>I hope more people read this book and not shy away from the title. I think the author gambled big time with a title like that but I understand why she would do that, to erase a taboo, you first have to embrace it wholeheartedly! ",,,1,0,"2021-05-28,2021-05-28",Fiction|1735;Book Club|1025;Romance|601;Contemporary|530;Audiobooks|500;Reese S Book Club|400;Audio|306;India|240;Bookclub|198;Books I Own|190;Mystery|190;Adult|190;Contemporary Fiction|182;Chick Lit|178,114687,3.93,fiction
50788699,Lurkers,Sandi Tan,"Tan, Sandi",,"=""1641292555""","=""9781641292559""",0,Soho Press,Hardcover,320,2021,2021,,2021/05/28,to-read,to-read (#532),to-read,,,,0,0,,,,,
2157951,Gulabi Talkies and Other Stories,ವೈದೇಹಿ | Vaidehi,"Vaidehi, ವೈದೇಹಿ |",Tejaswini Niranjana,"=""0143099698""","=""9780143099697""",0,Penguin,Paperback,253,2006,2006,,2021/05/28,to-read,to-read (#531),to-read,,,,0,0,,,,,
67700,"The Persian Boy (Alexander the Great, #2)",Mary Renault,"Renault, Mary",,"=""0394751019""","=""9780394751016""",0,Vintage,Paperback,420,1988,1972,,2021/05/27,to-read,to-read (#529),to-read,,,,0,0,,,,,
360436,"Funeral Games (Alexander the Great, #3)",Mary Renault,"Renault, Mary",,"=""0099463490""","=""9780099463498""",0,Arrow,Paperback,284,2003,1981,,2021/05/27,to-read,to-read (#530),to-read,,,,0,0,,,,,
67697,"Fire from Heaven (Alexander the Great, #1)",Mary Renault,"Renault, Mary",,"=""0375726829""","=""9780375726828""",0,Vintage,Paperback,375,2002,1969,,2021/05/27,to-read,to-read (#528),to-read,,,,0,0,,,,,
17349,The Demon-Haunted World: Science as a Candle in the Dark,Carl Sagan,"Sagan, Carl",Ann Druyan,"=""0345409469""","=""9780345409461""",0,Ballantine Books,Paperback,459,1997,1995,,2021/05/27,to-read,to-read (#527),to-read,,,,0,0,,,,,
55030,Cosmos,Carl Sagan,"Sagan, Carl",,"=""0375508325""","=""9780375508325""",0,Random House,Mass Market Paperback,384,2002,1980,,2021/05/27,to-read,to-read (#526),to-read,,,,0,0,,,,,
2526,Blindness,José Saramago,"Saramago, José",Giovanni Pontiero,"=""""","=""""",0,Houghton Mifflin Harcourt Publishing Company,Paperback,326,1999,1995,,2021/05/27,to-read,to-read (#525),to-read,,,,0,0,,,,,
472331,Watchmen,Alan Moore,"Moore, Alan","Dave Gibbons, John    Higgins","=""0930289234""","=""9780930289232""",0,DC Comics,Paperback,416,2005,1987,,2021/05/27,to-read,to-read (#524),to-read,,,,0,0,,,,,
5805,V for Vendetta,Alan Moore,"Moore, Alan","David   Lloyd, Steve Whitaker, Siobhan Dodds","=""1401207928""","=""9781401207922""",0,Vertigo,Hardcover,296,2005,1990,,2021/05/27,to-read,to-read (#523),to-read,,,,0,0,,,,,
34688399,One Part Woman,Perumal Murugan,"Murugan, Perumal",,"=""0143431811""","=""9780143431817""",0,PENGUIN RANDOM HOUSE INDIA PVT.LTD.,Paperback,256,2014,2010,,2021/05/27,to-read,to-read (#522),to-read,,,,0,0,,,,,
5890,The Woman in White,Wilkie Collins,"Collins, Wilkie",Matthew Sweet,"=""""","=""""",0,Penguin Classics,Paperback,672,2003,1859,,2021/05/27,to-read,to-read (#521),to-read,,,,0,0,,,,,
31351689,Girl Made of Stars,Ashley Herring Blake,"Blake, Ashley Herring",,"=""1328476693""","=""9781328476692""",4.0,HMH Books for Young Readers,Kindle Edition,304,2018,2018,2021/05/26,2021/03/13,,,read,,,,1,0,"2021-05-26,2021-05-26",Young Adult|854;Contemporary|811;Ya|530;Lgbtq|500;Lgbt|400;Fiction|283;Lgbtqia|231;Queer|223;Romance|158;Sapphic|143;Books I Own|140;Mental Health|135;Feminism|125;2018 Releases|119;Ya Contemporary|109;Realistic Fiction|103,30241,4.18,fiction
774637,Kanthapura,Raja Rao,"Rao, Raja",,"=""0811201686""","=""9780811201681""",0,New Directions,Paperback,244,1967,1938,,2021/05/26,to-read,to-read (#519),to-read,,,,0,0,,,,,
38209845,Dalit Panthers: An Authoritative History,J.V. Pawar,"Pawar, J.V.",,"=""""","=""""",0,Forward Press Books,Kindle Edition,229,2018,,,2021/05/26,to-read,to-read (#518),to-read,,,,0,0,,,,,
11250317,The Song of Achilles,Madeline Miller,"Miller, Madeline",,"=""1408816032""","=""9781408816035""",5.0,Bloomsbury Publishing,Hardcover,352,2011,2011,2020/12/05,2021/01/25,,,read,,,,1,0,",2020-12-05;,2022-04-13",Fantasy|14789;Historical Fiction|12509;Romance|12465;Fiction|11534;Mythology|11304;Books I Own|6665;Lgbtq|6500;Lgbt|5442;Queer|4623;Greek Mythology|4153;Historical|3985;Favs|2575;Book Club|2571;Audiobooks|2565;Retellings|2303;5 Stars|2276;Lgbtqia|2135;Bookshelf|1813;Owned Books|1634;My Library|1555,2186642,4.3,fiction
24874328,Mrs Rosie and the Priest,Giovanni Boccaccio,"Boccaccio, Giovanni",Peter Hainsworth,"=""0141397829""","=""9780141397825""",4.0,Penguin Classics,Paperback,54,2015,1353,2020/09/23,2021/05/26,,,read,,,,1,0,",2020-09-23",Classics|184;Penguin Little Black Classics|112;Little Black Classics|100;Short Stories|81;Fiction|73;Books I Own|39;Penguin Classics|24;Classic|22,4483,3.23,fiction
33986959,Pandeymonium,Piyush Pandey,"Pandey, Piyush",,"=""9352140044""","=""9789352140046""",4.0,Portfolio,Kindle Edition,265,2016,2015,2020/09/17,2021/03/02,,,read,,,,1,0,",2020-09-17",Marketing|27;Non Fiction|19;Advertising|19;Business|14;Biography|13;India|4;Books I Own|3;Nonfiction|3,1442,3.83,nonfiction
55388579,"A Court of Thorns and Roses (A Court of Thorns and Roses, #1)",Sarah J. Maas,"Maas, Sarah J.",,"=""1664434453""","=""9781664434455""",3.0,"Recorded Books, Inc. and Blackstone Publishing",Audio CD,1,2015,2015,2020/09/15,2021/05/26,,,read,,,,1,0,",2020-09-15",Fantasy|57751;Romance|18126;Books I Own|9577;Romantasy|9102;Young Adult|7034;Fiction|6457,4605556,4.15,fiction
28787203,Ikigai: Los secretos de Japón para una vida larga y feliz,Héctor  García,"García, Héctor",Francesc Miralles,"=""""","=""""",4.0,Urano,Paperback,192,2016,2016,2020/08/01,2021/05/26,,,read,,,,1,0,",2020-08-01",Non Fiction|1330;Self Help|935;Philosophy|426;Nonfiction|422;Japan|208;Audiobooks|190;Psychology|187;Personal Development|179;Self Improvement|168;Health|149,90123,3.75,nonfiction
30165203,"American Gods (American Gods, #1)",Neil Gaiman,"Gaiman, Neil",,"=""""","=""""",5.0,William Morrow,Kindle Edition,635,2011,2001,2020/07/01,2021/01/23,,,read,,,,1,0,",2020-07-01",Fantasy|26881;Fiction|11260;Mythology|3193;Urban Fantasy|2961,1005445,4.1,fiction
5297,The Picture of Dorian Gray,Oscar Wilde,"Wilde, Oscar",Jeffrey Eugenides,"=""""","=""""",5.0,Random House: Modern Library,Paperback,272,2004,1890,2020/07/01,2021/01/23,,,read,,,,1,0,",2020-07-01",Classics|54431;Fiction|16587;Classic|7891;Horror|6145;Books I Own|5485,2007598,4.13,fiction
23807,"The Silence of the Lambs  (Hannibal Lecter, #2)",Thomas  Harris,"Harris, Thomas",,"=""""","=""""",5.0,Arrow Books,Paperback,421,2002,1988,2020/09/01,2021/01/23,,,read,,,,1,0,",2020-09-01",Horror|5323;Fiction|3723;Thriller|3468;Mystery|1771;Crime|1685;Books I Own|951;Classics|717;Mystery Thriller|623;Suspense|551;Series|540,602398,4.26,fiction
29044,The Secret History,Donna Tartt,"Tartt, Donna",,"=""1400031702""","=""9781400031702""",5.0,Vintage Books,Paperback,559,2004,1992,2020/11/01,2020/10/31,,,read,,,,1,0,",2020-11-01",Fiction|13897;Dark Academia|8411;Mystery|5824;Classics|5279;Books I Own|4203;Thriller|3066;Contemporary|2980;Literary Fiction|2443;Book Club|2074;Favs|1785;Mystery Thriller|1668,1127800,4.14,fiction
150253,"If Not, Winter: Fragments of Sappho",Sappho,"Sappho, Sappho",Anne Carson,"=""1844080811""","=""9781844080816""",0,Virago,Paperback,397,2003,-550,,2021/04/02,to-read,to-read (#517),to-read,,,,0,0,,,,,
50623864,The Invisible Life of Addie LaRue,V.E. Schwab,"Schwab, V.E.",Victoria Schwab,"=""0765387565""","=""9780765387561""",3.0,Tor Books,Hardcover,448,2020,2020,2021/05/25,2021/03/06,,,read,"This book was such a downfall, it started off as a 5 star then to 4 star and finally ending with a solid 3.5 star. Even though it was filled with plot holes, a little cliches, very slow pace and a love triangle (Obviously open ended, cause no love triangle is possible between straight couples xD), it held up its end pretty good but not good enough. The premise was so good, a Faustian deal, and yet it came down to a man-child and a 300 year old teenager, who didn't change in whole time. But then again if you are doomed to be not remembered, there is no need to change, is there?<br/><br/>I would have asked for knowledge if I could make the deal but I wasn't in her shoes, I wouldn't know what it is like to have your existence be curbed into a single house, but maybe I do a little.  Her choice made sense, her defiance made sense too but in the end, the game wasn't worth it because it wasn't fair, it was mercy. The whole book, you keep looking for things to happen, by 70 percent, you are still learning about the initial circumstances which don't even tie to ending as much as they should. The potential to be a story of century, it just succumbed to a cliche young adult love story. <br/><br/>But nevertheless, I loved the concept behind it and loved that being human is leaving a mark, loved that ideas can matter more than your existence and that no matter what a love triangle is only possible way to sell books xD",true,,1,0,"2021-05-20,2021-05-25",Fantasy|24940;Fiction|9268;Romance|7540;Historical Fiction|6424;Books I Own|5226;Book Club|4687;Audiobooks|3270,1631179,4.16,fiction
883195,The Stone Gods,Jeanette Winterson,"Winterson, Jeanette",,"=""0241143950""","=""9780241143957""",0,"Harcourt, Inc.",Hardcover,209,2007,2007,,2021/05/25,to-read,to-read (#516),to-read,,,,0,0,,,,,
1472878,"Firefly Lane (Firefly Lane, #1)",Kristin Hannah,"Hannah, Kristin",,"=""0312364083""","=""9780312364083""",0,St. Martin's Press,Hardcover,479,2008,2008,,2021/05/25,to-read,to-read (#515),to-read,,,,0,0,,,,,
23492661,Maybe in Another Life,Taylor Jenkins Reid,"Reid, Taylor Jenkins",,"=""""","=""""",0,Atria Books,Paperback,342,2015,2015,,2021/05/25,to-read,to-read (#514),to-read,,,,0,0,,,,,
456028,"Red: The Heroic Rescue (The Circle, #2)",Ted Dekker,"Dekker, Ted",,"=""1595540342""","=""9781595540348""",0,Westbow Pr,Paperback,381,2004,2004,,2021/05/24,to-read,to-read (#512),to-read,,,,0,0,,,,,
125955,"White: The Great Pursuit (The Circle, #3)",Ted Dekker,"Dekker, Ted",,"=""1595540350""","=""9781595540355""",0,Westbow Pr,Paperback,370,2005,2003,,2021/05/24,to-read,to-read (#513),to-read,,,,0,0,,,,,
125956,"Black: The Birth of Evil (The Circle, #1)",Ted Dekker,"Dekker, Ted",,"=""1595540210""","=""9781595540218""",0,Westbow Pr,Paperback,408,2005,2003,,2021/05/24,to-read,to-read (#511),to-read,,,,0,0,,,,,
4789801,"Green: The Beginning and the End (The Circle, #0)",Ted Dekker,"Dekker, Ted",,"=""1595542884""","=""9781595542885""",0,Thomas Nelson Publishers,Hardcover,392,2009,2009,,2021/05/24,to-read,to-read (#510),to-read,,,,0,0,,,,,
968827,Where Late the Sweet Birds Sang,Kate Wilhelm,"Wilhelm, Kate",,"=""0060146540""","=""9780060146542""",0,Harper and Row,Hardcover,251,1976,1976,,2021/05/24,to-read,to-read (#509),to-read,,,,0,0,,,,,
11557,Swan Song,Robert McCammon,"McCammon, Robert",,"=""0671741039""","=""9780671741037""",0,Pocket Books,Mass Market Paperback,956,1987,1987,,2021/05/24,to-read,to-read (#508),to-read,,,,0,0,,,,,
22816087,Seveneves,Neal Stephenson,"Stephenson, Neal",,"=""""","=""""",0,William Morrow,Kindle Edition,872,2015,2015,,2021/05/24,to-read,to-read (#507),to-read,,,,0,0,,,,,
46756,"Oryx and Crake (MaddAddam, #1)",Margaret Atwood,"Atwood, Margaret",,"=""""","=""""",0,Anchor Books,Paperback,389,2012,2003,,2021/05/24,to-read,to-read (#506),to-read,,,,0,0,,,,,
6080337,"The Year of the Flood (MaddAddam, #2)",Margaret Atwood,"Atwood, Margaret",,"=""0385528779""","=""9780385528771""",0,Doubleday Nan A. Talese,Hardcover,431,2009,2009,,2021/05/24,to-read,to-read (#504),to-read,,,,0,0,,,,,
17262203,"MaddAddam (MaddAddam, #3)",Margaret Atwood,"Atwood, Margaret",,"=""0385528787""","=""9780385528788""",0,Nan A. Talese,Hardcover,394,2013,2013,,2021/05/24,to-read,to-read (#505),to-read,,,,0,0,,,,,
40855636,How Long 'til Black Future Month?,N.K. Jemisin,"Jemisin, N.K.",,"=""0316491349""","=""9780316491341""",0,Orbit,Hardcover,400,2018,2018,,2021/05/24,to-read,to-read (#503),to-read,,,,0,0,,,,,
31817749,"The Stone Sky (The Broken Earth, #3)",N.K. Jemisin,"Jemisin, N.K.",,"=""""","=""""",0,Orbit,Paperback,416,2017,2017,,2021/05/24,to-read,to-read (#502),to-read,,,,0,0,,,,,
26228034,"The Obelisk Gate (The Broken Earth, #2)",N.K. Jemisin,"Jemisin, N.K.",,"=""""","=""""",0,Orbit,Paperback,410,2016,2016,,2021/05/24,to-read,to-read (#501),to-read,,,,0,0,,,,,
19161852,"The Fifth Season (The Broken Earth, #1)",N.K. Jemisin,"Jemisin, N.K.",,"=""""","=""""",0,Orbit,Paperback,512,2015,2015,,2021/05/24,to-read,to-read (#500),to-read,,,,0,0,,,,,
51952418,Little Free Library,Naomi Kritzer,"Kritzer, Naomi",,"=""1250780624""","=""9781250780621""",0,Tor Books,ebook,12,2020,2020,,2021/05/24,to-read,to-read (#499),to-read,,,,0,0,,,,,
4929,Kafka on the Shore,Haruki Murakami,"Murakami, Haruki",Philip Gabriel,"=""""","=""""",4.0,Vintage International,Paperback,467,2006,2002,2020/01/01,2021/05/09,,,read,,,,1,0,",2020-01-01",Fiction|8796;Magical Realism|3079;Fantasy|2376;Japan|2106;Japanese|1734;Japanese Literature|1443;Murakami|1303;Books I Own|1215;Contemporary|1122;Novels|984,577681,4.11,fiction
40121378,Atomic Habits: An Easy & Proven Way to Build Good Habits & Break Bad Ones,James Clear,"Clear, James",,"=""""","=""""",4.0,Avery,Kindle Edition,319,2018,2018,2020/07/01,2021/05/09,,,read,,,,1,0,",2020-07-01",Self Help|15409;Non Fiction|15155;Nonfiction|5907;Self Improvement|4452;Psychology|4365;Personal Development|3187;Audiobooks|3167;Productivity|2920;Self Development|2006;Business|1838;Books I Own|1584,1426011,4.31,nonfiction
3636,"The Giver (Giver, #1)",Lois Lowry,"Lowry, Lois",,"=""0385732554""","=""9780385732550""",0,Ember,Paperback,208,2006,1993,,2021/05/22,to-read,to-read (#498),to-read,,,,0,0,,,,,
44678031,Yearbook,Seth Rogen,"Rogen, Seth",,"=""1984825402""","=""9781984825407""",0,Crown,Hardcover,260,2021,2021,,2021/05/22,to-read,to-read (#497),to-read,,,,0,0,,,,,
4599209,Live Nude Elf,Reverend Jen,"Jen, Reverend",,"=""1593762445""","=""9781593762445""",0,Soft Skull Press,Paperback,256,2009,2008,,2021/05/21,to-read,to-read (#496),to-read,,,,0,0,,,,,
32276,The Dragons of Eden: Speculations on the Evolution of Human Intelligence,Carl Sagan,"Sagan, Carl",,"=""0345346297""","=""9780345346292""",0,Ballantine Books,Paperback,271,1986,1977,,2021/05/20,to-read,to-read (#495),to-read,,,,0,0,,,,,
40874366,"The Rival Queens: Catherine de' Medici, Her Daughter Marguerite de Valois, and the Betrayal that Ignited a Kingdom",Nancy  Goldstone,"Goldstone, Nancy",,"=""0316409677""","=""9780316409674""",0,Little,Kindle Edition,428,2015,2015,,2021/05/20,to-read,to-read (#494),to-read,,,,0,0,,,,,
18276289,Myth in the Ancient World,Ian M. Plant,"Plant, Ian M.",,"=""1420256866""","=""9781420256864""",0,Macmillan Australia,Paperback,398,2012,2012,,2021/05/20,to-read,to-read (#493),to-read,,,,0,0,,,,,
7965846,A Little Book of Language,David Crystal,"Crystal, David",,"=""0300155336""","=""9780300155334""",0,Yale University Press,Hardcover,260,2010,2012,,2021/05/20,to-read,to-read (#492),to-read,,,,0,0,,,,,
32622193,A Little History of Economics,Niall Kishtainy,"Kishtainy, Niall",,"=""0300206364""","=""9780300206364""",0,Yale University Press,Hardcover,256,2017,,,2021/05/20,to-read,to-read (#491),to-read,,,,0,0,,,,,
25074731,A Little History of the United States,James West Davidson,"Davidson, James West",,"=""0300181418""","=""9780300181418""",0,Yale University Press,Hardcover,344,2015,2015,,2021/05/20,to-read,to-read (#490),to-read,,,,0,0,,,,,
13593959,A Little History of Science,William Bynum,"Bynum, William",,"=""0300136595""","=""9780300136593""",0,Yale University Press,Hardcover,263,2012,2012,,2021/05/20,to-read,to-read (#489),to-read,,,,0,0,,,,,
28819132,A Little History of Religion,Richard Holloway,"Holloway, Richard",,"=""0300208839""","=""9780300208832""",0,Yale University Press,Hardcover,256,2016,2016,,2021/05/20,to-read,to-read (#488),to-read,,,,0,0,,,,,
17802957,A Little History of Literature,John Sutherland,"Sutherland, John",,"=""0300186851""","=""9780300186857""",0,Yale University Press,Hardcover,276,2013,2013,,2021/05/20,to-read,to-read (#487),to-read,,,,0,0,,,,,
11527504,A Little History of Philosophy,Nigel Warburton,"Warburton, Nigel",,"=""0300152086""","=""9780300152081""",0,Yale University Press,Hardcover,252,2011,2011,,2021/05/20,to-read,to-read (#486),to-read,,,,0,0,,,,,
61505,A Little History of the World,E.H. Gombrich,"Gombrich, E.H.",,"=""0300108834""","=""9780300108835""",0,Yale University Press,Hardcover,284,2005,1936,,2021/05/20,to-read,to-read (#485),to-read,,,,0,0,,,,,
36125250,A Little History of Archaeology,Brian M. Fagan,"Fagan, Brian M.",,"=""0300224648""","=""9780300224641""",0,Yale University Press,Hardcover,288,2018,,,2021/05/20,to-read,to-read (#484),to-read,,,,0,0,,,,,
40535984,A Beautiful Crime,Christopher Bollen,"Bollen, Christopher",,"=""0062853902""","=""9780062853905""",0,Harper,ebook,416,2020,2020,,2021/05/20,to-read,to-read (#483),to-read,,,,0,0,,,,,
17085899,The Alienist and Other Stories of Nineteenth-Century Brazil,Machado de Assis,"Assis, Machado de",John Charles Chasteen,"=""1603848525""","=""9781603848527""",0,"Hackett Publishing Company, Inc.",Paperback,152,2013,1963,,2021/05/20,to-read,to-read (#482),to-read,,,,0,0,,,,,
29635542,"A Dead Djinn in Cairo (Dead Djinn Universe, #0.1)",P. Djèlí Clark,"Clark, P. Djèlí",,"=""0765389444""","=""9780765389442""",0,Tor Books,ebook,43,2016,2016,,2021/05/20,to-read,to-read (#481),to-read,,,,0,0,,,,,
2262521,The Rape of the Lock,Alexander Pope,"Pope, Alexander",,"=""1557429162""","=""9781557429162""",0,Wildside Press,Paperback,54,2007,1717,,2021/05/20,to-read,to-read (#480),to-read,,,,0,0,,,,,
23075720,The Man Who Mistook His Wife for a Hat,Oliver Sacks,"Sacks, Oliver",,"=""1447275403""","=""9781447275404""",0,Picador,Paperback,262,2015,1985,,2021/05/20,to-read,to-read (#479),to-read,,,,0,0,,,,,
703032,JAICO BOOK DISTRIBUTORS THE THEORY OF EVERYTHING,Stephen W. Hawking,"Hawking, Stephen W.",,"=""8179925919""","=""9788179925911""",0,Jaico Book Distributors,Paperback,140,2024,2002,,2021/05/20,to-read,to-read (#478),to-read,,,,0,0,,,,,
25245394,The Grand Design,Leonard Mlodinow,"Mlodinow, Leonard",Stephen W. Hawking,"=""""","=""""",0,RHUK,Paperback,256,2011,2010,,2021/05/20,to-read,to-read (#477),to-read,,,,0,0,,,,,
51876712,Art and Archaeology of Ancient Rome Vol 1: An Introduction (Volume 1),David Soren,"Soren, David",Archer Martin,"=""""","=""""",0,MIdnigt Marquee & BearManor Media,Kindle Edition,1264,2019,,,2021/05/20,to-read,to-read (#476),to-read,,,,0,0,,,,,
52575641,What We Carry: A Memoir,Maya Shanbhag Lang,"Lang, Maya Shanbhag",,"=""052551239X""","=""9780525512394""",5.0,Dial Press,Hardcover,288,2020,2020,2021/05/20,2021/04/20,,,read,The thing about stories is they can set you free.,,,1,0,"2021-05-19,2021-05-20",Memoir|170;Non Fiction|102;Nonfiction|71;Memoirs|66;Book Club|22;Biography|21;Biography Memoir|21;Memoir Biography|20,4181,4.32,nonfiction
51964497,Latitudes of Longing,Shubhangi Swarup,"Swarup, Shubhangi",,"=""0593132556""","=""9780593132555""",0,One World,Hardcover,320,2020,2018,,2021/05/20,to-read,to-read (#475),to-read,,,,0,0,,,,,
30971664,Salt Houses,Hala Alyan,"Alyan, Hala",,"=""0544912586""","=""9780544912588""",0,Harper,Hardcover,312,2017,2017,,2021/05/20,to-read,to-read (#474),to-read,,,,0,0,,,,,
393199,Down and Out in Paris and London,George Orwell,"Orwell, George",,"=""015626224X""","=""9780156262248""",0,Mariner Books,Paperback,213,1972,1933,,2021/05/19,to-read,to-read (#473),to-read,,,,0,0,,,,,
54875689,A Bright Ray of Darkness,Ethan Hawke,"Hawke, Ethan",,"=""0385352387""","=""9780385352383""",0,Knopf,Hardcover,237,2021,2021,,2021/05/19,to-read,to-read (#472),to-read,,,,0,0,,,,,
55592976,The Beauty of Living Twice,Sharon Stone,"Stone, Sharon",,"=""0525656766""","=""9780525656760""",0,Knopf,Hardcover,244,2021,2021,,2021/05/19,to-read,to-read (#471),to-read,,,,0,0,,,,,
53733106,No One Is Talking About This,Patricia Lockwood,"Lockwood, Patricia",,"=""0593189582""","=""9780593189580""",0,Riverhead Books,Hardcover,210,2021,2021,,2021/05/19,to-read,to-read (#470),to-read,,,,0,0,,,,,
51926961,Fire in Paradise: An American Tragedy,Alastair Gee,"Gee, Alastair",Dani Anguiano,"=""1324005149""","=""9781324005148""",0,W. W. Norton  Company,Hardcover,256,2020,2020,,2021/05/19,to-read,to-read (#469),to-read,,,,0,0,,,,,
34523174,"Into the Drowning Deep (Rolling in the Deep, #1)",Mira Grant,"Grant, Mira",,"=""0316379409""","=""9780316379403""",0,Run For It,Hardcover,448,2017,2017,,2021/05/19,to-read,to-read (#468),to-read,,,,0,0,,,,,
95186,The Inheritance of Loss,Kiran Desai,"Desai, Kiran",,"=""0802142818""","=""9780802142818""",0,Grove Press,Paperback,357,2005,2005,,2021/05/19,to-read,to-read (#467),to-read,,,,0,0,,,,,
54985743,People We Meet on Vacation,Emily Henry,"Henry, Emily",,"=""1984806750""","=""9781984806758""",3.0,Berkley,Paperback,361,2021,2021,2021/05/19,2021/05/14,,,read,Every sappy dialogue profused into one book xD  (3.5 stars),,,1,0,"2021-05-18,2021-05-19",Romance|23729;Fiction|4876;Books I Own|4513;Contemporary|3921;Audiobooks|2861;Friends To Lovers|2681,1974756,3.84,fiction
41804,"I, Robot (Robot, #0.1)",Isaac Asimov,"Asimov, Isaac",,"=""0553803700""","=""9780553803709""",0,Bantam Books,Hardcover,224,2004,1950,,2021/05/18,to-read,to-read (#466),to-read,,,,0,0,,,,,
36516408,Stuck Like Lint,Shefali Tripathi Mehta,"Mehta, Shefali Tripathi",,"=""9385285815""","=""9789385285813""",0,Niyogi Books,Paperback,156,2017,2017,,2021/05/16,to-read,to-read (#465),to-read,,,,0,0,,,,,
35749414,Who We Are and How We Got Here: Ancient DNA and the New Science of the Human Past,David  Reich,"Reich, David",,"=""110187032X""","=""9781101870327""",0,Pantheon,Hardcover,335,2018,2018,,2021/05/14,to-read,to-read (#464),to-read,,,,0,0,,,,,
45480101,"kings of nowhere Volume 1 (Kings of Nowhere, #1)",Soroush Barazesh,"Barazesh, Soroush",,"=""""","=""""",0,Koteri Ink,Hardcover,84,2019,2019,,2021/05/14,to-read,to-read (#463),to-read,,,,0,0,,,,,
34376766,"Blood, Sweat, and Pixels",Jason Schreier,"Schreier, Jason",,"=""0062651242""","=""9780062651242""",0,Harper Paperbacks,Kindle Edition,353,2017,2017,,2021/05/13,to-read,to-read (#462),to-read,,,,0,0,,,,,
45186565,Uncanny Valley,Anna Wiener,"Wiener, Anna",,"=""0374278016""","=""9780374278014""",0,MCD,Hardcover,281,2020,2020,,2021/05/12,to-read,to-read (#461),to-read,,,,0,0,,,,,
38256933,Let's Talk About Death (over Dinner),Michael Hebb,"Hebb, Michael",,"=""0738235296""","=""9780738235295""",0,Da Capo Lifelong Books,Hardcover,256,2018,2018,,2021/05/12,to-read,to-read (#460),to-read,,,,0,0,,,,,
17607541,Em and The Big Hoom,Jerry Pinto,"Pinto, Jerry",,"=""9382277315""","=""9789382277316""",0,Aleph Book Company,Paperback,238,2013,2012,,2021/05/11,to-read,to-read (#459),to-read,,,,0,0,,,,,
29983711,Pachinko,Min Jin Lee,"Lee, Min Jin",,"=""1455563935""","=""9781455563937""",0,Grand Central Publishing,Hardcover,490,2017,2017,,2021/05/11,to-read,to-read (#458),to-read,,,,0,0,,,,,
38212121,From Here to Eternity: Traveling the World to Find the Good Death,Caitlin Doughty,"Doughty, Caitlin",Landis Blair,"=""0393356280""","=""9780393356281""",0,"W. W. Norton & Company, Inc.",Paperback,256,2018,2017,,2021/03/11,to-read,to-read (#457),to-read,,,,0,0,,,,,
445701,Fidel Castro Reader,David Deutschmann,"Deutschmann, David","David Deutschmann, Deborah Shnookal","=""1920888888""","=""9781920888886""",0,Ocean Pr,Paperback,525,2007,2006,,2021/04/02,to-read,to-read (#456),to-read,,,,0,0,,,,,
52508857,"How to Feed a Dictator: Saddam Hussein, Idi Amin, Enver Hoxha, Fidel Castro, and Pol Pot Through the Eyes of Their Cooks",Witold Szabłowski,"Szabłowski, Witold",Antonia Lloyd-Jones,"=""0143129759""","=""9780143129752""",0,Penguin Books,Paperback,288,2020,2019,,2021/04/02,to-read,to-read (#455),to-read,,,,0,0,,,,,
50385049,Halla Bol: The Death and Life of Safdar Hashmi,Sudhanva Deshpande,"Deshpande, Sudhanva",,"=""8194357918""","=""9788194357919""",0,"LeftWord Books, New Delhi",Paperback,264,2020,,,2021/04/18,to-read,to-read (#454),to-read,,,,0,0,,,,,
288501,In Search of Fatima: A Palestinian Story,Ghada Karmi,"Karmi, Ghada",,"=""1859845614""","=""9781859845615""",0,Verso,Paperback,451,2004,2002,,2021/05/10,to-read,to-read (#453),to-read,,,,0,0,,,,,
11013,Finnegans Wake,James Joyce,"Joyce, James",,"=""0571217354""","=""9780571217359""",0,Faber & Faber,Paperback,628,2002,1939,,2021/05/10,to-read,to-read (#452),to-read,,,,0,0,,,,,
7588,A Portrait of the Artist as a Young Man,James Joyce,"Joyce, James",Seamus Deane,"=""0142437344""","=""9780142437346""",0,Penguin Classics,Paperback,329,2003,1916,,2021/05/10,to-read,to-read (#451),to-read,,,,0,0,,,,,
57965230,Forever,Assia Petricelli,"Petricelli, Assia",Sergio Riccardi,"=""""","=""9791032812082""",0,Europe Comics,Kindle Edition,161,2021,2020,,2021/05/10,to-read,to-read (#450),to-read,,,,0,0,,,,,
27220736,Shoe Dog: A Memoir by the Creator of Nike,Phil Knight,"Knight, Phil",,"=""1501135910""","=""9781501135910""",0,Scribner,Hardcover,400,2016,2016,,2021/05/09,to-read,to-read (#449),to-read,,,,0,0,,,,,
40097951,The Silent Patient,Alex Michaelides,"Michaelides, Alex",,"=""1250301696""","=""9781250301697""",0,Celadon Books,Hardcover,336,2019,2019,,2021/05/09,to-read,to-read (#448),to-read,,,,0,0,,,,,
112077,"The Game of Kings (The Lymond Chronicles, #1)",Dorothy Dunnett,"Dunnett, Dorothy",,"=""0679777431""","=""9780679777434""",0,Vintage,Paperback,543,1997,1961,,2021/05/09,to-read,to-read (#447),to-read,,,,0,0,,,,,
6867,Atonement,Ian McEwan,"McEwan, Ian",,"=""""","=""""",0,Anchor Books,Paperback,351,2003,2001,,2021/05/09,to-read,to-read (#446),to-read,,,,0,0,,,,,
18765,"I, Claudius (Claudius, #1)",Robert Graves,"Graves, Robert",,"=""067972477X""","=""9780679724773""",0,Vintage,Paperback,469,1989,1934,,2021/05/09,to-read,to-read (#445),to-read,,,,0,0,,,,,
12296,The Scarlet Letter,Nathaniel Hawthorne,"Hawthorne, Nathaniel","Nina Baym, Thomas E. Connolly","=""0142437263""","=""9780142437261""",0,Penguin Books,Paperback,279,2002,1850,,2021/05/09,to-read,to-read (#444),to-read,,,,0,0,,,,,
4989,The Red Tent,Anita Diamant,"Diamant, Anita",,"=""0312353766""","=""9780312353766""",0,St. Martin's Press,Hardcover,324,1997,1997,,2021/05/09,to-read,to-read (#443),to-read,,,,0,0,,,,,
50999821,A Lesson in Vengeance,Victoria  Lee,"Lee, Victoria",,"=""0593305825""","=""9780593305829""",0,Delacorte Press,Hardcover,369,2021,2021,,2021/05/09,to-read,to-read (#442),to-read,,,,0,0,,,,,
7171637,"Clockwork Angel (The Infernal Devices, #1)",Cassandra Clare,"Clare, Cassandra",,"=""1416975861""","=""9781416975861""",0,Margaret K. McElderry Books,Hardcover,479,2010,2010,,2021/05/09,to-read,to-read (#441),to-read,,,,0,0,,,,,
29589074,"Truly, Devious (Truly Devious, #1)",Maureen Johnson,"Johnson, Maureen",,"=""""","=""""",0,HarperCollins,Hardcover,416,2018,2018,,2021/05/09,to-read,to-read (#440),to-read,,,,0,0,,,,,
44890081,My Dark Vanessa,Kate Elizabeth Russell,"Russell, Kate Elizabeth",,"=""006294150X""","=""9780062941503""",0,William Morrow,Hardcover,373,2020,2020,,2021/05/09,to-read,to-read (#439),to-read,,,,0,0,,,,,
43575115,The Starless Sea,Erin Morgenstern,"Morgenstern, Erin",,"=""038554121X""","=""9780385541213""",0,Doubleday,Hardcover,498,2019,2019,,2021/05/09,to-read,to-read (#438),to-read,,,,0,0,,,,,
8667848,"A Discovery of Witches (All Souls, #1)",Deborah Harkness,"Harkness, Deborah",,"=""0670022411""","=""9780670022410""",0,Viking Penguin,Hardcover,592,2011,2011,,2021/05/09,to-read,to-read (#437),to-read,,,,0,0,,,,,
50548197,"A Deadly Education (The Scholomance, #1)",Naomi Novik,"Novik, Naomi",,"=""0593128486""","=""9780593128480""",0,Del Rey,Hardcover,320,2020,2020,,2021/05/09,to-read,to-read (#436),to-read,,,,0,0,,,,,
35074096,"Mythos - The Greek Myths Retold (Stephen Fry's Great Mythology, #1)",Stephen Fry,"Fry, Stephen",,"=""0718188721""","=""9780718188726""",0,Michael Joseph,Hardcover,416,2017,2017,,2021/05/09,to-read,to-read (#435),to-read,,,,0,0,,,,,
39917934,Republic of Caste: Thinking Equality in the Time of Neoliberal Hindutva,Anand Teltumbde,"Teltumbde, Anand",,"=""818905984X""","=""9788189059842""",0,Navayana Publishing,Hardcover,432,2018,,,2021/05/09,to-read,to-read (#434),to-read,,,,0,0,,,,,
43615,"The Gunslinger (The Dark Tower, #1)",Stephen  King,"King, Stephen",,"=""""","=""""",0,Plume,Paperback,231,2003,1982,,2021/05/09,to-read,to-read (#433),to-read,,,,0,0,,,,,
43539250,There’s Gunpowder in the Air,Manoranjan Byapari,"Byapari, Manoranjan",Arunava Sinha,"=""""","=""""",0,Eka,Kindle Edition,173,2018,2013,,2021/05/09,to-read,to-read (#432),to-read,,,,0,0,,,,,
21124,"Le deuxième sexe, I",Simone de Beauvoir,"Beauvoir, Simone de",,"=""""","=""""",0,Gallimard,Mass Market Paperback,408,1999,1949,,2021/05/09,to-read,to-read (#431),to-read,,,,0,0,,,,,
21121,She Came to Stay,Simone de Beauvoir,"Beauvoir, Simone de",,"=""0006540805""","=""9780006540809""",0,Flamingo,Paperback,416,1995,1943,,2021/05/09,to-read,to-read (#430),to-read,,,,0,0,,,,,
21119,The Ethics of Ambiguity,Simone de Beauvoir,"Beauvoir, Simone de",Bernard Frechtman,"=""080650160X""","=""9780806501604""",0,Citadel,Paperback,162,2000,1947,,2021/05/09,to-read,to-read (#429),to-read,,,,0,0,,,,,
164006,Memoirs of a Dutiful Daughter,Simone de Beauvoir,"Beauvoir, Simone de",James Kirkup,"=""0060825197""","=""9780060825195""",0,Harper Perennial Modern Classics,Paperback,359,2005,1958,,2021/05/09,to-read,to-read (#428),to-read,,,,0,0,,,,,
457264,The Second Sex,Simone de Beauvoir,"Beauvoir, Simone de","H.M. Parshley, Deirdre Bair","=""0679724516""","=""9780679724513""",0,Vintage,Paperback,746,1989,1949,,2021/05/09,to-read,to-read (#427),to-read,,,,0,0,,,,,
436806,Story of the Eye,Georges Bataille,"Bataille, Georges",Joachim Neugroschel,"=""0872862097""","=""9780872862098""",0,City Lights Publishers,Paperback,103,1987,1928,,2021/05/09,to-read,to-read (#426),to-read,,,,0,0,,,,,
7518598,Manto: Selected Stories,Saadat Hasan Manto,"Manto, Saadat Hasan",Aatish Taseer,"=""8184000499""","=""9788184000498""",0,Random House,Hardcover,130,2008,2003,,2021/05/09,to-read,to-read (#425),to-read,,,,0,0,,,,,
36479936,This Mournable Body,Tsitsi Dangarembga,"Dangarembga, Tsitsi",,"=""1555978126""","=""9781555978129""",0,Graywolf Press,Paperback,284,2018,2018,,2021/05/09,to-read,to-read (#424),to-read,,,,0,0,,,,,
52741293,Shuggie Bain,Douglas   Stuart,"Stuart, Douglas",,"=""0802148042""","=""9780802148049""",0,Grove Press,Hardcover,430,2020,2020,,2021/05/09,to-read,to-read (#423),to-read,,,,0,0,,,,,
7767276,Bridge of Clay,Markus Zusak,"Zusak, Markus",,"=""0385614292""","=""9780385614290""",0,Doubleday,Hardcover,464,2018,2018,,2021/05/09,to-read,to-read (#422),to-read,,,,0,0,,,,,
1028853,The Carnivorous Lamb,Agustín Gómez Arcos,"Arcos, Agustín Gómez",Sharon G. Feldman,"=""1551522306""","=""9781551522302""",0,Arsenal Pulp Press,Paperback,288,2007,1975,,2021/05/08,to-read,to-read (#421),to-read,,,,0,0,,,,,
197739,How to Read Donald Duck: Imperialist Ideology in the Disney Comic,Ariel Dorfman,"Dorfman, Ariel",Armand Mattelart,"=""0884770230""","=""9780884770237""",0,Intl General,Paperback,120,1984,1971,,2021/05/08,to-read,to-read (#420),to-read,,,,0,0,,,,,
53138081,The Four Winds,Kristin Hannah,"Hannah, Kristin",,"=""1250178606""","=""9781250178602""",0,St. Martin's Press,Hardcover,464,2021,2021,,2021/05/08,to-read,to-read (#419),to-read,,,,0,0,,,,,
3867,The History of Love,Nicole Krauss,"Krauss, Nicole",,"=""0393328627""","=""9780393328622""",0,W. W. Norton & Company,Paperback,255,2006,2005,,2021/05/08,to-read,to-read (#418),to-read,,,,0,0,,,,,
13379096,Preface to the Lyrical Ballads,William Wordsworth,"Wordsworth, William",,"=""""","=""""",0,,,,,1800,,2021/05/07,to-read,to-read (#417),to-read,,,,0,0,,,,,
46199,Letters to a Young Poet,Rainer Maria Rilke,"Rilke, Rainer Maria","Franz Xaver Kappus, Reginald Snell","=""0486422453""","=""9780486422459""",5.0,Dover Publications,Paperback,80,2002,1929,2021/05/07,2021/01/23,,,read,It wasn't just the beauty in his words but also the way he thought our existence mattered to us in individual sense that made me a fan.,,,1,0,"2021-05-06,2021-05-07",Poetry|4662;Classics|3650;Non Fiction|2741;Nonfiction|1369;Philosophy|898;Writing|626,134359,4.26,nonfiction
51108839,The Tainted,Cauvery Madhavan,"Madhavan, Cauvery",,"=""1916467180""","=""9781916467187""",0,HopeRoad,Paperback,284,2020,,,2021/05/07,to-read,to-read (#416),to-read,,,,0,0,,,,,
48577263,No Presents Please: Mumbai Stories,Jayant Kaikini,"Kaikini, Jayant",Tejaswini Niranjana,"=""1948226901""","=""9781948226905""",0,Catapult,Paperback,240,2020,2017,,2021/05/07,to-read,to-read (#415),to-read,,,,0,0,,,,,
54287747,When Stars Rain Down,Angela Jackson-Brown,"Jackson-Brown, Angela",,"=""0785240446""","=""9780785240440""",0,Thomas Nelson,Paperback,368,2021,2021,,2021/05/07,to-read,to-read (#414),to-read,,,,0,0,,,,,
5845,A Bend in the River,V.S. Naipaul,"Naipaul, V.S.",,"=""0330487140""","=""9780330487146""",0,Picador,Paperback,336,2002,1979,,2021/05/07,to-read,to-read (#413),to-read,,,,0,0,,,,,
1342657,Union Street,Pat Barker,"Barker, Pat",,"=""0860682838""","=""9780860682837""",0,Virago,Paperback,265,1982,1982,,2021/05/06,to-read,to-read (#412),to-read,,,,0,0,,,,,
7714,Pygmalion,George Bernard Shaw,"Shaw, George Bernard",,"=""0486282228""","=""9780486282220""",0,Dover Publications,Paperback,82,1994,1913,,2021/05/05,to-read,to-read (#411),to-read,,,,0,0,,,,,
45993356,Portrait of a Drunk,Jérôme Mulot,"Mulot, Jérôme","Jenna  Allen, Olivier Schrauwen, Florent Ruppert","=""1683962893""","=""9781683962892""",0,Fantagraphics,Hardcover,184,2020,2019,,2021/05/05,to-read,to-read (#410),to-read,,,,0,0,,,,,
14741054,Baluta,Daya Pawar,"Pawar, Daya",,"=""""","=""""",0,Granthali ,Paperback,208,1978,1978,,2021/05/05,to-read,to-read (#409),to-read,,,,0,0,,,,,
28634,Immortality,Milan Kundera,"Kundera, Milan",Peter Kussi,"=""057114456X""","=""9780571144563""",0,Faber and Faber,Paperback,400,1998,1990,,2021/05/05,to-read,to-read (#408),to-read,,,,0,0,,,,,
25491,Escape from Freedom,Erich Fromm,"Fromm, Erich",,"=""0805031499""","=""9780805031492""",0,Holt Paperbacks,Paperback,301,1994,1941,,2021/05/04,to-read,to-read (#407),to-read,,,,0,0,,,,,
129503,The Origins and History of Consciousness,Erich Neumann,"Neumann, Erich","C.G. Jung, R.F.C. Hull","=""0691017611""","=""9780691017617""",0,Princeton University Press,Paperback,493,1970,1949,,2021/05/04,to-read,to-read (#406),to-read,,,,0,0,,,,,
53062854,A Guide For Working Breeds,Vina Jie-Min Prasad,"Prasad, Vina Jie-Min",,"=""""","=""""",0,Tor.com,ebook,30,2020,2020,,2021/05/03,to-read,to-read (#405),to-read,,,,0,0,,,,,
43822024,"The Toll (Arc of a Scythe, #3)",Neal Shusterman,"Shusterman, Neal",,"=""1481497065""","=""9781481497060""",4.0,Simon & Schuster Books for Young Readers,Hardcover,625,2019,2019,2021/05/03,2021/04/05,,,read,🖤🖤🖤,,,1,0,"2021-05-03,2021-05-03",Young Adult|2077;Fantasy|1943;Dystopian|1913;Sci Fi|1729;Science Fiction|1351;Ya|1192;Books I Own|1120;Dystopia|1011;Fiction|785;Series|639;Audiobooks|383;Owned Books|359;Romance|289;My Library|241;Scifi|236;Audible|234;Bookshelf|226;Owned Tbr|222,187171,4.15,fiction
55904454,"While We Were Dating (The Wedding Date, #6)",Jasmine Guillory,"Guillory, Jasmine",,"=""0593100840""","=""9780593100844""",0,Berkley Books,Hardcover,336,2021,2021,,2021/05/03,to-read,to-read (#404),to-read,,,,0,0,,,,,
12021,The Crow Road,Iain Banks,"Banks, Iain",,"=""""","=""""",0,Abacus,Paperback,512,1993,1992,,2021/05/03,to-read,to-read (#403),to-read,,,,0,0,,,,,
33555224,"Thunderhead (Arc of a Scythe, #2)",Neal Shusterman,"Shusterman, Neal",,"=""1442472456""","=""9781442472457""",5.0,Simon & Schuster Books for Young Readers,Hardcover,504,2018,2018,2021/05/03,2021/04/05,,,read,I hate cliff hangers!!,,,1,0,"2021-05-02,2021-05-03",Young Adult|2867;Fantasy|2630;Dystopian|2496;Sci Fi|2130;Science Fiction|1707;Ya|1628;Books I Own|1350;Dystopia|1312;Fiction|1029;Series|770;Audiobooks|495;Owned Books|427;5 Stars|322;Romance|300,253227,4.37,fiction
23256404,Tales of Fosterganj,Ruskin Bond,"Bond, Ruskin",,"=""""","=""""",0,Aleph Book Company PVT Ltd,Kindle Edition,153,2014,2014,,2021/05/02,to-read,to-read (#402),to-read,,,,0,0,,,,,
15722490,"UnStrung (Unwind, #1.5)",Neal Shusterman,"Shusterman, Neal",Michelle Knowlden,"=""""","=""""",0,Simon & Schuster Books for Young Readers,ebook,60,2012,2012,,2021/05/02,to-read,to-read (#401),to-read,,,,0,0,,,,,
25551332,"UnBound (Unwind, #4.5)",Neal Shusterman,"Shusterman, Neal","Brendan Shusterman, Jarrod Shusterman, Michelle Knowlden, Terry  Black","=""""","=""""",0,Simon & Schuster,Hardcover,305,2015,2015,,2021/05/02,to-read,to-read (#400),to-read,,,,0,0,,,,,
13545075,"UnWholly (Unwind, #2)",Neal Shusterman,"Shusterman, Neal",,"=""""","=""""",0,Simon & Schuster Books for Young Readers,ebook,416,2012,2012,,2021/05/02,to-read,to-read (#399),to-read,,,,0,0,,,,,
12792658,"UnSouled (Unwind, #3)",Neal Shusterman,"Shusterman, Neal",,"=""147111810X""","=""9781471118104""",0,Simon & Schuster UK,Paperback,404,2013,2013,,2021/05/02,to-read,to-read (#399),to-read,,,,0,0,,,,,
17950614,"UnDivided (Unwind, #4)",Neal Shusterman,"Shusterman, Neal",,"=""""","=""""",0,Simon & Schuster,Hardcover,372,2014,2014,,2021/05/02,to-read,to-read (#398),to-read,,,,0,0,,,,,
764347,"Unwind (Unwind, #1)",Neal Shusterman,"Shusterman, Neal",,"=""""","=""""",0,Simon & Schuster Books for Young Readers,Hardcover,337,2007,2007,,2021/05/02,to-read,to-read (#397),to-read,,,,0,0,,,,,
44421460,"Before the Coffee Gets Cold (Before the Coffee Gets Cold, #1)",Toshikazu Kawaguchi,"Kawaguchi, Toshikazu",Geoffrey Trousselot,"=""1529029589""","=""9781529029581""",0,Picador,Paperback,213,2019,2015,,2021/05/02,to-read,to-read (#396),to-read,,,,0,0,,,,,
28954189,"Scythe (Arc of a Scythe, #1)",Neal Shusterman,"Shusterman, Neal",,"=""""","=""""",5.0,Simon & Schuster Books for Young Readers,Hardcover,435,2016,2016,2021/05/02,2021/04/05,,,read,Just pure beauty of exquisite writing. 🖤,,,1,0,"2021-05-02,2021-05-02",Fantasy|7085;Young Adult|5668;Dystopian|4885;Sci Fi|4028;Ya|3589;Science Fiction|3207;Dystopia|2677;Books I Own|2584;Fiction|2331;Series|1592;Audiobooks|747;Romance|732;Owned Books|728,445354,4.32,fiction
26856502,"Vengeful (Villains, #2)",V.E. Schwab,"Schwab, V.E.",Victoria Schwab,"=""""","=""""",0,Tor,Kindle Edition,462,2018,2018,,2021/05/01,to-read,to-read (#395),to-read,,,,0,0,,,,,
49977811,Swimming in the Dark,Tomasz Jedrowski,"Jedrowski, Tomasz",,"=""006289000X""","=""9780062890009""",0,William Morrow,Hardcover,191,2020,2020,,2021/05/01,to-read,to-read (#394),to-read,,,,0,0,,,,,
52578297,"The Midnight Library (The Midnight World, #1)",Matt Haig,"Haig, Matt",,"=""0525559477""","=""9780525559474""",3.0,Viking,Hardcover,288,2020,2020,2021/04/30,2021/03/08,,,read,"A self-help book under the guise of fiction and I loathe self-help books, but this had a good basis in the story as such.",,,1,0,"2021-04-30,2021-04-30",Fiction|18979;Fantasy|13524;Book Club|7201;Books I Own|4372;Contemporary|3721;Audiobooks|3570;Magical Realism|3199;Science Fiction|1947,2683377,3.97,fiction
38215445,Peace Has Come,Parismita Singh,"Singh, Parismita",,"=""9386850508""","=""9789386850508""",0,Context,Hardcover,200,2018,,,2021/05/01,to-read,to-read (#393),to-read,,,,0,0,,,,,
17810,In the Miso Soup,Ryū Murakami,"Murakami, Ryū",Ralph McCarthy,"=""014303569X""","=""9780143035695""",0,Penguin,Paperback,217,2006,1997,,2021/05/01,to-read,to-read (#392),to-read,,,,0,0,,,,,
40545212,"The Satapur Moonstone (Perveen Mistry, #2)",Sujata Massey,"Massey, Sujata",,"=""161695910X""","=""9781616959104""",0,"Soho Press, Incorporated",Kindle Edition,360,2019,2019,,2021/05/01,to-read,to-read (#391),to-read,,,,0,0,,,,,
52252715,Women Don't Owe You Pretty,Florence Given,"Given, Florence",,"=""1788402278""","=""""",0,Cassell,Kindle Edition,193,2020,2020,,2021/04/30,to-read,to-read (#390),to-read,,,,0,0,,,,,
53438824,Whereabouts,Jhumpa Lahiri,"Lahiri, Jhumpa",,"=""0593318315""","=""9780593318317""",0,Alfred A. Knopf,Hardcover,157,2021,2018,,2021/04/29,to-read,to-read (#389),to-read,,,,0,0,,,,,
3876,The Sun Also Rises,Ernest Hemingway,"Hemingway, Ernest",,"=""""","=""""",0,Pan Books,Paperback,189,1957,1926,,2021/04/29,to-read,to-read (#388),to-read,,,,0,0,,,,,
53835,The Age of Innocence,Edith Wharton,"Wharton, Edith",Maureen Howard,"=""159308143X""","=""9781593081430""",0,Barnes & Noble Classics,Paperback,293,2004,1920,,2021/04/29,to-read,to-read (#387),to-read,,,,0,0,,,,,
45195,A Passage to India,E.M. Forster,"Forster, E.M.","Oliver Stallybrass, Pankaj Mishra","=""014144116X""","=""9780141441160""",0,Penguin Books,Paperback,376,2005,1924,,2021/04/29,to-read,to-read (#386),to-read,,,,0,0,,,,,
31920820,Priestdaddy,Patricia Lockwood,"Lockwood, Patricia",,"=""1594633738""","=""9781594633737""",0,Riverhead Books,Hardcover,336,2017,2017,,2021/04/29,to-read,to-read (#385),to-read,,,,0,0,,,,,
31680189,The Liberation of Sita,Volga,"Volga, Volga",,"=""9351772489""","=""9789351772484""",0,Harper Perennial,Paperback,132,2016,2016,,2021/04/29,to-read,to-read (#384),to-read,,,,0,0,,,,,
53369488,How the One-Armed Sister Sweeps Her House,Cherie  Jones,"Jones, Cherie",,"=""0316536989""","=""9780316536981""",0,"Little, Brown and Company",Hardcover,278,2021,2021,,2021/04/29,to-read,to-read (#383),to-read,,,,0,0,,,,,
48890225,"Detransition, Baby",Torrey Peters,"Peters, Torrey",,"=""0593133374""","=""9780593133378""",0,One World,Hardcover,337,2021,2021,,2021/04/29,to-read,to-read (#382),to-read,,,,0,0,,,,,
30267604,Ghachar Ghochar,Vivek Shanbhag,"Shanbhag, Vivek",Srinath Perur,"=""014311168X""","=""9780143111689""",0,Penguin Books,Paperback,118,2017,2013,,2021/04/29,to-read,to-read (#381),to-read,,,,0,0,,,,,
51933429,The Guest List,Lucy Foley,"Foley, Lucy",,"=""""","=""""",0,William Morrow,Hardcover,330,2020,2020,,2021/04/29,to-read,to-read (#380),to-read,,,,0,0,,,,,
52516332,Clap When You Land,Elizabeth Acevedo,"Acevedo, Elizabeth",,"=""0062882767""","=""9780062882769""",0,HarperTeen ,Hardcover,432,2020,2020,,2021/04/29,to-read,to-read (#379),to-read,,,,0,0,,,,,
45017402,Painless,Rich  Larson,"Larson, Rich",,"=""1250224306""","=""9781250224309""",0,Tor Books,Kindle Edition,24,2019,2019,,2021/04/29,to-read,to-read (#378),to-read,,,,0,0,,,,,
7815,The Year of Magical Thinking,Joan Didion,"Didion, Joan",,"=""1400078431""","=""9781400078431""",0,Knopf Doubleday Publishing Group,Paperback,227,2007,2005,,2021/04/29,to-read,to-read (#377),to-read,,,,0,0,,,,,
24737690,A Million Years in a Day: A Curious History of Daily Life,Greg  Jenner,"Jenner, Greg",,"=""""","=""""",0,Weidenfeld & Nicolson,Kindle Edition,369,2015,2015,,2021/04/29,to-read,to-read (#376),to-read,,,,0,0,,,,,
13562662,The Book of Barely Imagined Beings: A 21st Century Bestiary,Caspar Henderson,"Henderson, Caspar",Golbanou Moghaddas,"=""184708172X""","=""9781847081728""",0,Granta Books,Hardcover,427,2012,2012,,2021/04/29,to-read,to-read (#375),to-read,,,,0,0,,,,,
4649,Selected Letters 1917-1961,Ernest Hemingway,"Hemingway, Ernest",Carlos Baker,"=""0743246896""","=""9780743246897""",0,Scribner,Hardcover,976,2003,1981,,2021/04/28,to-read,to-read (#374),to-read,,,,0,0,,,,,
7726420,How to Live Safely in a Science Fictional Universe,Charles Yu,"Yu, Charles",,"=""0307379205""","=""9780307379207""",0,Pantheon,Hardcover,256,2010,2010,,2021/04/28,to-read,to-read (#372),to-read,,,,0,0,,,,,
223380,Stories of Your Life and Others,Ted Chiang,"Chiang, Ted",,"=""0330426648""","=""9780330426640""",5.0,Small Beer Press,ebook,281,2010,2002,2021/04/28,2021/03/09,,,read,"Each story was a well crafted piece of art, science and philosophy.",,,1,0,"2021-03-11,2021-04-28",Short Stories|4373;Sci Fi|4344;Science Fiction|4080;Fiction|3190;Fantasy|956;Scifi|933,133016,4.25,fiction
54396154,Karejwa,Varun Grover,"Grover, Varun","Ankit Kapoor, Sumit Kumar, Adhiraj Singh","=""8196611994""","=""8196611996""",0,Bakarmax,Hardcover,162,2020,2020,,2021/04/27,to-read,to-read (#371),to-read,,,,0,0,,,,,
189989,Finite and Infinite Games: A Vision of Life as Play and Possibility,James P. Carse,"Carse, James P.",,"=""0345341848""","=""9780345341846""",0,Ballantine,Mass Market Paperback,180,1987,1986,,2021/04/27,to-read,to-read (#370),to-read,,,,0,0,,,,,
18635113,Elizabeth Is Missing,Emma Healey,"Healey, Emma",,"=""0062309668""","=""9780062309662""",0,Harper,Hardcover,320,2014,2014,,2021/04/26,to-read,to-read (#369),to-read,,,,0,0,,,,,
35068416,Whistle in the Dark,Emma Healey,"Healey, Emma",,"=""0062309749""","=""9780062309747""",0,Harper,ebook,352,2018,2018,,2021/04/26,to-read,to-read (#368),to-read,,,,0,0,,,,,
53138197,Of Women and Salt,Gabriela  Garcia,"Garcia, Gabriela",,"=""1250776686""","=""9781250776686""",0,Flatiron Books,Hardcover,207,2021,2021,,2021/04/26,to-read,to-read (#367),to-read,,,,0,0,,,,,
15849749,Goat Days,Benyamin,"Benyamin, Benyamin",Joseph Koyippally,"=""0143416332""","=""9780143416333""",0,Penguin Books,Paperback,255,2012,2008,,2021/04/26,to-read,to-read (#366),to-read,,,,0,0,,,,,
12031532,The Garden of Evening Mists,Tan Twan Eng,"Eng, Tan Twan",,"=""1905802498""","=""9781905802494""",0,Myrmidon,Hardcover,448,2011,2011,,2021/04/26,to-read,to-read (#365),to-read,,,,0,0,,,,,
15752549,Chronicle of a Corpse Bearer,Cyrus Mistry,"Mistry, Cyrus",,"=""8192328058""","=""9788192328058""",0,Aleph Book Company,Hardcover,224,2012,2012,,2021/04/26,to-read,to-read (#364),to-read,,,,0,0,,,,,
6905480,Ilustrado,Miguel Syjuco,"Syjuco, Miguel",,"=""0374174784""","=""9780374174781""",0,"Farrar, Straus and Giroux",Hardcover,320,2010,2008,,2021/04/26,to-read,to-read (#363),to-read,,,,0,0,,,,,
42198554,Surviving the White Gaze: A Memoir,Rebecca Carroll,"Carroll, Rebecca",,"=""""","=""""",0,Simon & Schuster,Paperback,320,2021,2021,,2021/04/25,to-read,to-read (#362),to-read,,,,0,0,,,,,
247998,Satori In Paris,Jack Kerouac,"Kerouac, Jack",,"=""0586091181""","=""9780586091180""",0,HarperCollins Publishers,Paperback,109,1991,1966,,2021/04/25,to-read,to-read (#360),to-read,,,,0,0,,,,,
25899336,When Breath Becomes Air,Paul Kalanithi,"Kalanithi, Paul",Abraham   Verghese,"=""0812988418""","=""9780812988413""",4.0,Random House,Kindle Edition,208,2016,2016,2021/04/25,2021/04/24,,,read,I don't have words.,,,1,0,"2021-04-24,2021-04-25",Non Fiction|10712;Memoir|6308;Nonfiction|4892;Biography|2670;Memoirs|2213;Medicine|1839;Book Club|1665;Audiobooks|1353;Medical|1263,854659,4.41,nonfiction
730139,Gravity and Grace,Simone Weil,"Weil, Simone","Gustave Thibon, Emma Crawford, Mario von der Ruhr","=""0415290015""","=""9780415290012""",0,Routledge,Paperback,224,2002,1947,,2021/04/25,to-read,to-read (#359),to-read,,,,0,0,,,,,
38907337,The Itch You Can't Scratch,Sumit   Kumar,"Kumar, Sumit","Anant Singh, Adhiraj Singh","=""""","=""""",0,Horizon Books,Kindle Edition,180,2017,2017,,2021/04/25,to-read,to-read (#358),to-read,,,,0,0,,,,,
46129024,We Need New Stories,Nesrine Malik,"Malik, Nesrine",,"=""1474610404""","=""9781474610407""",0,Weidenfeld & Nicolson,Hardcover,288,2022,2021,,2021/04/25,to-read,to-read (#357),to-read,,,,0,0,,,,,
30555488,The Underground Railroad,Colson Whitehead,"Whitehead, Colson",,"=""0385542364""","=""9780385542364""",0,Doubleday,Hardcover,306,2016,2016,,2021/04/25,to-read,to-read (#356),to-read,,,,0,0,,,,,
41880044,The Most Fun We Ever Had,Claire Lombardo,"Lombardo, Claire",,"=""0385544251""","=""9780385544252""",0,Doubleday,Hardcover,532,2019,2019,,2021/04/25,to-read,to-read (#355),to-read,,,,0,0,,,,,
1503988,Religio Medici,Thomas Browne,"Browne, Thomas",,"=""1406792144""","=""9781406792140""",0,Pomona Press,Paperback,104,2006,1643,,2021/04/24,to-read,to-read (#354),to-read,,,,0,0,,,,,
49286,How We Die: Reflections of Life's Final Chapter,Sherwin B. Nuland,"Nuland, Sherwin B.",,"=""0679742441""","=""9780679742449""",0,Vintage,Paperback,278,1995,1994,,2021/04/24,to-read,to-read (#353),to-read,,,,0,0,,,,,
43706466,10 Minutes 38 Seconds in This Strange World,Elif Shafak,"Shafak, Elif",,"=""0241293863""","=""9780241293867""",0,Viking,Hardcover,312,2019,2019,,2021/04/24,to-read,to-read (#352),to-read,,,,0,0,,,,,
25365,Out,Natsuo Kirino,"Kirino, Natsuo",,"=""1400078377""","=""9781400078370""",2.0,Vintage,Paperback,400,2005,1997,2021/04/24,2021/04/04,,,read,Disgusting.,,,1,0,"2021-04-22,2021-04-24",Fiction|1175;Thriller|927;Japan|827;Mystery|674;Horror|615;Japanese|545;Crime|514;Japanese Literature|389;Mystery Thriller|291;Books I Own|234;Translated|223;Japanese Lit|221;Asia|168;Asian|143;Contemporary|129,51950,3.93,fiction
57520383,The Sound Inside,Adam Rapp,"Rapp, Adam","Mary-Louise Parker, Will Hochman, David Cromer","=""""","=""""",0,Audible Originals,Audible Audio,,2021,2020,,2021/04/23,to-read,to-read (#351),to-read,,,,0,0,,,,,
23317538,Rising Strong: The Reckoning. The Rumble. The Revolution,Brené Brown,"Brown, Brené",,"=""0812995821""","=""9780812995824""",0,Random House,Hardcover,336,2015,2015,,2021/04/23,to-read,to-read (#350),to-read,,,,0,0,,,,,
30594,"Speak, Memory",Vladimir Nabokov,"Nabokov, Vladimir",,"=""""","=""""",0,Penguin,Paperback,255,2000,1966,,2021/04/23,to-read,to-read (#349),to-read,,,,0,0,,,,,
15710982,Letters to Vera,Vladimir Nabokov,"Nabokov, Vladimir","Olga Voronina, Brian Boyd","=""0141192232""","=""9780141192239""",0,Penguin Classics,Hardcover,864,2014,2014,,2021/04/23,to-read,to-read (#348),to-read,,,,0,0,,,,,
77289,The Wind's Twelve Quarters,Ursula K. Le Guin,"Guin, Ursula K. Le",,"=""055302907X""","=""9780553029079""",0,Bantam,Mass Market Paperback,277,1976,1975,,2021/04/23,to-read,to-read (#347),to-read,,,,0,0,,,,,
4588,Extremely Loud & Incredibly Close,Jonathan Safran Foer,"Foer, Jonathan Safran",,"=""0618711651""","=""9780618711659""",0,Mariner Books Classics,Paperback,326,2006,2005,,2021/04/23,to-read,to-read (#346),to-read,,,,0,0,,,,,
43893870,Milk Blood Heat,Dantiel W. Moniz,"Moniz, Dantiel W.",,"=""0802158153""","=""9780802158154""",0,Grove/Atlantic,Hardcover,208,2021,2021,,2021/04/22,to-read,to-read (#345),to-read,,,,0,0,,,,,
338327,The Boat of a Million Years,Poul Anderson,"Anderson, Poul",,"=""0765310244""","=""9780765310248""",0,Tor Books,Paperback,470,2004,1989,,2021/03/11,to-read,to-read (#344),to-read,,,,0,0,,,,,
50214741,The Girl with the Louding Voice,Abi Daré,"Daré, Abi",Ronke Adékoluejo,"=""1524746029""","=""9781524746025""",0,Dutton Books,Hardcover,371,2020,2020,,2021/04/22,to-read,to-read (#343),to-read,,,,0,0,,,,,
49631287,The Mountains Sing,Nguyễn Phan Quế Mai,"Mai, Nguyễn Phan Quế",,"=""161620818X""","=""9781616208189""",0,Algonquin Books,Hardcover,342,2020,2020,,2021/04/22,to-read,to-read (#342),to-read,,,,0,0,,,,,
31117613,Tin Man,Sarah Winman,"Winman, Sarah",,"=""0755390962""","=""9780755390960""",0,Fisical_Book,Paperback,213,2017,2017,,2021/04/22,to-read,to-read (#341),to-read,,,,0,0,,,,,
17338112,Inheritance,Balli Kaur Jaswal,"Jaswal, Balli Kaur",,"=""1742705472""","=""9781742705477""",0,Sleepers Publishing,Paperback,294,2013,2013,,2021/04/22,to-read,to-read (#340),to-read,,,,0,0,,,,,
7763,The Joy Luck Club,Amy Tan,"Tan, Amy",,"=""""","=""""",0,Penguin (Non-Classics),Paperback,288,2006,1989,,2021/04/22,to-read,to-read (#339),to-read,,,,0,0,,,,,
35702241,"The Shadows Between Us (The Stathos Sisters, #1)",Tricia Levenseller,"Levenseller, Tricia",,"=""1250189969""","=""9781250189967""",0,Feiwel and Friends,Hardcover,326,2020,2020,,2021/04/22,to-read,to-read (#338),to-read,,,,0,0,,,,,
7437,Naked Lunch: The Restored Text,William S. Burroughs,"Burroughs, William S.","James Grauerholz, Barry Miles","=""0802140181""","=""9780802140180""",0,Grove Press,Paperback,289,2004,1959,,2021/04/22,to-read,to-read (#337),to-read,,,,0,0,,,,,
184419,The Man Who Was Thursday: A Nightmare,G.K. Chesterton,"Chesterton, G.K.",Jonathan Lethem,"=""0375757910""","=""9780375757914""",0,Modern Library,Paperback,182,2001,1908,,2021/04/22,to-read,to-read (#336),to-read,,,,0,0,,,,,
9516,"Persepolis: The Story of a Childhood (Persepolis, #1)",Marjane Satrapi,"Satrapi, Marjane",Mattias Ripa,"=""037571457X""","=""9780375714573""",0,Pantheon,Paperback,153,2004,2003,,2021/04/21,to-read,to-read (#335),to-read,,,,0,0,,,,,
13588356,"Daring Greatly: How the Courage to Be Vulnerable Transforms the Way We Live, Love, Parent, and Lead",Brené Brown,"Brown, Brené",,"=""1592407331""","=""9781592407330""",0,Avery,Hardcover,287,2012,2012,,2021/04/21,to-read,to-read (#334),to-read,,,,0,0,,,,,
35036409,"My Brilliant Friend (Neapolitan Novels, #1)",Elena Ferrante,"Ferrante, Elena",Ann Goldstein,"=""""","=""""",0,Penguin Random House ,Paperback,331,2012,2011,,2021/04/21,to-read,to-read (#333),to-read,,,,0,0,,,,,
50979410,Prelude to a Riot,Annie Zaidi,"Zaidi, Annie",,"=""9388292812""","=""9789388292818""",0,Aleph Book Company,Hardcover,184,2019,,,2021/04/21,to-read,to-read (#332),to-read,,,,0,0,,,,,
23876,Of Love and Other Demons,Gabriel García Márquez,"Márquez, Gabriel García",,"=""0517405091""","=""9780517405093""",0,Random House Value Publishing,Paperback,160,1999,1994,,2021/04/20,to-read,to-read (#331),to-read,,,,0,0,,,,,
50607466,"The Henna Artist (The Jaipur Trilogy, #1)",Alka Joshi,"Joshi, Alka",,"=""0778310205""","=""9780778310204""",0,Mira Books,Paperback,384,2020,2020,,2021/04/20,to-read,to-read (#330),to-read,,,,0,0,,,,,
42899180,My Father's Garden,Hansda Sowvendra Shekhar,"Shekhar, Hansda Sowvendra",,"=""9388326229""","=""9789388326223""",0,Speaking Tiger,Hardcover,200,2018,,,2021/04/20,to-read,to-read (#329),to-read,,,,0,0,,,,,
40642323,The Far Field,Madhuri Vijay,"Vijay, Madhuri",,"=""0802128408""","=""9780802128409""",0,Grove Press,Hardcover,432,2019,2019,,2021/04/20,to-read,to-read (#328),to-read,,,,0,0,,,,,
46010896,The City and the Sea: A Novel,Raj Kamal Jha,"Jha, Raj Kamal",,"=""0670090441""","=""9780670090440""",0,HAMISH HAMILTON,Hardcover,240,2019,,,2021/04/20,to-read,to-read (#327),to-read,,,,0,0,,,,,
46033194,Bhaunri,Anukrti Upadhyay,"Upadhyay, Anukrti",,"=""9353570034""","=""9789353570033""",0,Fourth Estate,Paperback,148,2019,2019,,2021/04/20,to-read,to-read (#326),to-read,,,,0,0,,,,,
57155092,I Love You But I've Chosen Darkness,Claire Vaye Watkins,"Watkins, Claire Vaye",,"=""0593330218""","=""9780593330210""",0,Riverhead Books,Hardcover,304,2021,2021,,2021/04/20,to-read,to-read (#325),to-read,,,,0,0,,,,,
50365,"A Suitable Boy (A Bridge of Leaves, #1)",Vikram Seth,"Seth, Vikram",,"=""0060786523""","=""9780060786526""",0,Harper Perennial Modern Classics,Paperback,1474,2005,1993,,2021/04/19,to-read,to-read (#324),to-read,,,,0,0,,,,,
49092851,Amma,Perumal Murugan,"Murugan, Perumal",,"=""9388754875""","=""9789388754873""",0,Eka Books,Paperback,191,2019,,,2021/04/19,to-read,to-read (#323),to-read,,,,0,0,,,,,
44770388,Ib's Endless Search for Satisfaction,Roshan Ali,"Ali, Roshan",,"=""067009238X""","=""9780670092383""",0,India Viking,Hardcover,216,2019,2019,,2021/04/19,to-read,to-read (#322),to-read,,,,0,0,,,,,
45046527,American Dirt,Jeanine Cummins,"Cummins, Jeanine",,"=""""","=""""",0,Flatiron Books,Hardcover,459,2020,2020,,2021/04/19,to-read,to-read (#321),to-read,,,,0,0,,,,,
40772676,Jasmine Days,Benyamin,"Benyamin, Benyamin",Shahnaz Habib,"=""""","=""""",0,Juggernaut Books,Hardcover,264,2018,2014,,2021/04/18,to-read,to-read (#320),to-read,,,,0,0,,,,,
28965131,Behind Her Eyes,Sarah Pinborough,"Pinborough, Sarah",,"=""125011117X""","=""9781250111173""",0,Flatiron Books,Hardcover,307,2017,2017,,2021/04/18,to-read,to-read (#319),to-read,,,,0,0,,,,,
43255,Not Without My Daughter,Betty Mahmoody,"Mahmoody, Betty",,"=""0552152161""","=""9780552152167""",0,Transworld Publishers Ltd,Paperback,528,2004,1987,,2021/04/18,to-read,to-read (#318),to-read,,,,0,0,,,,,
15796700,Americanah,Chimamanda Ngozi Adichie,"Adichie, Chimamanda Ngozi",Jashar Awan,"=""""","=""""",0,Alfred A. Knopf,Hardcover,477,2013,2013,,2021/04/18,to-read,to-read (#317),to-read,,,,0,0,,,,,
45755173,Djinn Patrol on the Purple Line,Deepa Anappara,"Anappara, Deepa",,"=""0593129199""","=""9780593129197""",0,Random House,Hardcover,347,2020,2020,,2021/04/18,to-read,to-read (#316),to-read,,,,0,0,,,,,
14760312,Cobalt Blue,Sachin Kundalkar,"Kundalkar, Sachin",Jerry Pinto,"=""8174865381""","=""9788174865380""",0,Hamish Hamilton,Hardcover,224,2013,2006,,2021/04/18,to-read,to-read (#315),to-read,,,,0,0,,,,,
5211,A Fine Balance,Rohinton Mistry,"Mistry, Rohinton",,"=""140003065X""","=""9781400030651""",5.0,Vintage,Paperback,603,1997,1995,2021/04/17,2021/03/14,,,read,"Some books show you reality, but this one shoved it down my throat. To face the demons of this country, of humanity, isn't something one would want to acknowledge on daily basis even though we go through it every single day. This book showed what it is like to be a human in this God forsaken country.",,,1,0,"2021-04-12,2021-04-17",Fiction|3127;Historical Fiction|1701;India|1374;Book Club|423,165277,4.38,fiction
53489729,Early Morning Riser,Katherine Heiny,"Heiny, Katherine",,"=""052565934X""","=""9780525659341""",0,Knopf,Hardcover,320,2021,2021,,2021/04/16,to-read,to-read (#313),to-read,,,,0,0,,,,,
13530973,Antifragile: Things That Gain from Disorder,Nassim Nicholas Taleb,"Taleb, Nassim Nicholas",,"=""1400067820""","=""9781400067824""",0,Random House,Hardcover,426,2012,2012,,2021/04/16,to-read,to-read (#312),to-read,,,,0,0,,,,,
6851558,"Badass: A Relentless Onslaught of the Toughest Warlords, Vikings, Samurai, Pirates, Gunfighters, and Military Commanders to Ever Live (Badass Series, 1)",Ben Thompson,"Thompson, Ben",,"=""0061749443""","=""9780061749445""",0,William Morrow Paperbacks,Paperback,334,2009,2009,,2021/04/16,to-read,to-read (#311),to-read,,,,0,0,,,,,
36690608,Useless Magic: Lyrics and Poetry,Florence Welch,"Welch, Florence",,"=""0241347939""","=""9780241347935""",0,Fig Tree,Hardcover,288,2018,2018,,2021/04/16,to-read,to-read (#310),to-read,,,,0,0,,,,,
51541496,Luster,Raven Leilani,"Leilani, Raven",,"=""0374194327""","=""9780374194321""",0,"Farrar, Straus and Giroux",Hardcover,227,2020,2020,,2021/04/15,to-read,to-read (#309),to-read,,,,0,0,,,,,
49204960,Perfect on Paper,Sophie Gonzales,"Gonzales, Sophie",,"=""1250769787""","=""9781250769787""",0,Wednesday Books,Hardcover,352,2021,2021,,2021/04/15,to-read,to-read (#308),to-read,,,,0,0,,,,,
16068905,Fangirl,Rainbow Rowell,"Rowell, Rainbow",,"=""""","=""""",0,St. Martin's Griffin,ebook,483,2013,2013,,2021/04/14,to-read,to-read (#307),to-read,,,,0,0,,,,,
12456378,Who were the Shudras?,B.R. Ambedkar,"Ambedkar, B.R.",,"=""""","=""""",0,,,215,1946,1946,,2021/04/13,to-read,to-read (#306),to-read,,,,0,0,,,,,
13397723,"Castes in India: Their Mechanism, Genesis and Development",B.R. Ambedkar,"Ambedkar, B.R.",,"=""""","=""""",0,Evergreen Books,Kindle Edition,36,2011,1916,,2021/04/13,to-read,to-read (#305),to-read,,,,0,0,,,,,
8521879,Annihilation of Caste,B.R. Ambedkar,"Ambedkar, B.R.",,"=""8187190442""","=""9788187190448""",0,Blumoon Books,Paperback,100,2000,1936,,2021/04/13,to-read,to-read (#304),to-read,,,,0,0,,,,,
518204,Pakistan or Partition of India,B.R. Ambedkar,"Ambedkar, B.R.",,"=""0404548016""","=""9780404548018""",0,Ams Pr Inc,,581,1975,1940,,2021/04/13,to-read,to-read (#303),to-read,,,,0,0,,,,,
49239093,"The Evening and the Morning (Kingsbridge, #0)",Ken Follett,"Follett, Ken",,"=""0525954988""","=""9780525954989""",0,Viking,Hardcover,913,2020,2020,,2021/04/13,to-read,to-read (#302),to-read,,,,0,0,,,,,
19547856,"Simon vs. the Homo Sapiens Agenda (Simonverse, #1)",Becky Albertalli,"Albertalli, Becky",,"=""0062348671""","=""9780062348678""",0,Balzer + Bray,Hardcover,320,2015,2015,,2021/04/13,to-read,to-read (#301),to-read,,,,0,0,,,,,
1845,Into the Wild,Jon Krakauer,"Krakauer, Jon",,"=""0385486804""","=""9780385486804""",0,Anchor Books,Paperback,207,1997,1996,,2021/04/13,to-read,to-read (#300),to-read,,,,0,0,,,,,
768496,The Golden Gate,Vikram Seth,"Seth, Vikram",,"=""0679734570""","=""9780679734574""",0,Vintage,Paperback,307,1991,1986,,2021/04/13,to-read,to-read (#299),to-read,,,,0,0,,,,,
53237306,Wound from the Mouth of a Wound,torrin a. greathouse,"greathouse, torrin a.",,"=""1571315276""","=""9781571315274""",0,Milkweed Editions,Paperback,88,2020,2020,,2021/04/13,to-read,to-read (#298),to-read,,,,0,0,,,,,
518469,"I, Pierre Seel, Deported Homosexual: A Memoir of Nazi Terror",Pierre Seel,"Seel, Pierre",,"=""0465045006""","=""9780465045006""",0,Basic Books,Hardcover,186,1995,1994,,2021/04/12,to-read,to-read (#297),to-read,,,,0,0,,,,,
7670,"The Andromeda Strain (Andromeda, #1)",Michael Crichton,"Crichton, Michael",,"=""0060541814""","=""9780060541811""",0,Avon,Mass Market Paperback,327,2003,1969,,2021/04/12,to-read,to-read (#296),to-read,,,,0,0,,,,,
126627,The Ides of March,Thornton Wilder,"Wilder, Thornton",Kurt Vonnegut Jr.,"=""0060088907""","=""9780060088903""",0,Harper Perennial,Paperback,282,2003,1948,,2021/04/12,to-read,to-read (#295),to-read,,,,0,0,,,,,
80660,We Need to Talk About Kevin,Lionel Shriver,"Shriver, Lionel",,"=""006112429X""","=""9780061124297""",0,Harper Perennial,Paperback,400,2006,2003,,2021/04/12,to-read,to-read (#294),to-read,,,,0,0,,,,,
35847912,Colombiano,Rusty Young,"Young, Rusty",,"=""0143781537""","=""9780143781530""",0,Bantam,Paperback,689,2017,2017,,2021/04/12,to-read,to-read (#293),to-read,,,,0,0,,,,,
31548,Of Human Bondage,W. Somerset Maugham,"Maugham, W. Somerset","Maeve Binchy, Benjamin DeMott","=""0451530179""","=""9780451530172""",0,Signet,Mass Market Paperback,684,2007,1915,,2021/04/12,to-read,to-read (#292),to-read,,,,0,0,,,,,
391724,The Black Cat,Edgar Allan Poe,"Poe, Edgar Allan",,"=""1594561753""","=""9781594561757""",0,BookSurge,Paperback,24,2004,1843,,2021/04/12,to-read,to-read (#291),to-read,,,,0,0,,,,,
6820,Number9Dream,David  Mitchell,"Mitchell, David",,"=""0812966929""","=""9780812966923""",0,Random House Trade Paperbacks,Paperback,401,2003,2001,,2021/04/12,to-read,to-read (#290),to-read,,,,0,0,,,,,
42519313,Nothing to See Here,Kevin    Wilson,"Wilson, Kevin",,"=""0062913484""","=""9780062913487""",0,Ecco,ebook,288,2019,2019,,2021/04/12,to-read,to-read (#289),to-read,,,,0,0,,,,,
10576365,"The Darkest Minds (The Darkest Minds, #1)",Alexandra Bracken,"Bracken, Alexandra",,"=""1423157370""","=""9781423157373""",0,Disney Hyperion,Hardcover,488,2012,2012,,2021/04/12,to-read,to-read (#288),to-read,,,,0,0,,,,,
10115,The Memoirs of Cleopatra,Margaret George,"George, Margaret",,"=""0330353829""","=""9780330353823""",0,Pan Books,Paperback,1139,1998,1997,,2021/04/12,to-read,to-read (#287),to-read,,,,0,0,,,,,
68488,"Fool's Errand (Tawny Man, #1)",Robin Hobb,"Hobb, Robin",,"=""""","=""""",0,Voyager,Mass Market Paperback,661,2002,2001,,2021/04/11,to-read,to-read (#286),to-read,,,,0,0,,,,,
9969571,"Ready Player One (Ready Player One, #1)",Ernest Cline,"Cline, Ernest",,"=""030788743X""","=""9780307887436""",3.0,Crown Publishers,Hardcover,480,2011,2011,2021/04/11,2021/04/10,,,read,"Movie had better character motivation than this book, it felt like reading someone's extreme obsession with 80s pop culture with a hint of story here and there. But it was a fun experience, the VR of Oasis seems like a fun place, a universe full of possibilities so maybe I would revisit it someday with the second book but not now. Ernest Cline felt like he was trying to create a fantasy of every salty nerd nice guy come true (I know a few who would relate to the main character xD) but even then book isn't that bad. Some instances of riddle solving were well written while other stuff was just outright fangirling without any context or necessary requirement. The book had a potential to be best dystopian novel and yet it fell to the whims of showoff culture.",,,1,0,"2021-04-10,2021-04-11",Sci Fi|14830;Science Fiction|13645;Fiction|10470;Young Adult|4662;Fantasy|4626;Dystopian|4425;Dystopia|3697;Audiobooks|3028;Books I Own|2651;Scifi|2598;Ya|2287;Book Club|1793;Audio|1556;Adventure|1491,1346541,4.22,fiction
33905006,"When I Hit You: Or, A Portrait of the Writer as a Young Wife",Meena Kandasamy,"Kandasamy, Meena",,"=""1786491265""","=""9781786491268""",0,Atlantic Books,Hardcover,249,2017,2017,,2021/04/11,to-read,to-read (#285),to-read,,,,0,0,,,,,
48837175,Bombay Balchão,Jane Borges,"Borges, Jane",,"=""9388754751""","=""9789388754750""",0,TRANQUEBAR,Hardcover,224,2019,,,2021/04/11,to-read,to-read (#284),to-read,,,,0,0,,,,,
150250,"Glass, Irony and God",Anne Carson,"Carson, Anne",,"=""0811213021""","=""9780811213028""",0,New Directions,Paperback,142,1995,1995,,2021/04/11,to-read,to-read (#283),to-read,,,,0,0,,,,,
51378,Feminist Theory: From Margin to Center,bell hooks,"hooks, bell",,"=""0896082210""","=""9780896082212""",0,South End Press,Mass Market Paperback,174,1984,1984,,2021/04/10,to-read,to-read (#282),to-read,,,,0,0,,,,,
48570454,Transcendent Kingdom,Yaa Gyasi,"Gyasi, Yaa",,"=""""","=""""",0,Knopf,Hardcover,264,2020,2020,,2021/04/10,to-read,to-read (#281),to-read,,,,0,0,,,,,
53029302,"Kiki's Delivery Service (Kiki's Delivery Service, #1)",Eiko Kadono,"Kadono, Eiko","Yuta Onoda, Emily Balistrieri","=""1984896660""","=""9781984896667""",0,Delacorte Press,Hardcover,193,2020,1985,,2021/03/08,to-read,to-read (#280),to-read,,,,0,0,,,,,
13155523,The Alienist,Machado de Assis,"Assis, Machado de",,"=""161219107X""","=""9781612191072""",0,Melville House,Paperback,98,2012,1881,,2021/03/09,to-read,to-read (#279),to-read,,,,0,0,,,,,
23190986,"Edge of Eternity (The Century Trilogy, #3)",Ken Follett,"Follett, Ken",John      Lee,"=""""","=""""",0,Penguin Audio,Audible Audio,36,2014,2014,,2021/04/10,to-read,to-read (#278),to-read,,,,0,0,,,,,
31434883,Eleanor Oliphant Is Completely Fine,Gail Honeyman,"Honeyman, Gail",,"=""0735220689""","=""9780735220683""",0,Pamela Dorman Books / Viking,Hardcover,336,2017,2017,,2021/04/09,to-read,to-read (#277),to-read,,,,0,0,,,,,
24974996,"Dear Martin (Dear Martin, #1)",Nic Stone,"Stone, Nic",,"=""""","=""""",0,Crown Books for Young Readers,Hardcover,208,2017,2017,,2021/04/10,to-read,to-read (#276),to-read,,,,0,0,,,,,
6763231,Galen and the World of Knowledge (Greek Culture in the Roman World),Christopher Gill,"Gill, Christopher","Tim Whitmarsh, John Wilkins","=""0521767512""","=""9780521767514""",0,Cambridge University Press,Hardcover,346,2010,2009,,2021/04/10,to-read,to-read (#275),to-read,,,,0,0,,,,,
445121,The Scientific Revolution,Steven Shapin,"Shapin, Steven",,"=""0226750213""","=""9780226750217""",0,University of Chicago Press,Paperback,232,1998,1996,,2021/04/10,to-read,to-read (#274),to-read,,,,0,0,,,,,
21,A Short History of Nearly Everything,Bill  Bryson,"Bryson, Bill",,"=""076790818X""","=""9780767908184""",0,Crown,Paperback,544,2004,2003,,2021/04/10,to-read,to-read (#272),to-read,,,,0,0,,,,,
4806,Longitude: The True Story of a Lone Genius Who Solved the Greatest Scientific Problem of His Time,Dava Sobel,"Sobel, Dava",Neil Armstrong,"=""0802714625""","=""9780802714626""",0,Walker Books,Hardcover,184,2005,1995,,2021/04/10,to-read,to-read (#271),to-read,,,,0,0,,,,,
7247854,"The Disappearing Spoon: And Other True Tales of Madness, Love, and the History of the World from the Periodic Table of the Elements",Sam Kean,"Kean, Sam",,"=""0316051640""","=""9780316051644""",0,"Little, Brown and Company",Hardcover,394,2010,2010,,2021/04/10,to-read,to-read (#270),to-read,,,,0,0,,,,,
4371507,The Age of Wonder: How the Romantic Generation Discovered the Beauty and Terror of Science,Richard  Holmes,"Holmes, Richard",,"=""0007149522""","=""9780007149520""",0,HarperPress,Hardcover,380,2009,2008,,2021/04/10,to-read,to-read (#268),to-read,,,,0,0,,,,,
9449985,"The Clockwork Universe: Isaac Newton, the Royal Society, and the Birth of the Modern World",Edward Dolnick,"Dolnick, Edward",,"=""006171951X""","=""9780061719516""",0,Harper,Hardcover,378,2011,2011,,2021/04/10,to-read,to-read (#269),to-read,,,,0,0,,,,,
485857,"The Beginnings of Western Science: The European Scientific Tradition in Philosophical, Religious, and Institutional Context, 600 B.C. to A.D. 1450",David C. Lindberg,"Lindberg, David C.",,"=""0226482316""","=""9780226482316""",0,University of Chicago Press,Paperback,455,1992,1992,,2021/04/10,to-read,to-read (#267),to-read,,,,0,0,,,,,
40941,The Scientists: A History of Science Told Through the Lives of Its Greatest Inventors,John Gribbin,"Gribbin, John",Adam Hook,"=""0812967887""","=""9780812967883""",0,Random House Trade Paperbacks,Paperback,647,2004,2002,,2021/04/10,to-read,to-read (#266),to-read,,,,0,0,,,,,
36086,"The Ghost Map: The Story of London's Most Terrifying Epidemic—and How It Changed Science, Cities, and the Modern World",Steven Johnson,"Johnson, Steven",,"=""""","=""""",0,Riverhead Hardcover,Hardcover,299,2006,2006,,2021/04/10,to-read,to-read (#265),to-read,,,,0,0,,,,,
18646,"Galileo's Daughter: A Historical Memoir of Science, Faith and Love",Dava Sobel,"Sobel, Dava",,"=""0140280553""","=""9780140280555""",0,Penguin Books (NYC),Paperback,420,2000,1999,,2021/04/10,to-read,to-read (#264),to-read,,,,0,0,,,,,
23995249,The Invention of Nature: Alexander von Humboldt's New World,Andrea Wulf,"Wulf, Andrea",,"=""038535066X""","=""9780385350662""",0,Knopf,Hardcover,473,2015,2015,,2021/04/10,to-read,to-read (#263),to-read,,,,0,0,,,,,
25014,The Map That Changed the World: William Smith and the Birth of Modern Geology,Simon Winchester,"Winchester, Simon",,"=""0060931809""","=""9780060931803""",0,Perennial,Paperback,329,2002,2001,,2021/04/10,to-read,to-read (#262),to-read,,,,0,0,,,,,
7054123,The Poisoner's Handbook: Murder and the Birth of Forensic Medicine in Jazz Age New York,Deborah Blum,"Blum, Deborah",,"=""1594202435""","=""9781594202438""",0,Penguin Press,Hardcover,319,2010,2010,,2021/04/10,to-read,to-read (#260),to-read,,,,0,0,,,,,
22693086,The Invention of Science: A New History of the Scientific Revolution,David Wootton,"Wootton, David",,"=""006175952X""","=""9780061759529""",0,Harper,Hardcover,784,2015,2015,,2021/04/10,to-read,to-read (#261),to-read,,,,0,0,,,,,
126061,The Double Helix,James D. Watson,"Watson, James D.",,"=""0451037707""","=""9780451037701""",0,Signet Books,Paperback,143,1969,1968,,2021/04/10,to-read,to-read (#259),to-read,,,,0,0,,,,,
11256934,A More Perfect Heaven: How Copernicus Revolutionized the Cosmos,Dava Sobel,"Sobel, Dava",,"=""0802717934""","=""9780802717931""",0,Walker Books,Kindle Edition,273,2011,2011,,2021/04/10,to-read,to-read (#258),to-read,,,,0,0,,,,,
29496512,The Glass Universe: How the Ladies of the Harvard Observatory Took the Measure of the Stars,Dava Sobel,"Sobel, Dava",,"=""0670016950""","=""9780670016952""",0,Viking,Hardcover,336,2016,2016,,2021/04/10,to-read,to-read (#257),to-read,,,,0,0,,,,,
561275,Ingenious Pursuits: Building the Scientific Revolution,Lisa Jardine,"Jardine, Lisa",,"=""0385720017""","=""9780385720014""",0,Knopf Doubleday Publishing Group,Paperback,464,2000,1999,,2021/04/10,to-read,to-read (#254),to-read,,,,0,0,,,,,
7170627,The Emperor of All Maladies: A Biography of Cancer,Siddhartha Mukherjee,"Mukherjee, Siddhartha",,"=""""","=""""",0,Scribner,Hardcover,472,2010,2010,,2021/04/10,to-read,to-read (#256),to-read,,,,0,0,,,,,
22328555,To Explain the World: The Discovery of Modern Science,Steven Weinberg,"Weinberg, Steven",,"=""0062346652""","=""9780062346650""",0,Harper,Hardcover,432,2015,2015,,2021/04/10,to-read,to-read (#255),to-read,,,,0,0,,,,,
16614,"Leviathan and the Air-Pump: Hobbes, Boyle, and the Experimental Life",Steven Shapin,"Shapin, Steven",Simon Schaffer,"=""0691024324""","=""9780691024325""",0,Princeton University Press,Paperback,440,1989,1985,,2021/04/10,to-read,to-read (#253),to-read,,,,0,0,,,,,
10967,"The Fiery Cross (Outlander, #5)",Diana Gabaldon,"Gabaldon, Diana",,"=""0440221668""","=""9780440221661""",0,Dell,Mass Market Paperback,1443,2005,2001,,2021/04/10,to-read,to-read (#252),to-read,,,,0,0,,,,,
40024,"The Alienist (Dr. Laszlo Kreizler, #1)",Caleb Carr,"Carr, Caleb",,"=""0812976142""","=""9780812976144""",0,Random House,Paperback,498,2006,1994,,2021/04/10,to-read,to-read (#251),to-read,,,,0,0,,,,,
546018,Roots: The Saga of an American Family,Alex Haley,"Haley, Alex",,"=""0440174643""","=""9780440174646""",0,Dell,Mass Market Paperback,729,1980,1976,,2021/04/10,to-read,to-read (#250),to-read,,,,0,0,,,,,
26032912,"The Queen of Nothing (The Folk of the Air, #3)",Holly Black,"Black, Holly",,"=""0316310409""","=""9780316310406""",0,"Little, Brown",ebook,321,2019,2019,,2021/04/10,to-read,to-read (#249),to-read,,,,0,0,,,,,
827276,Travel Light,Naomi Mitchison,"Mitchison, Naomi",,"=""1931520143""","=""9781931520140""",0,Peapod Classics,Paperback,135,2005,1952,,2021/04/10,to-read,to-read (#248),to-read,,,,0,0,,,,,
48618216,His Father's Disease: Stories,Aruni Kashyap,"Kashyap, Aruni",,"=""""","=""""",0, Context ,Hardcover,,2019,,,2021/04/09,to-read,to-read (#247),to-read,,,,0,0,,,,,
34497,"The Color of Magic (Discworld, #1; Rincewind, #1)",Terry Pratchett,"Pratchett, Terry",,"=""0060855924""","=""9780060855925""",0,Harper,Paperback,228,2005,1983,,2021/04/09,to-read,to-read (#246),to-read,,,,0,0,,,,,
35133064,"The Widows of Malabar Hill (Perveen Mistry, #1)",Sujata Massey,"Massey, Sujata",,"=""1616957786""","=""9781616957780""",0,Soho Press,Hardcover,385,2018,2018,,2021/04/09,to-read,to-read (#245),to-read,,,,0,0,,,,,
53916141,"The Duke Heist (The Wild Wynchesters, #1)",Erica Ridley,"Ridley, Erica",,"=""1538719525""","=""9781538719527""",0,Forever,Mass Market Paperback,332,2021,2021,,2021/04/08,to-read,to-read (#244),to-read,,,,0,0,,,,,
36337550,The 7½ Deaths of Evelyn Hardcastle,Stuart Turton,"Turton, Stuart",,"=""""","=""""",0,Sourcebooks Landmark,Hardcover,432,2018,2018,,2021/04/08,to-read,to-read (#243),to-read,,,,0,0,,,,,
5439,Interpreter of Maladies,Jhumpa Lahiri,"Lahiri, Jhumpa",,"=""0618101365""","=""9780618101368""",0,Houghton Mifflin Harcourt,Hardcover,198,2000,1999,,2021/04/08,to-read,to-read (#242),to-read,,,,0,0,,,,,
42201431,"The Unhoneymooners (Unhoneymooners, #1)",Christina Lauren,"Lauren, Christina",,"=""1501128035""","=""9781501128035""",0,Gallery Books,Paperback,432,2019,2019,,2021/04/08,to-read,to-read (#241),to-read,,,,0,0,,,,,
30025336,All the Crooked Saints,Maggie Stiefvater,"Stiefvater, Maggie",,"=""0545930804""","=""9780545930802""",0,Scholastic Press,Hardcover,313,2017,2017,,2021/04/08,to-read,to-read (#240),to-read,,,,0,0,,,,,
44778083,"House of Earth and Blood (Crescent City, #1)",Sarah J. Maas,"Maas, Sarah J.",,"=""1635574048""","=""9781635574043""",0,Bloomsbury Publishing,Hardcover,803,2020,2020,,2021/04/08,to-read,to-read (#239),to-read,,,,0,0,,,,,
42925495,Milk Teeth,Amrita Mahale,"Mahale, Amrita",,"=""9387894320""","=""9789387894327""",0,Westland Publications,Paperback,311,2018,2018,,2021/04/08,to-read,to-read (#238),to-read,,,,0,0,,,,,
52933610,Paper Moon,Rehana Munir,"Munir, Rehana",,"=""9353574005""","=""9789353574000""",0,HarperCollins India,Paperback,312,2020,,,2021/04/08,to-read,to-read (#237),to-read,,,,0,0,,,,,
43708884,"The Boy, the Mole, the Fox and the Horse",Charlie Mackesy,"Mackesy, Charlie",,"=""1529105102""","=""9781529105100""",0,Ebury Press,Hardcover,128,2019,2019,,2021/04/07,to-read,to-read (#236),to-read,,,,0,0,,,,,
859495,Look Back in Anger,John Osborne,"Osborne, John",,"=""0140481753""","=""9780140481754""",0,Penguin Books,Paperback,96,1982,1956,,2021/04/07,to-read,to-read (#235),to-read,,,,0,0,,,,,
33385229,"They Both Die at the End (They Both Die at the End, #1)",Adam Silvera,"Silvera, Adam",,"=""0062457799""","=""9780062457790""",4.0,Quill Tree Books,Hardcover,389,2017,2017,2021/04/07,2021/04/06,,,read,Being able to read is a fucking prison.,,,1,0,"2021-04-06,2021-04-07",Romance|6049;Young Adult|5237;Lgbtq|3969;Books I Own|3878;Fiction|3397;Ya|3244;Lgbt|2945;Contemporary|2744;Queer|2316;Lgbtqia|1280;Bookshelf|1130;Audiobooks|962;Fantasy|949;Owned Books|880;On My Shelf|845;Books I Have|841;Sci Fi|804;My Library|774;My Bookshelf|765;Gay|764,909381,3.75,fiction
7235533,"The Way of Kings (The Stormlight Archive, #1)",Brandon Sanderson,"Sanderson, Brandon",,"=""0765326353""","=""9780765326355""",0,Tor Books,Hardcover,1007,2010,2010,,2021/04/07,to-read,to-read (#234),to-read,,,,0,0,,,,,
295,Treasure Island,Robert Louis Stevenson,"Stevenson, Robert Louis",Newell Convers Wyeth,"=""0753453800""","=""9780753453803""",0,Kingfisher,Hardcover,352,2001,1882,,2021/04/06,to-read,to-read (#233),to-read,,,,0,0,,,,,
929,Memoirs of a Geisha,Arthur Golden,"Golden, Arthur",,"=""1400096898""","=""9781400096893""",0,Vintage Books USA,Mass Market Paperback,503,2005,1997,,2021/04/06,to-read,to-read (#232),to-read,,,,0,0,,,,,
17899948,Rebecca,Daphne du Maurier,"Maurier, Daphne du",,"=""0316323705""","=""9780316323703""",0,"Little, Brown and Company",Kindle Edition,449,2013,1938,,2021/04/06,to-read,to-read (#231),to-read,,,,0,0,,,,,
5326,A Christmas Carol,Charles Dickens,"Dickens, Charles",Joe L. Wheeler,"=""1561797464""","=""9781561797462""",0,Bethany House Publishers ,Paperback,184,1999,1843,,2021/04/06,to-read,to-read (#230),to-read,,,,0,0,,,,,
14935,Sense and Sensibility,Jane Austen,"Austen, Jane",Ros Ballaster,"=""0141439661""","=""9780141439662""",0,Penguin Books,Paperback,409,2003,1811,,2021/04/06,to-read,to-read (#228),to-read,,,,0,0,,,,,
18114322,The Grapes of Wrath,John Steinbeck,"Steinbeck, John",,"=""067001690X""","=""9780670016907""",0,Viking,Hardcover,536,2014,1939,,2021/04/06,to-read,to-read (#229),to-read,,,,0,0,,,,,
6969,Emma,Jane Austen,"Austen, Jane",Fiona Stafford,"=""""","=""""",0,Penguin Books,Paperback,474,2003,1815,,2021/04/06,to-read,to-read (#227),to-read,,,,0,0,,,,,
18749,Half of a Yellow Sun,Chimamanda Ngozi Adichie,"Adichie, Chimamanda Ngozi",,"=""1400044162""","=""9781400044160""",0,Knopf,Hardcover,435,2006,2006,,2021/04/06,to-read,to-read (#225),to-read,,,,0,0,,,,,
50398,Northanger Abbey,Jane Austen,"Austen, Jane",Alfred Mac Adam,"=""1593082649""","=""9781593082642""",0,Barnes & Noble Classics,Paperback,260,2005,1817,,2021/04/06,to-read,to-read (#226),to-read,,,,0,0,,,,,
9328,The House of the Spirits,Isabel Allende,"Allende, Isabel",Magda Bogin,"=""0553383809""","=""9780553383805""",0,Dial Press Trade Paperback,Paperback,512,2005,1982,,2021/04/06,to-read,to-read (#224),to-read,,,,0,0,,,,,
76620,"Watership Down (Watership Down, #1)",Richard  Adams,"Adams, Richard",,"=""038039586X""","=""9780380395866""",0,Avon Books,Mass Market Paperback,478,1975,1972,,2021/04/06,to-read,to-read (#223),to-read,,,,0,0,,,,,
44062011,The Passengers,John Marrs,"Marrs, John",,"=""1984806971""","=""9781984806970""",4.0,Berkley,Hardcover,337,2019,2019,2021/04/06,2021/04/05,,,read,It had so much potential to be a battle ground of morals and it did achieve some of it. Really a good thriller.,,,1,0,"2021-04-05,2021-04-06",Thriller|1238;Sci Fi|539;Fiction|445;Science Fiction|432;Mystery Thriller|399;Mystery|318;Audiobooks|273;Thrillers|200;Audio|168;Books I Own|146;Adult|143;Thriller Mystery|135;Book Club|130;Suspense|125,81162,4.05,fiction
12395,Journey to the End of the Night,Louis-Ferdinand Céline,"Céline, Louis-Ferdinand","Ralph Manheim, Angela Cismaş, William T. Vollmann","=""0811216543""","=""9780811216548""",0,New Directions,Paperback,453,2006,1932,,2021/04/06,to-read,to-read (#222),to-read,,,,0,0,,,,,
44436221,Interior Chinatown,Charles Yu,"Yu, Charles",,"=""""","=""""",0,Pantheon,Hardcover,288,2020,2020,,2021/04/06,to-read,to-read (#221),to-read,,,,0,0,,,,,
41071389,The Eighth Life,Nino Haratischwili,"Haratischwili, Nino","Charlotte Collins, Ruth   Martin, Nino Haratischvili","=""191161746X""","=""9781911617464""",0,Scribe UK,Hardcover,944,2019,2014,,2021/04/06,to-read,to-read (#220),to-read,,,,0,0,,,,,
50403464,Dark Archives: A Librarian's Investigation into the Science and History of Books Bound in Human Skin,Megan Rosenbloom,"Rosenbloom, Megan",,"=""0374134707""","=""9780374134709""",0,"Farrar, Straus and Giroux",Hardcover,275,2020,2020,,2021/04/06,to-read,to-read (#219),to-read,,,,0,0,,,,,
32758901,"All Systems Red (The Murderbot Diaries, #1)",Martha Wells,"Wells, Martha",,"=""""","=""""",0,Tor.com,ebook,144,2017,2017,,2021/04/06,to-read,to-read (#218),to-read,,,,0,0,,,,,
54564213,How to Make the World Add Up: Ten Rules for Thinking Differently About Numbers,Tim Harford,"Harford, Tim",,"=""1408712245""","=""9781408712245""",0,The Bridge Street Press,Hardcover,352,2020,2020,,2021/04/06,to-read,to-read (#217),to-read,,,,0,0,,,,,
52196685,The Prettiest Star,Carter Sickels,"Sickels, Carter",,"=""1938235622""","=""9781938235627""",0,Hub City Press,Hardcover,288,2020,2020,,2021/04/05,to-read,to-read (#216),to-read,,,,0,0,,,,,
32075662,"Our Dark Duet (Monsters of Verity, #2)",Victoria Schwab,"Schwab, Victoria",,"=""0062380885""","=""9780062380883""",0,Greenwillow Books,Hardcover,528,2017,2017,,2021/04/05,to-read,to-read (#215),to-read,,,,0,0,,,,,
12832810,Inferno: The Day Victoria Burned,Roger Franklin,"Franklin, Roger",,"=""1921778067""","=""9781921778063""",0,The Slattery Media Group,Paperback,266,2010,2009,,2021/04/05,to-read,to-read (#214),to-read,,,,0,0,,,,,
35604686,The Astonishing Color of After,Emily X.R. Pan,"Pan, Emily X.R.",,"=""""","=""""",0,"Little, Brown Books for Young Readers",Hardcover,462,2018,2018,,2021/04/05,to-read,to-read (#213),to-read,,,,0,0,,,,,
30597,The Hunchback of Notre-Dame,Victor Hugo,"Hugo, Victor","Walter J. Cobb, Lucie Konvičková","=""0451527887""","=""9780451527882""",0,Signet Classics,Paperback,510,2001,1831,,2021/04/05,to-read,to-read (#212),to-read,,,,0,0,,,,,
30288282,The Immortalists,Chloe  Benjamin,"Benjamin, Chloe",,"=""0735213186""","=""9780735213180""",0,G.P. Putnam's Sons,Hardcover,346,2018,2018,,2021/04/05,to-read,to-read (#211),to-read,,,,0,0,,,,,
33294200,The Poet X,Elizabeth Acevedo,"Acevedo, Elizabeth",,"=""""","=""""",0,HarperTeen ,Kindle Edition,368,2018,2018,,2021/04/05,to-read,to-read (#210),to-read,,,,0,0,,,,,
108615,Offshore,Penelope Fitzgerald,"Fitzgerald, Penelope",,"=""0006542565""","=""9780006542568""",0,Harper Perennial,Paperback,140,2003,1979,,2021/04/05,to-read,to-read (#209),to-read,,,,0,0,,,,,
52012902,Eat the Mouth That Feeds You,Carribean Fragoza,"Fragoza, Carribean",,"=""0872868338""","=""9780872868335""",0,City Lights Publishers,Paperback,144,2021,2021,,2021/04/05,to-read,to-read (#208),to-read,,,,0,0,,,,,
56820834,Earth's Wild Music: Celebrating and Defending the Songs of the Natural World,Kathleen Dean Moore,"Moore, Kathleen Dean",,"=""1640093680""","=""9781640093683""",0,Counterpoint,Kindle Edition,272,2021,2021,,2021/04/05,to-read,to-read (#207),to-read,,,,0,0,,,,,
3018539,Death with Interruptions,José Saramago,"Saramago, José",Margaret Jull Costa,"=""0151012741""","=""9780151012749""",0,Houghton Mifflin Harcourt,Hardcover,238,2008,2005,,2021/04/05,to-read,to-read (#206),to-read,,,,0,0,,,,,
576745,Memories of My Melancholy Whores,Gabriel García Márquez,"Márquez, Gabriel García",Edith Grossman,"=""140004460X""","=""9781400044603""",0,Alfred A. Knopf,Hardcover,128,2005,2004,,2021/04/05,to-read,to-read (#205),to-read,,,,0,0,,,,,
81227,Infidel,Ayaan Hirsi Ali,"Ali, Ayaan Hirsi",,"=""0743289684""","=""9780743289689""",0,Free Press,Hardcover,353,2007,2006,,2021/04/05,to-read,to-read (#204),to-read,,,,0,0,,,,,
10746542,The Sense of an Ending,Julian Barnes,"Barnes, Julian",,"=""0224094157""","=""9780224094153""",0,Jonathan Cape,Hardcover,150,2011,2011,,2021/04/05,to-read,to-read (#203),to-read,,,,0,0,,,,,
35959199,Barracoon: The Story of the Last “Black Cargo”,Zora Neale Hurston,"Hurston, Zora Neale","Alice Walker, Deborah G. Plant","=""0062748203""","=""9780062748201""",0,Amistad,Hardcover,171,2018,,,2021/04/05,to-read,to-read (#202),to-read,,,,0,0,,,,,
3683,"The Claiming of Sleeping Beauty (Sleeping Beauty, #1)",A.N. Roquelaure,"Roquelaure, A.N.",Anne Rice,"=""0451176987""","=""9780451176981""",0,New American Library ,Paperback,253,1999,1983,,2021/04/05,to-read,to-read (#201),to-read,,,,0,0,,,,,
43369,God Is Not Great: How Religion Poisons Everything,Christopher Hitchens,"Hitchens, Christopher",,"=""0446579807""","=""9780446579803""",0,Twelve Books,Hardcover,307,2007,2007,,2021/04/05,to-read,to-read (#200),to-read,,,,0,0,,,,,
29780258,Born a Crime: Stories from a South African Childhood,Trevor Noah,"Noah, Trevor",,"=""""","=""""",0,One World,Hardcover,288,2016,2016,,2021/04/05,to-read,to-read (#199),to-read,,,,0,0,,,,,
1129813,Slave,Mende; Lewis Nazer,"Nazer, Mende; Lewis",Damien Lewis,"=""1844081141""","=""9781844081141""",0,Virago Press,Paperback,326,2004,2002,,2021/04/05,to-read,to-read (#198),to-read,,,,0,0,,,,,
40483,"Histoire d'O | Story of O (Story of O, #1)",Pauline Réage,"Réage, Pauline",Sabine d'Estree,"=""0345301110""","=""9780345301116""",0,Ballantine Books,Mass Market Paperback,199,1992,1954,,2021/04/05,to-read,to-read (#197),to-read,,,,0,0,,,,,
45310112,The Other Side,Kim    Holden,"Holden, Kim",,"=""1945443049""","=""9781945443046""",0,Do Epic LLC,Kindle Edition,366,2019,2019,,2021/04/05,to-read,to-read (#196),to-read,,,,0,0,,,,,
42431386,The Bookish Life of Nina Hill,Abbi Waxman,"Waxman, Abbi",,"=""0451491874""","=""9780451491879""",0,Berkley,Paperback,333,2019,2019,,2021/04/05,to-read,to-read (#195),to-read,,,,0,0,,,,,
41443464,The First Girl Child,Amy Harmon,"Harmon, Amy",,"=""1721386971""","=""9781721386970""",0,Brilliance Audio,MP3 CD,391,2019,2019,,2021/04/05,to-read,to-read (#194),to-read,,,,0,0,,,,,
45371,The Pedant in the Kitchen,Julian Barnes,"Barnes, Julian",,"=""1843542404""","=""9781843542407""",0,Atlantic Books,Paperback,136,2004,2003,,2021/04/05,to-read,to-read (#193),to-read,,,,0,0,,,,,
8596570,"West End Girls: The Real Lives, Loves and Friendships of 1940s Soho and its Working Girls",Barbara Tate,"Tate, Barbara",,"=""1409120236""","=""9781409120230""",0,Orion Publishing,Paperback,336,2011,2010,,2021/04/05,to-read,to-read (#192),to-read,,,,0,0,,,,,
18667916,"Nature's Nether Regions: What the Sex Lives of Bugs, Birds, and Beasts Tell Us About Evolution, Biodiversity, and Ourselves",Menno Schilthuizen,"Schilthuizen, Menno",,"=""0670785911""","=""9780670785919""",0,Viking,Hardcover,256,2014,2014,,2021/04/05,to-read,to-read (#191),to-read,,,,0,0,,,,,
818675,Dead Men Do Tell Tales: The Strange and Fascinating Cases of a Forensic Anthropologist,William R. Maples,"Maples, William R.",Michael Browning,"=""0385479689""","=""9780385479684""",0,Crown,Paperback,336,1995,1994,,2021/04/05,to-read,to-read (#190),to-read,,,,0,0,,,,,
7819270,Adventures Among Ants: A Global Safari with a Cast of Trillions,Mark W. Moffett,"Moffett, Mark W.",,"=""0520261992""","=""9780520261990""",0,University of California Press,Hardcover,288,2010,2010,,2021/04/05,to-read,to-read (#189),to-read,,,,0,0,,,,,
60653,"Cows, Pigs, Wars, and Witches: The Riddles of Culture",Marvin Harris,"Harris, Marvin",,"=""0679724680""","=""9780679724681""",0,Vintage,Paperback,288,1989,1974,,2021/04/05,to-read,to-read (#188),to-read,,,,0,0,,,,,
24331373,Sisters in Law: How Sandra Day O'Connor and Ruth Bader Ginsburg Went to the Supreme Court and Changed the World,Linda R. Hirshman,"Hirshman, Linda R.",,"=""0062238469""","=""9780062238467""",0,Harper,Hardcover,390,2015,2015,,2021/04/05,to-read,to-read (#187),to-read,,,,0,0,,,,,
12870468,"Adventures Among Ants, A Global Safari with a Cast of Trillions",Mark W. Moffett,"Moffett, Mark W.",,"=""0520945417""","=""9780520945418""",0,University of California Press,Kindle Edition,288,2010,2010,,2021/04/05,to-read,to-read (#186),to-read,,,,0,0,,,,,
41817500,Aroused: The History of Hormones and How They Control Just About Everything,Randi Hutter Epstein,"Epstein, Randi Hutter",,"=""0393357082""","=""9780393357080""",0,W. W. Norton & Company,Paperback,336,2019,2018,,2021/04/05,to-read,to-read (#185),to-read,,,,0,0,,,,,
32714653,Two in Torquay,Alan Bennett,"Bennett, Alan",,"=""""","=""""",0,BBC Worldwide Limited,Audible Audio,,2009,2003,,2021/04/05,to-read,to-read (#184),to-read,,,,0,0,,,,,
45992796,Everything that Makes Us Human: Case Notes of a Children's Brain Surgeon,Jay Jayamohan,"Jayamohan, Jay",,"=""1789291402""","=""9781789291407""",0,Michael O'Mara,Hardcover,256,2021,2020,,2021/04/05,to-read,to-read (#183),to-read,,,,0,0,,,,,
43212933,Who Says You're Dead? Medical & Ethical Dilemmas for the Curious & Concerned,Jacob M. Appel,"Appel, Jacob M.",,"=""1616209224""","=""9781616209223""",0,Algonquin Books,Hardcover,329,2019,2019,,2021/04/05,to-read,to-read (#182),to-read,,,,0,0,,,,,
28957073,Staying Alive: The Signs That You Have to See a Doctor Right Now (and the Ways to Avoid Having to See One Again),Matthew Hahn,"Hahn, Matthew",,"=""1510713956""","=""9781510713956""",0,Skyhorse,Paperback,292,2017,,,2021/04/05,to-read,to-read (#181),to-read,,,,0,0,,,,,
52190034,When We Do Harm: A Doctor Confronts Medical Error,Danielle Ofri,"Ofri, Danielle",,"=""0807037885""","=""9780807037881""",0,Beacon Press,Hardcover,304,2020,2020,,2021/04/05,to-read,to-read (#180),to-read,,,,0,0,,,,,
18215062,The Last of the Sun,Alan Bennett,"Bennett, Alan",,"=""""","=""""",0,,Unknown Binding,,2002,2002,,2021/04/05,to-read,to-read (#179),to-read,,,,0,0,,,,,
49704819,The Restaurant: A History of Eating Out,William Sitwell,"Sitwell, William",,"=""147117963X""","=""9781471179631""",0,Simon  Schuster UK,Kindle Edition,400,2020,2020,,2021/04/05,to-read,to-read (#178),to-read,,,,0,0,,,,,
49941494,Fake Law: The Truth About Justice in an Age of Lies,The Secret Barrister,"Barrister, The Secret",,"=""1529009944""","=""9781529009941""",0,Picador,Hardcover,400,2020,2020,,2021/04/05,to-read,to-read (#177),to-read,,,,0,0,,,,,
129471,"Among the Lowest of the Dead: The Culture of Capital Punishment (Law, Meaning, And Violence)",David von Drehle,"Drehle, David von",,"=""0472031236""","=""9780472031238""",0,University of Michigan Press,Paperback,496,2006,1994,,2021/04/05,to-read,to-read (#176),to-read,,,,0,0,,,,,
50403455,Metazoa: Animal Life and the Birth of the Mind,Peter Godfrey-Smith,"Godfrey-Smith, Peter",,"=""0374207941""","=""9780374207946""",0,"Farrar, Straus and Giroux",Hardcover,352,2020,2020,,2021/04/05,to-read,to-read (#175),to-read,,,,0,0,,,,,
51199750,"Some Assembly Required: Decoding Four Billion Years of Life, from Ancient Fossils to DNA",Neil Shubin,"Shubin, Neil",,"=""""","=""""",0,Pantheon,Hardcover,267,2020,2020,,2021/04/05,to-read,to-read (#174),to-read,,,,0,0,,,,,
26950,The Custom of the Country,Edith Wharton,"Wharton, Edith",,"=""0143039709""","=""9780143039709""",0,Penguin Books,Paperback,370,2006,1913,,2021/04/05,to-read,to-read (#173),to-read,,,,0,0,,,,,
6493208,The Immortal Life of Henrietta Lacks,Rebecca Skloot,"Skloot, Rebecca",,"=""1400052173""","=""9781400052172""",0,Crown Publishing Group,Hardcover,370,2010,2010,,2021/04/05,to-read,to-read (#172),to-read,,,,0,0,,,,,
1096390,The Uncommon Reader,Alan Bennett,"Bennett, Alan",,"=""0374280967""","=""9780374280963""",4.0,"Farrar, Straus and Giroux",Hardcover,120,2007,2007,2021/04/05,2021/03/10,,,read,So lovely!,,,1,0,"2021-04-05,2021-04-05",Fiction|1926;Books About Books|626;Humor|482;Book Club|278;Humour|255;Contemporary|243;Novella|211,63453,3.73,fiction
41150487,"Red, White & Royal Blue (Red, White & Royal Blue, #1)",Casey McQuiston,"McQuiston, Casey",,"=""1250316774""","=""9781250316776""",3.0,St. Martin's Griffin,Paperback,443,2019,2019,2021/04/05,2021/03/23,,,read,"It was like reading a fan fiction of a world not so different from ours but yet so hopeful and I loved it.  It wasn't just the gay romance (which is kinda my weak point xD) but much more, it was about hope and love that we indeed can change our ways if we made the right choices 🖤🖤",,,1,0,"2021-04-04,2021-04-05",Romance|22528;Lgbtq|7388;Lgbt|5163;Contemporary|4995;Fiction|4634;Queer|4130;Books I Own|4011;Lgbtqia|2585;Young Adult|2391,1283050,4.04,fiction
225750,Selected Poems,Gwendolyn Brooks,"Brooks, Gwendolyn",,"=""0060882964""","=""9780060882969""",0,Harper Perennial Modern Classics,Paperback,161,2006,1963,,2021/04/04,to-read,to-read (#171),to-read,,,,0,0,,,,,
5188251,Bloodchild,Tim Bowler,"Bowler, Tim",,"=""1848415001""","=""9781848415003""",0,"Oxford : Oxford University Press, 2008",Hardcover,339,2008,2008,,2021/04/04,to-read,to-read (#170),to-read,,,,0,0,,,,,
27071490,Homegoing,Yaa Gyasi,"Gyasi, Yaa",,"=""""","=""""",0,Alfred A. Knopf,Hardcover,305,2016,2016,,2021/04/04,to-read,to-read (#169),to-read,,,,0,0,,,,,
92292,The Wicked Pavilion,Dawn Powell,"Powell, Dawn",,"=""1883642396""","=""9781883642396""",0,Steerforth,Paperback,304,1998,1954,,2021/04/03,to-read,to-read (#168),to-read,,,,0,0,,,,,
23389865,Sappho,Sappho,"Sappho, Sappho","Diane J. Rayor, André Lardinois","=""1139908405""","=""9781139908405""",0,Cambridge University Press,Kindle Edition,183,2014,-550,,2021/04/03,to-read,to-read (#167),to-read,,,,0,0,,,,,
8686068,"The Devotion of Suspect X (Detective Galileo, #1)",Keigo Higashino,"Higashino, Keigo","Alexander O. Smith, Elye J. Alexander","=""0312375069""","=""9780312375065""",0,Minotaur Books,Hardcover,298,2011,2005,,2021/04/03,to-read,to-read (#166),to-read,,,,0,0,,,,,
9644,Why I Write,George Orwell,"Orwell, George",,"=""0143036351""","=""9780143036357""",0,Penguin Books,Paperback,120,2005,1946,,2021/04/03,to-read,to-read (#165),to-read,,,,0,0,,,,,
44569827,Dishoom: The first ever cookbook from the much-loved Indian restaurant,Shamil Thakrar,"Thakrar, Shamil","Kavi Thakrar, Naved Nasir","=""1408890674""","=""9781408890677""",0,Bloomsbury Publishing,Hardcover,400,2019,,,2021/04/02,to-read,to-read (#164),to-read,,,,0,0,,,,,
10836,Che Guevara: A Revolutionary Life,Jon Lee Anderson,"Anderson, Jon Lee",,"=""0802135587""","=""9780802135582""",0,Grove Press (NYC),Paperback,814,1998,1997,,2021/04/02,to-read,to-read (#163),to-read,,,,0,0,,,,,
56697028,The Impossible Resurrection of Grief,Octavia Cade,"Cade, Octavia",,"=""1777091764""","=""9781777091767""",0,Stelliform Press,Paperback,82,2021,2021,,2021/04/01,to-read,to-read (#162),to-read,,,,0,0,,,,,
49628,Cloud Atlas,David  Mitchell,"Mitchell, David",,"=""0375507256""","=""9780375507250""",0,Random House,Paperback,509,2004,2004,,2021/04/01,to-read,to-read (#161),to-read,,,,0,0,,,,,
14027,Thousand Cranes,Yasunari Kawabata,"Kawabata, Yasunari",Edward G. Seidensticker,"=""0679762655""","=""9780679762652""",4.0,Vintage,Paperback,147,1996,1952,2021/04/01,2021/03/31,,,read,What is with Japanese books invoking deep human emotions in a very weird way!,,,1,0,"2021-03-31,2021-04-01",Fiction|532;Japan|526;Japanese|377;Japanese Literature|320;Classics|263;Japanese Lit|149;Asia|107;1001 Books|103;Literature|98;Nobel|81;Asian Literature|71;Nobel Prize|71;Novels|68;Romance|67,16698,3.69,fiction
25812109,The Female of the Species,Mindy McGinnis,"McGinnis, Mindy",,"=""""","=""""",0,Katherine Tegen Books,Paperback,368,2016,2016,,2021/04/01,to-read,to-read (#160),to-read,,,,0,0,,,,,
28264135,The Ivory Throne: Chronicles of the House of Travancore,Manu S. Pillai,"Pillai, Manu S.",,"=""9351776433""","=""9789351776437""",0,HarperCollins,Kindle Edition,1138,2016,2016,,2021/04/01,to-read,to-read (#159),to-read,,,,0,0,,,,,
11036,Little Birds,Anaïs Nin,"Nin, Anaïs",,"=""0156029049""","=""9780156029049""",4.0,Mariner Books Classics,Paperback,148,2004,1979,2021/03/31,2021/03/31,,,read,Dhwani has been a bad influence on me when it comes to reading! This book had so many stories written so beautifully that at once you don't feel it as erotica but about different facets of attraction and lust people have. ,,,1,0,"2021-03-31,2021-03-31",Fiction|459;Erotica|417;Short Stories|395;Classics|223;Romance|91;Books I Own|61;Sexuality|52;Erotic|52;French|49;France|48;Literature|46,14577,3.67,fiction
11041813,"The Chicken Chronicles: Sitting with the Angels Who Have Returned with My Memories: Glorious, Rufus, Gertrude Stein, Splendor, Hortensia, Agnes of God, The Gladyses, & Babe",Alice Walker,"Walker, Alice",,"=""159558689X""","=""9781595586896""",0,New Press,Kindle Edition,216,2011,2011,,2021/03/31,to-read,to-read (#158),to-read,,,,0,0,,,,,
22749893,The Bookshop,Penelope Fitzgerald,"Fitzgerald, Penelope",,"=""0544484096""","=""9780544484092""",0,Mariner Books,Paperback,156,2015,1978,,2021/03/31,to-read,to-read (#157),to-read,,,,0,0,,,,,
10538,The Life and Times of the Thunderbolt Kid,Bill  Bryson,"Bryson, Bill",,"=""076791936X""","=""9780767919364""",0,Crown,Hardcover,288,2006,2006,,2021/03/31,to-read,to-read (#156),to-read,,,,0,0,,,,,
26030742,Sharp Ends,Joe Abercrombie,"Abercrombie, Joe",,"=""031639081X""","=""9780316390811""",0,Orbit,Hardcover,290,2016,2016,,2021/03/31,to-read,to-read (#155),to-read,,,,0,0,,,,,
13521459,Red Country,Joe Abercrombie,"Abercrombie, Joe",,"=""0316214442""","=""9780316214445""",0,Orbit,Kindle Edition,469,2012,2012,,2021/03/31,to-read,to-read (#154),to-read,,,,0,0,,,,,
2315892,Best Served Cold,Joe Abercrombie,"Abercrombie, Joe",,"=""0575082453""","=""9780575082458""",0,Gollancz,Hardcover,534,2009,2009,,2021/03/31,to-read,to-read (#149),to-read,,,,0,0,,,,,
9300768,The Heroes,Joe Abercrombie,"Abercrombie, Joe",,"=""0316123358""","=""9780316123358""",0,Orbit,ebook,581,2011,2011,,2021/03/31,to-read,to-read (#153),to-read,,,,0,0,,,,,
944076,"Last Argument of Kings (The First Law, #3)",Joe Abercrombie,"Abercrombie, Joe",,"=""0575077905""","=""9780575077904""",0,Gollancz,Paperback,536,2008,2008,,2021/03/31,to-read,to-read (#152),to-read,,,,0,0,,,,,
902715,"Before They Are Hanged (The First Law, #2)",Joe Abercrombie,"Abercrombie, Joe",,"=""0575077883""","=""9780575077881""",0,Gollancz,Paperback,580,2007,2007,,2021/03/31,to-read,to-read (#151),to-read,,,,0,0,,,,,
944073,"The Blade Itself (The First Law, #1)",Joe Abercrombie,"Abercrombie, Joe",,"=""0575079797""","=""9780575079793""",0,Gollancz,Paperback,515,2007,2006,,2021/03/31,to-read,to-read (#150),to-read,,,,0,0,,,,,
18283207,Strange Weather in Tokyo,Hiromi Kawakami,"Kawakami, Hiromi",Allison Markin Powell,"=""1846275083""","=""9781846275081""",0,Portobello Books,Paperback,176,2013,2001,,2021/03/31,to-read,to-read (#148),to-read,,,,0,0,,,,,
2865440,Cat's Cradle,Kurt Vonnegut Jr.,"Jr., Kurt Vonnegut",,"=""""","=""""",0,Penguin Classics,Paperback,224,2008,1963,,2021/03/29,to-read,to-read (#147),to-read,,,,0,0,,,,,
202677,Disobedience,Naomi Alderman,"Alderman, Naomi",,"=""0743291565""","=""9780743291569""",0,Touchstone,Hardcover,240,2006,2006,,2021/03/21,to-read,to-read (#146),to-read,,,,0,0,,,,,
375144,Songs of Love and War: Afghan Women's Poetry,Sayd Bahodine Majrouh,"Majrouh, Sayd Bahodine","Marjolijn de Jager, André Velter","=""159051081X""","=""9781590510810""",0,Other Press,Paperback,128,2003,1994,,2021/03/21,to-read,to-read (#145),to-read,,,,0,0,,,,,
479572,"Anarchy, State, and Utopia",Robert Nozick,"Nozick, Robert",,"=""0465097200""","=""9780465097203""",0,Basic Books,Paperback,367,1974,1974,,2021/03/21,to-read,to-read (#144),to-read,,,,0,0,,,,,
32709556,The Departure of the Train,Clarice Lispector,"Lispector, Clarice",,"=""""","=""""",0,,ebook,13,,1974,,2021/03/20,to-read,to-read (#143),to-read,,,,0,0,,,,,
40041682,Bombay Brides,Esther David,"David, Esther",,"=""9352779452""","=""9789352779451""",0,HarperCollins,Hardcover,216,2019,,,2021/03/20,to-read,to-read (#141),to-read,,,,0,0,,,,,
24800,House of Leaves,Mark Z. Danielewski,"Danielewski, Mark Z.",,"=""""","=""""",0,Random House,Paperback,709,2000,2000,,2021/03/19,to-read,to-read (#140),to-read,,,,0,0,,,,,
54246977,"A Lady's Formula for Love (The Secret Scientists of London, #1)",Elizabeth  Everett,"Everett, Elizabeth",,"=""0593200624""","=""9780593200629""",0,Berkley,Paperback,322,2021,2021,,2021/03/18,to-read,to-read (#139),to-read,,,,0,0,,,,,
62794,Confessions of a Mask,Yukio Mishima,"Mishima, Yukio",Meredith Weatherby,"=""0720610311""","=""9780720610314""",0,Peter Owen,Paperback,224,1998,1949,,2021/03/18,to-read,to-read (#138),to-read,,,,0,0,,,,,
43451177,Desires Become Demons: Four Tamil Poets,Meena Kandasamy,"Kandasamy, Meena","Malathi Maithri, Salma, Kutti Revathi, Sukirtharani, Lakshmi Holmström","=""1911284266""","=""9781911284260""",0,Tilted Axis Press,Paperback,66,2019,2019,,2021/03/18,to-read,to-read (#137),to-read,,,,0,0,,,,,
12938,King Lear,William Shakespeare,"Shakespeare, William",William James Rolfe,"=""""","=""""",0,Simon & Schuster,Mass Market Paperback,339,2004,1605,,2021/03/18,to-read,to-read (#136),to-read,,,,0,0,,,,,
22056496,Thus Were Their Faces,Silvina Ocampo,"Ocampo, Silvina","Daniel Balderston, Jorge Luis Borges, Helen Oyeyemi","=""1590177673""","=""9781590177679""",0,NYRB Classics,Paperback,354,2015,1988,,2021/03/18,to-read,to-read (#135),to-read,,,,0,0,,,,,
426504,Ficciones,Jorge Luis Borges,"Borges, Jorge Luis","Anthony Kerrigan, Anthony Bonner","=""0802130305""","=""9780802130303""",0,Grove Press,Paperback,174,1994,1944,,2021/03/16,to-read,to-read (#134),to-read,,,,0,0,,,,,
15823480,Anna Karenina,Leo Tolstoy,"Tolstoy, Leo","Aylmer Maude, Louise Maude, Dieter Wellershoff, Bruno Goetz, Lev Tolstoj","=""0345803922""","=""9780345803924""",0,Vintage,Paperback,964,2012,1878,,2021/03/15,to-read,to-read (#133),to-read,,,,0,0,,,,,
53341634,Unsettled Ground,Claire Fuller,"Fuller, Claire",,"=""0241457440""","=""9780241457443""",0,Fig Tree,Hardcover,289,2021,2021,,2021/03/15,to-read,to-read (#132),to-read,,,,0,0,,,,,
38589871,Bitter Orange,Claire Fuller,"Fuller, Claire",,"=""1947793152""","=""9781947793156""",0,Tin House,Hardcover,317,2018,2018,,2021/03/15,to-read,to-read (#131),to-read,,,,0,0,,,,,
902332,Earth and Ashes,Atiq Rahimi,"Rahimi, Atiq",Erdağ M. Göknar,"=""0151006989""","=""9780151006984""",0,Houghton Mifflin Harcourt,Hardcover,81,2002,2000,,2021/03/14,to-read,to-read (#130),to-read,,,,0,0,,,,,
27406704,Britt-Marie Was Here,Fredrik Backman,"Backman, Fredrik",,"=""1501142534""","=""9781501142536""",0,Atria Books,Hardcover,324,2016,2014,,2021/03/14,to-read,to-read (#128),to-read,,,,0,0,,,,,
42833687,Things My Son Needs to Know About the World,Fredrik Backman,"Backman, Fredrik",Alice Menzies,"=""1501196863""","=""9781501196867""",0,Atria Books,Hardcover,208,2019,2012,,2021/03/14,to-read,to-read (#127),to-read,,,,0,0,,,,,
49127718,Anxious People,Fredrik Backman,"Backman, Fredrik",Neil   Smith,"=""198216963X""","=""9781982169633""",5.0,Atria Publishing,Hardcover,336,2019,2019,2021/03/14,2021/02/26,,,read,"Either I am reading really good books or I don't have the heart to rate any book less than 5, I like to think it is the first one. No writer should have the right to make their reader feel this emotional, but I am glad he did. Thank you. 🖤",,,1,0,"2021-03-13,2021-03-14",Fiction|9579;Book Club|3736;Contemporary|3153;Audiobooks|2031;Books I Own|1862;Mystery|1780;Humor|1189;Audio|1149;Literary Fiction|1135,885042,4.16,fiction
39807952,The Little Virtues,Natalia Ginzburg,"Ginzburg, Natalia","Rachel Cusk, Dick Davis","=""1911547151""","=""9781911547150""",0,Daunt Books,Kindle Edition,122,2018,1962,,2021/03/13,to-read,to-read (#126),to-read,,,,0,0,,,,,
35206,Rashōmon and Seventeen Other Stories,Ryūnosuke Akutagawa,"Akutagawa, Ryūnosuke","Jay Rubin, Haruki Murakami, Yoshihiro Tatsumi","=""0143039849""","=""9780143039846""",0,Penguin Classics,Paperback,268,2006,1927,,2021/03/12,to-read,to-read (#125),to-read,,,,0,0,,,,,
581811,Valley of the Dolls,Jacqueline Susann,"Susann, Jacqueline",,"=""0802135196""","=""9780802135193""",0,Grove Press,Paperback,448,1997,1966,,2021/03/11,to-read,to-read (#124),to-read,,,,0,0,,,,,
526869,"Peyton Place (Peyton Place, #1)",Grace Metalious,"Metalious, Grace",Ardis Cameron,"=""1555534007""","=""9781555534004""",0,Northeastern University Press,Paperback,384,1999,1956,,2021/03/11,to-read,to-read (#123),to-read,,,,0,0,,,,,
251688,Breakfast at Tiffany’s and Three Stories,Truman Capote,"Capote, Truman",,"=""""","=""""",0,Vintage Books,Paperback,142,1993,1958,,2021/03/11,to-read,to-read (#122),to-read,,,,0,0,,,,,
62446,The Prince and the Pauper,Mark Twain,"Twain, Mark",Everett Emerson,"=""0451528352""","=""9780451528353""",0,Signet,Paperback,240,2002,1881,,2021/03/11,to-read,to-read (#121),to-read,,,,0,0,,,,,
24583,The Adventures of Tom Sawyer,Mark Twain,"Twain, Mark","Guy Cardwell, John Seelye, Mark Hallaq, Amanda Lee","=""""","=""9780143039563""",0,Penguin Classics,Paperback,244,2006,1876,,2021/03/11,to-read,to-read (#120),to-read,,,,0,0,,,,,
12577,The Collected Stories,Eudora Welty,"Welty, Eudora",,"=""0156189216""","=""9780156189217""",0,Harcourt Brace,Paperback,622,1982,1980,,2021/03/11,to-read,to-read (#118),to-read,,,,0,0,,,,,
12585,The Optimist's Daughter,Eudora Welty,"Welty, Eudora",,"=""037550835X""","=""9780375508356""",0,Random House,Hardcover,180,2002,1972,,2021/03/11,to-read,to-read (#119),to-read,,,,0,0,,,,,
37380,The Heart Is a Lonely Hunter,Carson McCullers,"McCullers, Carson",,"=""0618084746""","=""9780618084746""",0,Mariner Books,Paperback,359,1961,1940,,2021/03/11,to-read,to-read (#117),to-read,,,,0,0,,,,,
46945,Requiem for a Dream,Hubert Selby Jr.,"Jr., Hubert Selby","Darren Aronofsky, Richard Price","=""1560252480""","=""9781560252481""",0,Grand Central Publishing,Paperback,279,1999,1978,,2021/03/10,to-read,to-read (#116),to-read,,,,0,0,,,,,
21787,The Princess Bride,William Goldman,"Goldman, William",,"=""0345418263""","=""9780345418265""",0,Ballantine Books,Paperback,429,2003,1973,,2021/03/10,to-read,to-read (#115),to-read,,,,0,0,,,,,
22463,The Origin of Species,Charles Darwin,"Darwin, Charles",,"=""""","=""""",0,Castle,Hardcover,703,2004,1859,,2021/03/10,to-read,to-read (#114),to-read,,,,0,0,,,,,
112204,The Complete Poems of Emily Dickinson,Emily Dickinson,"Dickinson, Emily","Thomas H. Johnson, Mabel Loomis Todd, Thomas Wentworth Higgins","=""""","=""""",0,"Little, Brown and Company",Paperback,716,1976,1890,,2021/03/10,to-read,to-read (#113),to-read,,,,0,0,,,,,
14891,A Tree Grows in Brooklyn,Betty  Smith,"Smith, Betty",,"=""0061120073""","=""9780061120077""",0,HarperCollins Publishers,Paperback,496,2006,1943,,2021/03/10,to-read,to-read (#112),to-read,,,,0,0,,,,,
5139,"The Devil Wears Prada (The Devil Wears Prada, #1)",Lauren Weisberger,"Weisberger, Lauren",,"=""0307275558""","=""9780307275554""",0,Anchor,Mass Market Paperback,432,2006,2003,,2021/03/10,to-read,to-read (#111),to-read,,,,0,0,,,,,
13372690,"Slammed (Slammed, #1)",Colleen Hoover,"Hoover, Colleen",,"=""""","=""""",0,Colleen Hoover,ebook,317,2012,2012,,2021/03/10,to-read,to-read (#110),to-read,,,,0,0,,,,,
12578077,"Obsidian (Lux, #1)",Jennifer L. Armentrout,"Armentrout, Jennifer L.",,"=""""","=""""",0,Entangled Teen,Paperback,335,2012,2011,,2021/03/10,to-read,to-read (#109),to-read,,,,0,0,,,,,
8564935,"Switched (Trylle, #1)",Amanda Hocking,"Hocking, Amanda",,"=""1453688935""","=""9781453688939""",0,CreateSpace,Paperback,304,2010,2010,,2021/03/10,to-read,to-read (#107),to-read,,,,0,0,,,,,
8705784,"Born at Midnight (Shadow Falls, #1)",C.C. Hunter,"Hunter, C.C.",,"=""0312624670""","=""9780312624675""",0,St. Martin's Griffin,Paperback,398,2011,2011,,2021/03/10,to-read,to-read (#108),to-read,,,,0,0,,,,,
11500217,"Angelfall (Penryn & the End of Days, #1)",Susan Ee,"Ee, Susan",,"=""144477851X""","=""9781444778519""",0,Hodder and Stoughton,Paperback,326,2013,2011,,2021/03/10,to-read,to-read (#106),to-read,,,,0,0,,,,,
10215349,"The Immortal Rules (Blood of Eden, #1)",Julie Kagawa,"Kagawa, Julie",,"=""0373210515""","=""9780373210510""",0,Harlequin Teen,Hardcover,485,2012,2012,,2021/03/10,to-read,to-read (#105),to-read,,,,0,0,,,,,
6382055,"A Dream of Spring (A Song of Ice and Fire, #7)",George R.R. Martin,"Martin, George R.R.",,"=""""","=""""",0,Harper Voyager,Hardcover,,,,,2021/03/10,to-read,to-read (#104),to-read,,,,0,0,,,,,
12111823,"The Winds of Winter (A Song of Ice and Fire, #6)",George R.R. Martin,"Martin, George R.R.",,"=""0002247410""","=""9780002247412""",0,Harper Voyager,Hardcover,,,,,2021/03/10,to-read,to-read (#103),to-read,,,,0,0,,,,,
10614,Misery,Stephen  King,"King, Stephen",,"=""0450417395""","=""9780450417399""",0,New English Library,Paperback,370,1992,1987,,2021/03/10,to-read,to-read (#102),to-read,,,,0,0,,,,,
60748,"A Child Called ""It"" (Dave Pelzer, #1)",Dave Pelzer,"Pelzer, Dave",,"=""""","=""""",0,Health Communications Inc,Paperback,184,1995,1995,,2021/03/10,to-read,to-read (#101),to-read,,,,0,0,,,,,
53915445,"Look At This If You Love Great Art: A critical curation of 100 essential artworks • Packed with links to further reading, listening and viewing to take your enjoyment to the next level",Chloë Ashby,"Ashby, Chloë",,"=""0711256063""","=""9780711256064""",0,Ivy Press,Hardcover,224,2021,,,2021/03/10,to-read,to-read (#100),to-read,,,,0,0,,,,,
18774964,A Man Called Ove,Fredrik Backman,"Backman, Fredrik",Henning Koch,"=""1476738017""","=""9781476738017""",5.0,Atria Books,Hardcover,337,2014,2012,2021/03/10,2021/03/09,,,read,The world needs more books like this.,,,1,0,"2021-03-09,2021-03-10",Fiction|14000;Book Club|6040;Contemporary|3706;Books I Own|2594;Audiobooks|2396;Humor|1691;Audio|1494,1283396,4.38,fiction
149440,Capitalist Patriarchy and the Case for Socialist Feminism,Zillah Eisenstein,"Eisenstein, Zillah",,"=""0853454760""","=""9780853454762""",0,Monthly Review Press,Paperback,394,1979,1978,,2021/03/09,to-read,to-read (#99),to-read,,,,0,0,,,,,
818709,"Women, Culture, and Politics",Angela Y. Davis,"Davis, Angela Y.",,"=""0679724877""","=""9780679724872""",0,Vintage,Paperback,256,1990,1989,,2021/03/09,to-read,to-read (#98),to-read,,,,0,0,,,,,
55840780,The Once and Future Witches,Alix E. Harrow,"Harrow, Alix E.",,"=""0356512479""","=""9780356512471""",0,Orbit,Hardcover,528,2020,2020,,2021/03/03,to-read,to-read (#73),to-read,,,,0,0,,,,,
31450688,Ants Among Elephants: An Untouchable Family and the Making of Modern India,Sujatha Gidla,"Gidla, Sujatha",,"=""0865478112""","=""9780865478114""",0,"Farrar, Straus and Giroux",Hardcover,320,2017,2017,,2021/03/09,to-read,to-read (#97),to-read,,,,0,0,,,,,
14760608,Love and Honour and Pity and Pride and Compassion and Sacrifice,Nam Le,"Le, Nam",,"=""1742535798""","=""9781742535791""",0,Penguin Group (Australia),Kindle Edition,20,2012,2012,,2021/03/09,to-read,to-read (#96),to-read,,,,0,0,,,,,
52782536,Land of Big Numbers,Te-Ping Chen,"Chen, Te-Ping",,"=""0358272556""","=""9780358272557""",0,Mariner Books,Paperback,233,2021,2021,,2021/03/09,to-read,to-read (#95),to-read,,,,0,0,,,,,
47212,"Storm Front (The Dresden Files, #1)",Jim  Butcher,"Butcher, Jim",,"=""0451457811""","=""9780451457813""",0,Penguin ROC,Mass Market Paperback,372,2000,2000,,2021/03/08,to-read,to-read (#94),to-read,,,,0,0,,,,,
10959,Sophie’s World,Jostein Gaarder,"Gaarder, Jostein",Paulette Møller,"=""1857993284""","=""9781857993288""",5.0,Phoenix,Paperback,403,1995,1991,2021/03/08,2021/01/23,,,read,A cleverly written book about the mysterious of this  horrifying yet mysterious human existence 🖤,,,1,0,"2021-03-04,2021-03-08",Philosophy|7708;Fiction|4196;Classics|996;Books I Own|836,292400,3.97,fiction
807673,Averno: Poems,Louise Glück,"Glück, Louise",,"=""0374107424""","=""9780374107420""",0,"Farrar, Straus and Giroux",Hardcover,76,2006,2006,,2021/03/08,to-read,to-read (#93),to-read,,,,0,0,,,,,
53375824,Lore,Alexandra Bracken,"Bracken, Alexandra",,"=""1484778200""","=""9781484778203""",0,Disney Hyperion,Hardcover,480,2021,2021,,2021/03/07,to-read,to-read (#92),to-read,,,,0,0,,,,,
34448062,The Empty Room,Sadia Abbas,"Abbas, Sadia",,"=""9385932268""","=""9789385932267""",0,Zubaan Books,Hardcover,320,2018,,,2021/03/07,to-read,to-read (#91),to-read,,,,0,0,,,,,
375802,"Ender’s Game (Ender's Saga, #1)",Orson Scott Card,"Card, Orson Scott",,"=""0812550706""","=""9780812550702""",0,Tor,Mass Market Paperback,324,2004,1985,,2021/03/06,to-read,to-read (#90),to-read,,,,0,0,,,,,
8852,Macbeth,William Shakespeare,"Shakespeare, William","Barbara A. Mowat, Paul Werstine","=""0743477103""","=""9780743477109""",0,Simon & Schuster,Mass Market Paperback,249,2013,1623,,2021/03/06,to-read,to-read (#89),to-read,,,,0,0,,,,,
1953,A Tale of Two Cities,Charles Dickens,"Dickens, Charles",,"=""0141439602""","=""9780141439600""",0,Penguin Books,Paperback,489,2003,1859,,2021/03/06,to-read,to-read (#88),to-read,,,,0,0,,,,,
39999,The Boy in the Striped Pajamas,John Boyne,"Boyne, John",,"=""0385751079""","=""9780385751070""",0,David Fickling Books,Hardcover,224,2006,2006,,2021/02/12,to-read,to-read (#43),to-read,,,,0,0,,,,,
514811,The Secret Magdalene,Ki Longfellow,"Longfellow, Ki",,"=""0307346668""","=""9780307346667""",0,Crown,Hardcover,448,2007,2005,,2021/03/06,to-read,to-read (#87),to-read,,,,0,0,,,,,
6801755,Flow Down Like Silver,Ki Longfellow,"Longfellow, Ki",,"=""0975925598""","=""9780975925591""",0,Eio Books,Paperback,301,2009,2009,,2021/03/06,to-read,to-read (#86),to-read,,,,0,0,,,,,
41949311,Someone Who Will Love You in All Your Damaged Glory,Raphael Bob-Waksberg,"Bob-Waksberg, Raphael",,"=""""","=""""",0,Knopf,ebook,256,2019,2019,,2021/03/06,to-read,to-read (#85),to-read,,,,0,0,,,,,
32708664,Beren and Lúthien,J.R.R. Tolkien,"Tolkien, J.R.R.","Christopher Tolkien, Alan  Lee","=""0008214190""","=""9780008214197""",0,HarperCollins,Hardcover,288,2017,2017,,2021/03/05,to-read,to-read (#84),to-read,,,,0,0,,,,,
1850100,"Fall of Kings (Troy, #3)",David Gemmell,"Gemmell, David",Stella Gemmell,"=""0552151130""","=""9780552151139""",0,Corgi,Mass Market Paperback,666,2008,2007,,2021/03/05,to-read,to-read (#83),to-read,,,,0,0,,,,,
526070,"Shield of Thunder (Troy, #2)",David Gemmell,"Gemmell, David",,"=""0552151122""","=""9780552151122""",0,Corgi,Mass Market Paperback,640,2007,2006,,2021/03/05,to-read,to-read (#82),to-read,,,,0,0,,,,,
826562,"Lord of the Silver Bow (Troy, #1)",David Gemmell,"Gemmell, David",,"=""0552151114""","=""9780552151115""",0,Corgi,Mass Market Paperback,624,2006,2005,,2021/03/05,to-read,to-read (#81),to-read,,,,0,0,,,,,
1376,The Iliad,Homer,"Homer, Homer","E.V. Rieu, Peter V. Jones, D.C.H. Rieu","=""0140447946""","=""9780140447941""",0,London: Penguin,Paperback,462,2003,-750,,2021/03/05,to-read,to-read (#80),to-read,,,,0,0,,,,,
722419,"Hyperspace: A Scientific Odyssey Through Parallel Universes, Time Warps, and the 10th Dimension",Michio Kaku,"Kaku, Michio",Robert O'Keefe,"=""0385477058""","=""9780385477055""",0,Knopf Doubleday Publishing Group,Paperback,384,1995,1994,,2021/03/05,to-read,to-read (#79),to-read,,,,0,0,,,,,
48915408,The Wolf and the Woodsman,Ava Reid,"Reid, Ava",,"=""1529100739""","=""9781529100730""",0,Del Rey,Hardcover,448,2021,2021,,2021/03/05,to-read,to-read (#78),to-read,,,,0,0,,,,,
52339313,"Cemetery Boys (Cemetery Boys, #1)",Aiden Thomas,"Thomas, Aiden",,"=""1250250463""","=""9781250250469""",0,Swoon Reads,Hardcover,344,2020,2020,,2021/03/05,to-read,to-read (#77),to-read,,,,0,0,,,,,
11347493,The Principles of Communism,Friedrich Engels,"Engels, Friedrich",,"=""""","=""""",0,Eduard Bernstein in the German Social Democratic Party’s Vorwärts!,ebook,25,1914,1847,,2021/03/04,to-read,to-read (#76),to-read,,,,0,0,,,,,
21031,When Nietzsche Wept,Irvin D. Yalom,"Yalom, Irvin D.",,"=""0060748125""","=""9780060748128""",0,Harper Perennial,Paperback,310,2003,1992,,2021/03/04,to-read,to-read (#75),to-read,,,,0,0,,,,,
1246118,The Black Cloud,Fred Hoyle,"Hoyle, Fred",,"=""0899683444""","=""9780899683447""",0,Lightyear Pr,Hardcover,200,1998,1957,,2021/03/04,to-read,to-read (#74),to-read,,,,0,0,,,,,
48717744,"The Tower of Nero (The Trials of Apollo, #5)",Rick Riordan,"Riordan, Rick",,"=""1484746457""","=""9781484746455""",5.0,Disney-Hyperion Books,Hardcover,416,2020,2020,2021/03/04,2021/03/01,,,read,"You are best, Rick Riordan.<br/>With love and tears!",,,1,0,"2021-03-03,2021-03-04",Fantasy|2434;Mythology|1229;Rick Riordan|811;Books I Own|683;Young Adult|672;Middle Grade|601;Percy Jackson|504;Fiction|415;Ya|359;Riordanverse|349;Greek Mythology|281;Series|278,92858,4.46,fiction
28006109,"The Tyrant’s Tomb (The Trials of Apollo, #4)",Rick Riordan,"Riordan, Rick",,"=""1368001440""","=""9781368001441""",4.0,Disney Hyperion,ebook,439,2019,2019,2021/03/03,2021/03/03,,,read,"Someone come save me, cause this train ain't stopping! Rick Riordan is THE KING!",,,1,0,"2021-03-03,2021-03-03",Fantasy|2700;Mythology|1341;Rick Riordan|885;Young Adult|743;Books I Own|732;Middle Grade|645;Percy Jackson|531;Fiction|431;Ya|387;Riordanverse|367;Series|310;Greek Mythology|308,100890,4.3,fiction
28006096,"The Burning Maze (The Trials of Apollo, #3)",Rick Riordan,"Riordan, Rick",,"=""1368024122""","=""9781368024129""",5.0,Disney-Hyperion Books,Hardcover,448,2018,2018,2021/03/03,2021/03/02,,,read,"Remember,  what's it like to be human",,,1,0,"2021-03-02,2021-03-03",Fantasy|3197;Mythology|1571;Rick Riordan|1021;Young Adult|928;Books I Own|891;Middle Grade|778;Percy Jackson|556;Fiction|518;Ya|506;Riordanverse|372;Series|368;Greek Mythology|340,121387,4.25,fiction
25402698,The Lectures on Physics Vol. 3: Quantum Mechanics,FEYNMAN,"FEYNMAN, FEYNMAN",,"=""8131792137""","=""9788131792131""",0,Pearson India,Paperback,274,2012,1964,,2021/03/02,to-read,to-read (#72),to-read,,,,0,0,,,,,
40523641,Fire and Blood: A History of the Targaryen Kings from Aegon the Conqueror to Aegon III,George R.R. Martin,"Martin, George R.R.",,"=""0008312737""","=""9780008312732""",0,Harpercollins India,Hardcover,709,2018,2018,,2021/03/02,to-read,to-read (#71),to-read,,,,0,0,,,,,
36482676,The Order of Time,Carlo Rovelli,"Rovelli, Carlo",,"=""0241292522""","=""9780241292525""",0,Allen Lane,Hardcover,224,2018,2017,,2021/03/02,to-read,to-read (#70),to-read,,,,0,0,,,,,
612957,The Myth of Sisyphus,Albert Camus,"Camus, Albert",Justin O'Brien,"=""0141023996""","=""9780141023991""",0,Penguin,Paperback,134,2005,1942,,2021/03/02,to-read,to-read (#69),to-read,,,,0,0,,,,,
24611766,Little Black Classics Box Set (Penguin Little Black Classics),Various,"Various, Various",,"=""0141398876""","=""9780141398877""",0,Penguin Classics,Paperback,5120,2015,2015,,2021/03/02,to-read,to-read (#68),to-read,,,,0,0,,,,,
36262339,"Death's End (Remembrance of Earth’s Past, #3)",Liu Cixin,"Cixin, Liu",,"=""1788543025""","=""9781788543026""",0,Head of Zeus,Paperback,736,2018,2010,,2021/03/02,to-read,to-read (#67),to-read,,,,0,0,,,,,
36262338,"The Dark Forest (Remembrance of Earth’s Past, #2)",Liu Cixin,"Cixin, Liu",,"=""1788543017""","=""9781788543019""",0,Head of Zeus,Paperback,544,2018,2008,,2021/03/02,to-read,to-read (#66),to-read,,,,0,0,,,,,
30145666,"The Dark Prophecy (The Trials of Apollo, #2)",Rick Riordan,"Riordan, Rick",,"=""1484746422""","=""9781484746424""",5.0,Disney-Hyperion Books,Hardcover,432,2017,2017,2021/03/02,2021/03/02,,,read,"I think the gods envy us, why else would they go to ordeal of making us suffer xD",,,1,0,"2021-03-02,2021-03-02",Fantasy|3912;Mythology|1869;Young Adult|1187;Rick Riordan|1167;Books I Own|1082;Middle Grade|880;Ya|644;Percy Jackson|598;Fiction|590;Series|427;Greek Mythology|397;Riordanverse|393,147955,4.09,fiction
26252859,"The Hidden Oracle (The Trials of Apollo, #1)",Rick Riordan,"Riordan, Rick",,"=""148473274X""","=""9781484732748""",4.0,Disney-Hyperion Books,Hardcover,376,2016,2016,2021/03/02,2021/03/01,,,read,A fallen God among mortals? Sign me up anytime xD,,,1,0,"2021-03-01,2021-03-02",Fantasy|6189;Mythology|2764;Young Adult|1920;Books I Own|1591;Rick Riordan|1416;Middle Grade|1409;Ya|1075;Fiction|932;Series|771;Percy Jackson|709,242126,4.12,fiction
30375706,Things We Lost in the Fire,Mariana Enriquez,"Enriquez, Mariana",,"=""045149511X""","=""9780451495112""",0,Hogarth,Hardcover,192,2017,2016,,2021/03/01,to-read,to-read (#65),to-read,,,,0,0,,,,,
1768603,The White Tiger,Aravind Adiga,"Adiga, Aravind",,"=""1416562591""","=""9781416562597""",0,Free Press,Hardcover,288,2008,2008,,2021/03/01,to-read,to-read (#64),to-read,,,,0,0,,,,,
341879,Just Kids,Patti Smith,"Smith, Patti",,"=""""","=""""",0,Ecco,Hardcover,304,2010,2010,,2021/03/01,to-read,to-read (#63),to-read,,,,0,0,,,,,
43263680,"Ninth House (Ninth House Trilogy, #1)",Leigh Bardugo,"Bardugo, Leigh",,"=""1250313074""","=""9781250313072""",0,Flatiron Books,Hardcover,461,2019,2019,,2021/03/01,to-read,to-read (#62),to-read,,,,0,0,,,,,
52576333,The Prophets,Robert Jones Jr.,"Jr., Robert Jones",,"=""""","=""""",0,G.P. Putnam's Sons,Hardcover,400,2021,2021,,2021/03/01,to-read,to-read (#61),to-read,,,,0,0,,,,,
56254881,My Spirit Burns Through This Body,Akwaeke Emezi,"Emezi, Akwaeke",,"=""""","=""""",0,The Paris Review,Unknown Binding,,2020,2020,,2021/03/01,to-read,to-read (#60),to-read,,,,0,0,,,,,
186074,"The Name of the Wind (The Kingkiller Chronicle, #1)",Patrick Rothfuss,"Rothfuss, Patrick",,"=""075640407X""","=""9780756404079""",0,Penguin Group DAW,Hardcover,662,2007,2007,,2021/02/28,to-read,to-read (#59),to-read,,,,0,0,,,,,
139569,Stone Butch Blues,Leslie Feinberg,"Feinberg, Leslie",,"=""1555838537""","=""9781555838539""",0,Alyson Pubns,Hardcover,308,2003,1993,,2021/02/27,to-read,to-read (#58),to-read,,,,0,0,,,,,
283849,The Art of the Tale: An International Anthology of Short Stories,Daniel Halpern,"Halpern, Daniel",Various,"=""0140079491""","=""9780140079494""",0,Penguin Books,Paperback,832,1987,1986,,2021/02/27,to-read,to-read (#57),to-read,,,,0,0,,,,,
51582376,The Secret Lives of Church Ladies,Deesha Philyaw,"Philyaw, Deesha",,"=""1949199738""","=""9781949199734""",0,West Virginia University Press,Paperback,179,2020,2020,,2021/02/25,to-read,to-read (#56),to-read,,,,0,0,,,,,
31799,The Problems of Philosophy,Bertrand Russell,"Russell, Bertrand",,"=""1421903679""","=""9781421903675""",0,Indypublish.Com,Paperback,116,2005,1912,,2021/02/25,to-read,to-read (#55),to-read,,,,0,0,,,,,
8148,Lectures on Literature,Vladimir Nabokov,"Nabokov, Vladimir","John Updike, Fredson Bowers","=""0156027755""","=""9780156027755""",0,Mariner Books,Paperback,385,2002,1980,,2021/02/24,to-read,to-read (#54),to-read,,,,0,0,,,,,
20518872,"The Three-Body Problem (Remembrance of Earth’s Past, #1)",Liu Cixin,"Cixin, Liu",Ken Liu,"=""""","=""""",4.0,Tor Books,Hardcover,472,2014,2006,2021/02/23,2021/02/04,,,read,3.5 to be honest.,,,1,0,"2021-02-04,2021-02-23",Sci Fi|13045;Science Fiction|10878;Fiction|7050;Scifi|2903,538745,4.08,fiction
50489321,The Dead Are Arising: The Life of Malcolm X,Les Payne,"Payne, Les",Tamara Payne,"=""1631491660""","=""9781631491665""",0,"Liveright Publishing Corporation/W.W. Norton & Company, Inc.",Hardcover,612,2020,2020,,2021/02/23,to-read,to-read (#53),to-read,,,,0,0,,,,,
294399,In Memoriam,Alfred Tennyson,"Tennyson, Alfred",Erik Gray,"=""0393979261""","=""9780393979268""",0,W. W. Norton & Company,Paperback,280,2003,1850,,2021/02/23,to-read,to-read (#52),to-read,,,,0,0,,,,,
4657432,"In Other Rooms, Other Wonders",Daniyal Mueenuddin,"Mueenuddin, Daniyal",,"=""0393068005""","=""9780393068009""",0,W. W. Norton,Hardcover,247,2009,2009,,2021/02/22,to-read,to-read (#51),to-read,,,,0,0,,,,,
4934,The Brothers Karamazov,Fyodor Dostoevsky,"Dostoevsky, Fyodor","Richard Pevear, Larissa Volokhonsky","=""0374528373""","=""9780374528379""",0,"Farrar, Straus and Giroux",Paperback,796,2002,1879,,2021/02/22,to-read,to-read (#50),to-read,,,,0,0,,,,,
40090596,Art Matters: Because Your Imagination Can Change the World,Neil Gaiman,"Gaiman, Neil",Chris Riddell,"=""1472260090""","=""9781472260093""",5.0,Headline,Kindle Edition,95,2018,2018,2021/02/22,2021/02/20,,,read,Gaiman 🖤🖤🖤🖤,,,1,0,"2021-02-21,2021-02-22",Non Fiction|936;Art|503;Nonfiction|406;Writing|195;Essays|126;Creativity|101;Audiobooks|98,20923,4.27,nonfiction
37793,A Doll's House,Henrik Ibsen,"Ibsen, Henrik",,"=""1406914835""","=""9781406914832""",0,Hard Press,Paperback,122,2007,1879,,2021/02/22,to-read,to-read (#49),to-read,,,,0,0,,,,,
32261,Tess of the D’Urbervilles,Thomas Hardy,"Hardy, Thomas","Margaret R. Higonnet, Tim Dolin","=""""","=""""",0,Penguin Classics,Paperback,518,2003,1891,,2021/02/21,to-read,to-read (#48),to-read,,,,0,0,,,,,
18521,A Room of One’s Own,Virginia Woolf,"Woolf, Virginia",,"=""""","=""""",0,Penguin Books,Paperback,112,2000,1929,,2021/02/20,to-read,to-read (#47),to-read,,,,0,0,,,,,
51737,The Truth About Forever,Sarah Dessen,"Dessen, Sarah",,"=""0142406252""","=""9780142406250""",0,Penguin Group Inc.,Paperback,374,2004,2004,,2021/02/19,to-read,to-read (#46),to-read,,,,0,0,,,,,
2165,The Old Man and the Sea,Ernest Hemingway,"Hemingway, Ernest",,"=""0684830493""","=""9780684830490""",0,Scribner,Hardcover,96,1996,1952,,2021/02/17,to-read,to-read (#45),to-read,,,,0,0,,,,,
38085814,The Salt Path,Raynor Winn,"Winn, Raynor",,"=""0241349648""","=""9780241349649""",0,Michael Joseph,Hardcover,288,2018,2018,,2021/02/17,to-read,to-read (#44),to-read,,,,0,0,,,,,
287426,Alexander the Great,Robin Lane Fox,"Fox, Robin Lane",,"=""0141020768""","=""9780141020761""",0,Fisicalbook,Paperback,576,2016,1962,,2021/02/12,to-read,to-read (#42),to-read,,,,0,0,,,,,
40940205,Tribe: On Homecoming and Belonging,Sebastian Junger,"Junger, Sebastian",,"=""""","=""""",0,Twelve,Kindle Edition,182,2016,2016,,2021/02/04,to-read,to-read (#41),to-read,,,,0,0,,,,,
19063,The Book Thief,Markus Zusak,"Zusak, Markus",,"=""""","=""""",5.0,Alfred A. Knopf,Kindle Edition,592,2006,2005,2021/02/04,2021/01/25,,,read,"The only story I will be able to tell from now on, will be this one. Yesterday, I might have had thousands but today, only this remains.",,,1,0,"2021-02-01,2021-02-04",Historical Fiction|27643;Fiction|18588;Young Adult|11684;Books I Own|7943;Classics|7327;Historical|6070;Ya|5395;Book Club|5141;War|2800,2981960,4.39,fiction
27494,Leaves of Grass,Walt Whitman,"Whitman, Walt",,"=""""","=""""",0,Simon  Schuster,Paperback,624,2006,1855,,2021/02/03,to-read,to-read (#40),to-read,,,,0,0,,,,,
30257963,12 Rules for Life: An Antidote to Chaos,Jordan B. Peterson,"Peterson, Jordan B.",,"=""0345816021""","=""9780345816023""",0,Random House Canada,Hardcover,409,2018,2018,,2021/01/27,to-read,to-read (#39),to-read,,,,0,0,,,,,
37707826,I Am Dynamite! A Life of Nietzsche,Sue Prideaux,"Prideaux, Sue",,"=""152476082X""","=""9781524760823""",0,Tim Duggan Books,Hardcover,464,2018,2018,,2021/01/27,to-read,to-read (#38),to-read,,,,0,0,,,,,
16842,A Single Man,Christopher Isherwood,"Isherwood, Christopher",,"=""0816638624""","=""9780816638628""",0,Univ Of Minnesota Press,Paperback,186,2001,1964,,2021/01/27,to-read,to-read (#37),to-read,,,,0,0,,,,,
11623,The Unabridged Journals of Sylvia Plath,Sylvia Plath,"Plath, Sylvia",Karen V. Kukil,"=""0385720254""","=""9780385720250""",0,Vintage,Paperback,732,2000,2000,,2021/01/25,to-read,to-read (#36),to-read,,,,0,0,,,,,
35167727,How to Be Safe,Tom McAllister,"McAllister, Tom",,"=""1631494139""","=""9781631494130""",0,Liveright,Hardcover,240,2018,2018,,2021/01/25,to-read,to-read (#35),to-read,,,,0,0,,,,,
1420,Hamlet,William Shakespeare,"Shakespeare, William","Harold Bloom, Rex Gibson, Israel Gollancz, Henry Norman Hudson, L.A. Sherman, Max J. Herzberg","=""0521618746""","=""9780521618748""",0,Cambridge University Press,Paperback,289,2005,1601,,2021/01/25,to-read,to-read (#34),to-read,,,,0,0,,,,,
13752,The Master of Go (Vintage International),Yasunari Kawabata,"Kawabata, Yasunari",Edward G. Seidensticker,"=""0679761063""","=""9780679761068""",0,Vintage,Paperback,189,1996,1951,,2021/01/24,to-read,to-read (#33),to-read,,,,0,0,,,,,
42121525,Migrations,Charlotte McConaghy,"McConaghy, Charlotte",,"=""125020402X""","=""9781250204028""",0,Flatiron Books,Hardcover,259,2020,2020,,2021/01/24,to-read,to-read (#32),to-read,,,,0,0,,,,,
52892857,The Color Purple,Alice Walker,"Walker, Alice",,"=""0143135694""","=""9780143135692""",5.0,Penguin Books,Paperback,287,2019,1982,2021/01/24,2021/01/22,,,read,This book made me realise why I picked reading in first place.,,,1,0,"2021-01-23,2021-01-24",Classics|11424;Fiction|9439;Historical Fiction|5153;Feminism|1986;Books I Own|1732;Classic|1624;Lgbtq|1425;Historical|1260;Queer|1193;Lgbt|1192,773813,4.28,fiction
15997,Paradise Lost,John Milton,"Milton, John",,"=""0140424393""","=""9780140424393""",0,Penguin Classics,Paperback,453,2003,1667,,2021/01/23,to-read,to-read (#30),to-read,,,,0,0,,,,,
338798,Ulysses,James Joyce,"Joyce, James","Morris L. Ernst, John M. Woolsey","=""""","=""""",0,Vintage,Paperback,783,1990,1922,,2021/01/23,to-read,to-read (#29),to-read,,,,0,0,,,,,
6656,The Divine Comedy: Inferno - Purgatorio - Paradiso,Dante Alighieri,"Alighieri, Dante","Allen Mandelbaum, Eugenio Montale, Peter Armour, Sandro Botticelli","=""0679433139""","=""9780679433132""",0,Everyman's Library,Hardcover,798,1995,1304,,2021/01/23,to-read,to-read (#28),to-read,,,,0,0,,,,,
22034,"The Godfather (The Godfather, #1)",Mario Puzo,"Puzo, Mario","Robert Thompson, Peter Bart","=""""","=""""",0,NAL,Paperback,428,2002,1969,,2021/01/23,to-read,to-read (#27),to-read,,,,0,0,,,,,
3836,Don Quixote,Miguel de Cervantes Saavedra,"Saavedra, Miguel de Cervantes","Roberto González Echevarría, John Rutherford","=""""","=""""",0,Penguin Books,Paperback,1023,2003,1605,,2021/01/23,to-read,to-read (#26),to-read,,,,0,0,,,,,
2429135,"The Girl With the Dragon Tattoo (Millennium, #1)",Stieg Larsson,"Larsson, Stieg",Reg Keeland,"=""0670069019""","=""9780670069019""",0,Viking Canada,Hardcover,480,2008,2005,,2021/01/23,to-read,to-read (#25),to-read,,,,0,0,,,,,
39988,Matilda,Roald Dahl,"Dahl, Roald",Quentin Blake,"=""043512398X""","=""9780435123987""",0,New Windmills,Hardcover,240,1992,1988,,2021/01/23,to-read,to-read (#24),to-read,,,,0,0,,,,,
2623,Great Expectations,Charles Dickens,"Dickens, Charles","Kate Flint, Margaret Cardwell","=""0192833596""","=""9780192833594""",0,Oxford University Press,Paperback,544,1998,1861,,2021/01/23,to-read,to-read (#23),to-read,,,,0,0,,,,,
44767458,"Dune (Dune, #1)",Frank Herbert,"Herbert, Frank",,"=""059309932X""","=""9780593099322""",0,Ace,Hardcover,658,2019,1965,,2021/01/23,to-read,to-read (#22),to-read,,,,0,0,,,,,
35031085,Frankenstein,Mary Wollstonecraft Shelley,"Shelley, Mary Wollstonecraft",Charlotte  Gordon,"=""0143131842""","=""9780143131847""",0,Penguin Classics,Paperback,260,2018,1818,,2021/01/23,to-read,to-read (#21),to-read,,,,0,0,,,,,
1381,The Odyssey,Homer,"Homer, Homer","Robert Fagles, Bernard Knox","=""0143039954""","=""9780143039952""",0,Penguin Classics ,Paperback,541,2006,-800,,2021/01/23,to-read,to-read (#20),to-read,,,,0,0,,,,,
2956,"The Adventures of Huckleberry Finn (Adventures of Tom and Huck, #2)",Mark Twain,"Twain, Mark","Guy Cardwell, E.W. Kemble, John Seelye, Walter Trier, Tom Wilson, William Little Hughes","=""0142437174""","=""9780142437179""",0,Penguin Classics,Paperback,327,2002,1885,,2021/01/23,to-read,to-read (#19),to-read,,,,0,0,,,,,
17245,Dracula,Bram Stoker,"Stoker, Bram","Rubén Toledo, Nina Auerbach, David J. Skal","=""0393970124""","=""9780393970128""",0,Norton,Paperback,488,1986,1897,,2021/01/23,to-read,to-read (#18),to-read,,,,0,0,,,,,
18619684,The Time Traveler's Wife,Audrey Niffenegger,"Niffenegger, Audrey",,"=""1939126010""","=""9781939126016""",0,Zola Books,ebook,537,2013,2003,,2021/01/23,to-read,to-read (#17),to-read,,,,0,0,,,,,
18135,Romeo and Juliet,William Shakespeare,"Shakespeare, William",,"=""0743477111""","=""9780743477116""",0,Washington Square Press,Mass Market Paperback,281,2002,1590,,2021/01/23,to-read,to-read (#16),to-read,,,,0,0,,,,,
7624,Lord of the Flies,William Golding,"Golding, William",,"=""0140283331""","=""9780140283334""",0,Penguin Books ,Paperback,182,1999,1954,,2021/01/23,to-read,to-read (#15),to-read,,,,0,0,,,,,
24280,Les Misérables,Victor Hugo,"Hugo, Victor","Norman MacAfee, Charles E. Wilbour, Lee Fahnestock, Isabel Florence Hapgood","=""0451525264""","=""9780451525260""",0,Signet Classics,Mass Market Paperback,1488,1987,1862,,2021/01/23,to-read,to-read (#14),to-read,,,,0,0,,,,,
10210,Jane Eyre,Charlotte Brontë,"Brontë, Charlotte",Michael Mason,"=""0142437204""","=""9780142437209""",0,Penguin,Paperback,532,2003,1847,,2021/01/23,to-read,to-read (#13),to-read,,,,0,0,,,,,
1885,Pride and Prejudice,Jane Austen,"Austen, Jane",Anna Quindlen,"=""1441341706""","=""9781441341709""",0,Modern Library,Paperback,279,2023,1813,,2021/01/23,to-read,to-read (#12),to-read,,,,0,0,,,,,
321552,The Agony and the Ecstasy,Irving Stone,"Stone, Irving",,"=""0451171357""","=""9780451171351""",0,Berkley,Mass Market Paperback,776,1961,1961,,2021/01/23,to-read,to-read (#11),to-read,,,,0,0,,,,,
767171,The Rise and Fall of the Third Reich: A History of Nazi Germany,William L. Shirer,"Shirer, William L.",,"=""0671728687""","=""9780671728687""",0,Simon & Schuster,Mass Market Paperback,1147,1990,1960,,2021/01/23,to-read,to-read (#10),to-read,,,,0,0,,,,,
4631,A Moveable Feast,Ernest Hemingway,"Hemingway, Ernest",James Naughton,"=""""","=""""",0,Vintage,Paperback,192,2012,1964,,2021/01/23,to-read,to-read (#9),to-read,,,,0,0,,,,,
23522,Mythology,Edith Hamilton,"Hamilton, Edith",Steele Savage,"=""0316341517""","=""9780316341516""",0,"Little, Brown and Company",Paperback,497,1998,1942,,2021/01/23,to-read,to-read (#8),to-read,,,,0,0,,,,,
11987,"The Myth of Sisyphus, and Other Essays",Albert Camus,"Camus, Albert",Justin O'Brien,"=""""","=""""",0,Vintage International,Paperback,212,1991,1942,,2021/01/23,to-read,to-read (#7),to-read,,,,0,0,,,,,
35519,The Power of Myth,Joseph Campbell,"Campbell, Joseph",Bill Moyers,"=""0385418868""","=""9780385418867""",0,Anchor,Paperback,320,1988,1988,,2021/01/23,to-read,to-read (#6),to-read,,,,0,0,,,,,
12781,The Satanic Verses,Salman Rushdie,"Rushdie, Salman",,"=""0312270828""","=""9780312270827""",0,Picador,Paperback,561,1997,1988,,2021/01/23,to-read,to-read (#5),to-read,,,,0,0,,,,,
480204,The Phantom of the Opera,Gaston Leroux,"Leroux, Gaston",,"=""0060809248""","=""9780060809249""",0,Harper Perennial,Mass Market Paperback,360,1987,1910,,2021/01/23,to-read,to-read (#4),to-read,,,,0,0,,,,,
5954,Narcissus and Goldmund,Hermann Hesse,"Hesse, Hermann",Ursule Molinaro,"=""0374506841""","=""9780374506841""",0,"The Noonday Press / Farrar, Straus Giroux",Paperback,315,1997,1930,,2021/01/23,to-read,to-read (#3),to-read,,,,0,0,,,,,
375013,Schindler’s List,Thomas Keneally,"Keneally, Thomas",,"=""0340606517""","=""9780340606513""",0,Sceptre,Mass Market Paperback,429,1994,1982,,2021/01/23,to-read,to-read (#2),to-read,,,,0,0,,,,,
29579,"Foundation (Foundation, #1)",Isaac Asimov,"Asimov, Isaac",,"=""0553803719""","=""9780553803716""",0,Bantam,Hardcover,244,2004,1951,,2021/01/23,to-read,to-read (#1),to-read,,,,0,0,,,,,
4981,Slaughterhouse-Five,Kurt Vonnegut Jr.,"Jr., Kurt Vonnegut",,"=""""","=""""",5.0,Dial Press,Paperback,275,1999,1969,2021/01/23,2021/01/23,,,read,,,,1,0,"2021-01-23,2021-01-23",Classics|20153;Fiction|16831;Science Fiction|6820;Sci Fi|5838;Historical Fiction|3020;Classic|2906;War|2610;Books I Own|2255,1529372,4.1,fiction
40190305,Like a Love Story,Abdi Nazemian,"Nazemian, Abdi",,"=""""","=""""",5.0,Balzer + Bray,Unknown Binding,432,2019,2019,2021/01/22,2021/01/22,,,read,,,,1,0,"2021-01-22,2021-01-22",Young Adult|749;Lgbtq|724;Historical Fiction|596;Ya|542;Lgbt|503;Romance|463;Queer|381;Lgbtqia|306;Fiction|290;Contemporary|235;Historical|213;Audiobooks|152;2019 Releases|98;Books I Own|88;Gay|83,16293,4.26,fiction
26312997,Peak: Secrets from the New Science of Expertise,K. Anders Ericsson,"Ericsson, K. Anders",Robert Pool,"=""0544456254""","=""9780544456259""",4.0,HarperOne,ebook,336,2016,2016,2020/10/31,2020/10/31,,,read,,,,1,0,"2020-10-31,2020-10-31",Psychology|695;Non Fiction|627;Self Help|487;Nonfiction|286;Science|266;Self Improvement|254;Learning|211;Productivity|196;Personal Development|189;Business|180;Self Development|117;Education|81;Audible|74,19576,4.2,nonfiction
